current_temperature,thermostat_status
0.05907841214741261,1.0
0.2479311322371296,1.0
0.535500522311045,1.0
0.3334237760334977,1.0
0.3481229643233519,1.0
0.37203715620984434,1.0
0.2318397560683687,1.0
0.4111761011556889,1.0
0.1226658870506312,1.0
0.3447234540910511,1.0
0.29305721013511654,1.0
0.2724955037855792,1.0
0.7494618747540076,1.0
0.6988879578396467,1.0
0.159530472157142,1.0
0.16632292114890523,1.0
0.48012006169909727,1.0
0.3564980208487474,1.0
0.14944813818495062,1.0
0.4011552553214224,1.0
0.1735144353084923,1.0
0.16990006922614986,1.0
0.3176896963150333,1.0
0.5109411346380228,1.0
0.8384759536628872,1.0
0.46080606586177764,1.0
0.0,0.0
0.6050810824062283,1.0
0.0,0.0
0.3441582604092335,1.0
0.25302053237331146,1.0
0.07708598637958852,1.0
0.2691905331284259,1.0
0.5618806381222448,1.0
0.559024327295337,1.0
0.8550590108507237,1.0
0.34369418777916705,1.0
0.7111179899885145,1.0
0.0,0.0
0.6953727670768783,1.0
0.332145172896416,1.0
0.34701141004658886,1.0
0.12457106796830564,1.0
0.5989615976502343,1.0
0.30410044769436695,1.0
0.2678403380513683,1.0
0.17274320409495791,1.0
0.07976594484527944,1.0
0.0,0.0
0.24684091598984592,1.0
0.1267363937782422,1.0
0.07010770946096212,1.0
0.18441988201718296,1.0
0.0944709373192425,1.0
0.6742706583744753,1.0
0.46543592607354567,1.0
0.6505852665852307,1.0
0.8766120392337511,0.0
0.5044400602902472,1.0
0.8446428792708263,1.0
0.28895007562450736,1.0
0.6571741169630387,1.0
0.5837839673231198,1.0
0.3114935737202975,1.0
0.37866728612110023,1.0
0.2626427161914604,1.0
0.1758150330211108,1.0
0.08148747465522543,1.0
0.6618657784305575,1.0
0.3382086015585579,1.0
0.26286087528450874,1.0
0.18272091369710308,1.0
0.5378470463056777,1.0
0.0,0.0
0.3508818554913393,1.0
0.1897313787280841,1.0
0.09695255614992648,1.0
0.0,0.0
0.7537707001606999,1.0
0.5398981561362559,1.0
0.13583432632116033,1.0
0.3310244291616691,1.0
0.9538206057401193,0.0
0.3799157119024734,1.0
0.6947812925055885,1.0
0.17514055821691654,1.0
0.16921774946990764,1.0
0.09211498977853871,1.0
0.28855077236709104,1.0
0.4835374316519929,1.0
0.5014333418651105,1.0
0.16045302631334835,1.0
0.13973257122682003,1.0
0.0,0.0
0.0,0.0
0.5028096177563519,1.0
0.23167983188906005,1.0
0.1873334283817667,1.0
0.23195927304248665,1.0
0.8602928933554765,1.0
0.42885613313404214,1.0
0.22107924389839972,1.0
0.1989210037747995,1.0
0.698664478744687,1.0
0.3403611435579599,1.0
0.1993302787845761,1.0
0.25389746736307117,1.0
0.4883287776306937,1.0
0.5015660177909287,1.0
0.18246404903918956,1.0
0.4172539782547635,1.0
0.6532493200658913,1.0
0.09664374294382627,1.0
0.3424195621388133,1.0
0.6974876889198529,1.0
0.7476681637823632,0.0
0.29676657596576916,1.0
0.47126309183019277,1.0
0.0,0.0
0.5805671108232358,1.0
0.454732018203718,1.0
0.1930396816391613,1.0
0.5609586361738335,1.0
0.466826084188654,1.0
0.5572559138431235,1.0
0.3641703959558278,1.0
0.4249522991252084,1.0
0.2521044936688632,1.0
0.22702384884729732,1.0
0.34834127247249036,1.0
0.32320141536940206,1.0
0.14031432213910655,1.0
0.722398234733332,1.0
0.09599139346536978,1.0
0.44013971813579467,1.0
0.1900192180417295,1.0
0.7849382834911398,1.0
0.37778916768601123,1.0
0.45650544554265204,1.0
0.2904332397376801,1.0
0.10519982058728683,1.0
0.4726075197370694,1.0
0.5780326601119676,1.0
0.117732260531906,1.0
0.13354331621634907,1.0
0.2552905305713633,1.0
0.436902664035574,1.0
0.7935859185875787,1.0
0.6483275490083642,1.0
0.0,0.0
0.1266042670590899,1.0
0.19133979197237938,1.0
0.3962927635706386,1.0
0.17676523858251336,1.0
0.2769716061384182,1.0
0.12159483901632706,1.0
0.1921964893467445,1.0
0.26927489887517186,1.0
0.14858905091126884,1.0
0.5032308662717471,1.0
0.12217019352165215,1.0
0.7313549201250877,1.0
0.406452020488858,1.0
0.40598650831709326,1.0
0.2559698101836023,1.0
0.6439856491557916,1.0
0.17269186677677606,1.0
0.5530774664975655,1.0
0.47191979194578915,1.0
0.30946586069391335,1.0
0.3507421059037097,1.0
0.834865209943636,1.0
0.4925461026058642,0.0
0.20279341896076142,1.0
0.22331744012940336,1.0
0.1823584142889385,1.0
0.4111517069761832,1.0
0.7492018719152003,1.0
0.6551351046847578,0.0
0.7654305877647452,1.0
0.46713929604996407,0.0
0.21405825890876917,1.0
0.15101576408100792,1.0
0.12819401227862626,1.0
0.9996536136551648,0.0
0.17343428214693768,1.0
0.5428157180118722,1.0
0.66644864195752,1.0
0.30184201384796916,1.0
0.5233395101343237,1.0
0.1232165532657774,1.0
0.3877468527529442,1.0
0.43656685166971654,1.0
0.868322369839448,1.0
0.126731448917496,1.0
0.18188310342993752,1.0
0.22098524952841236,1.0
0.3991275823100957,0.0
0.4023644313331465,1.0
0.3218690680084224,1.0
0.4287359749186259,1.0
0.5393874689651841,1.0
0.19031954405410811,1.0
0.3616632985375765,1.0
0.14573983475407815,1.0
0.0,0.0
0.17696843304438614,1.0
0.22190554683536856,1.0
0.21661913856522297,1.0
0.1790629312019485,0.0
0.4856214998847852,1.0
0.1708993832670238,1.0
0.7868784115593912,1.0
0.5521090030657447,1.0
0.2561834245664807,1.0
0.4384382348693432,1.0
0.8270692893465115,1.0
0.26320684747349743,1.0
0.2624000748857793,1.0
0.23770321248115334,1.0
0.5209200937103433,1.0
0.3317502843002318,1.0
0.6724840390714184,1.0
0.5401386976517877,1.0
0.15422927332132153,1.0
0.5109578379234527,1.0
0.5711252778709373,1.0
0.1097811805484592,1.0
0.25405533776954714,1.0
0.5408999521110793,1.0
0.054603662303521094,1.0
0.1413573026116155,1.0
0.45243523392609086,1.0
0.3503437029850893,1.0
0.12675801091274863,1.0
0.2530200922076773,1.0
0.2703087399085189,1.0
0.08985414402454239,1.0
0.27752122996131323,1.0
0.5192173669759756,1.0
0.39342429016696556,1.0
0.5338706229815573,1.0
0.3839791489697779,1.0
0.18354489175922417,1.0
0.5669790286414984,0.0
0.23166122188613425,1.0
0.5189698528366526,1.0
0.5704099687008122,1.0
0.152595281451815,1.0
0.23945898217553374,1.0
0.2651255794904368,1.0
0.3745199944994102,1.0
0.3777338568726072,1.0
0.0745268653849176,0.0
0.11115270965348989,1.0
0.33657730470318237,1.0
0.4323294391356174,1.0
0.8722217601761328,1.0
0.3780931940908432,1.0
0.18026386311142506,1.0
0.2886453399527791,1.0
0.6330680798853927,0.0
0.9088571240269143,1.0
0.09357260627816988,1.0
0.3418604607495195,1.0
0.18861023684351386,1.0
0.3834767279092355,1.0
0.5454420703056138,1.0
0.7049151248565679,1.0
0.11811318087184874,1.0
0.1949781340768748,1.0
0.19406369697510772,1.0
0.13210129158392192,1.0
0.686088098265289,1.0
0.0,0.0
0.0,0.0
0.6677727502181341,1.0
0.734392155033547,1.0
0.38587297061296866,1.0
0.42854604744910896,1.0
0.25078460299532246,1.0
0.29810163334652673,1.0
0.29611499777754835,1.0
0.1736022593565938,1.0
0.6969145332419444,1.0
0.30538900457703333,1.0
0.3235593350542212,1.0
0.5550319059511777,1.0
0.12407682398478848,1.0
0.945709105390649,0.0
0.20005467337353577,1.0
0.3785010895815084,1.0
0.7783045022058754,1.0
0.105517272043953,1.0
0.2849902225357499,0.0
0.22711067552008757,1.0
0.45787709969473767,1.0
0.7149497658819515,1.0
0.47671261648086904,1.0
0.3155619026283971,1.0
0.18806962741272581,1.0
0.7379085072333633,0.0
0.775587974979397,0.0
0.14790111404131245,1.0
0.21329308797571223,0.0
0.4684570649250741,1.0
0.13298069050085504,1.0
0.4122104603840322,1.0
0.2815312519285693,1.0
0.32043551256294167,1.0
0.0737152809865198,1.0
0.3467836323340636,1.0
0.6874450598885908,1.0
0.18199647909308636,1.0
0.8699469491670242,1.0
0.24430012289194414,1.0
0.6426772788173416,1.0
0.0,0.0
0.7664644548078798,1.0
0.08197962485085197,1.0
0.09418143938145773,1.0
0.5275690617103526,1.0
0.3480875009785307,1.0
0.20832424320439324,1.0
0.3509306768627729,1.0
0.15284884186634562,1.0
0.6753451567071238,1.0
0.47348215786252146,1.0
0.0,0.0
0.40369207692485487,1.0
0.4178934999061208,1.0
0.39319430762476504,1.0
0.659768203115064,1.0
0.0,0.0
0.1829581789797916,1.0
0.49509448055793914,1.0
0.0,0.0
0.0,0.0
0.0,0.0
0.3199322581888242,1.0
0.38633763346513517,1.0
0.7549760877468428,1.0
0.0,0.0
0.4304581599751405,1.0
0.8699535126368514,1.0
0.15755044807606078,1.0
0.5634005050466482,1.0
0.1922703301329589,1.0
0.765622022801558,1.0
0.20240151048599442,1.0
0.0778666671489816,0.0
0.20060488441740132,1.0
0.0,0.0
0.25419616676335677,1.0
0.729907444441436,1.0
0.3615461324480944,1.0
0.4090352995741946,1.0
0.14140747149011412,1.0
0.1192887572400605,1.0
0.19315414971338285,1.0
0.3246786212404942,1.0
0.5828283987436187,1.0
0.251354235347407,1.0
0.08101347428936156,1.0
0.45881675528619725,1.0
0.4497970761899732,1.0
0.3689006739547085,1.0
0.0,0.0
0.9218540827694919,1.0
0.11263425415720496,1.0
0.0,0.0
0.12494146334771594,1.0
0.9635211200339473,1.0
0.36022046660136153,1.0
0.23728581541505456,1.0
0.46559158964959346,1.0
0.0,0.0
0.6097960516444378,1.0
0.5070046883572243,1.0
0.46574011253860803,0.0
0.5366160510834068,1.0
0.18634968920169692,1.0
0.6708850313664181,1.0
0.6724753828140777,1.0
0.0,0.0
0.3644379736450447,1.0
0.5739466705581844,1.0
0.45310372948029976,1.0
0.23627934268037132,1.0
0.5589867731637548,1.0
0.0,0.0
0.3019776008692294,1.0
0.3826997825454721,0.0
0.24890257579036712,1.0
0.34670495772888854,1.0
0.19495396998395131,1.0
0.8120704763081643,1.0
0.2186437914400754,1.0
0.32526934853058265,1.0
0.12585733799042842,1.0
0.16532930725299,1.0
0.40776495954651226,1.0
0.5288159389089953,1.0
0.557243248077008,1.0
0.5082168124783188,1.0
0.10453953812365624,1.0
0.3427009480240404,1.0
0.27414729435271745,1.0
0.5553649342694005,1.0
0.35201817808839664,1.0
0.26412622843563405,1.0
0.3822416561529689,1.0
0.2371287333052141,1.0
0.5480167961723827,1.0
0.4701836826495973,1.0
0.3598306999325538,1.0
0.6869812113428471,1.0
0.4730868511089854,1.0
0.8178630080320595,1.0
0.3232341406839052,1.0
0.6309027410705621,1.0
0.22383592723558277,1.0
0.6935826734664428,1.0
0.0,0.0
0.5005697418933046,1.0
0.7307339684615979,1.0
0.12301510746192257,1.0
0.9336964500404532,1.0
0.12776821305080288,1.0
0.3946334441704078,1.0
0.0,0.0
0.4474281997841505,1.0
0.44049346425010416,0.0
0.46671449019594613,1.0
0.625042757964779,0.0
0.4469609709664133,1.0
0.5723707615451987,1.0
0.16652626966875017,1.0
0.1329819749842045,1.0
0.10117182985840412,1.0
0.32732343348069515,1.0
0.5965185843467711,1.0
0.5753051257435122,1.0
0.18375408247748215,1.0
0.2722966859706344,1.0
0.8845670286883287,1.0
0.32518241181638396,1.0
0.0,0.0
0.12322221339567863,1.0
0.669247980345756,1.0
0.6874003620688458,1.0
0.0860300230116291,1.0
0.1450532824051156,1.0
0.06340226620937228,1.0
0.46729327199095705,1.0
0.30034818272080965,1.0
0.4272516223582419,1.0
0.0,0.0
0.5323786515542013,1.0
0.6894515159159877,1.0
0.11559008743431143,1.0
0.4727492260610173,1.0
0.2732804661661379,1.0
0.4062644679130112,1.0
0.150416642632206,1.0
0.6167597380726768,1.0
0.5566199095153306,1.0
0.12992732752341984,1.0
0.8604916921632695,1.0
0.36862184503166384,1.0
0.35703182972049197,1.0
0.7143344383348107,1.0
0.6584539305556141,1.0
0.2387842582776054,1.0
0.1889753332289188,1.0
0.2975643131534751,1.0
0.5739868126636183,1.0
0.10471402478281178,1.0
0.20515662323216555,1.0
0.9134340363144311,1.0
0.3262706863329963,1.0
0.19868678964025488,1.0
0.10425951575151782,1.0
0.09811571084387483,1.0
0.18088833710036267,1.0
0.31702410585400864,1.0
0.5419483956393307,1.0
0.21950058885208446,1.0
0.5434029629915704,1.0
0.20141627874427526,1.0
0.559065922947739,1.0
0.41245590374412266,1.0
0.36262321075158255,1.0
0.20313284268556986,1.0
0.3642974857796011,1.0
0.17648162986083493,1.0
0.38551552110507625,1.0
0.3619403347860395,1.0
0.626922607350223,1.0
0.4162655343042929,1.0
0.3268743614953564,1.0
0.1835234626954887,1.0
0.22374480594673285,1.0
0.5287014688340208,1.0
0.11231639154582229,1.0
0.3726631557728539,1.0
0.17098872788731523,1.0
0.5857455914803285,1.0
0.8573154999653219,0.0
0.5481229381134893,1.0
0.6523813044324767,1.0
0.3420310099270045,1.0
0.07424461217331624,1.0
0.8035818900616483,1.0
0.5830846931869615,1.0
0.15458037143919245,1.0
0.746411691973278,1.0
0.11398141409214135,1.0
0.8889442408288795,0.0
0.6395323193722473,1.0
0.4150217392654638,1.0
0.22491129089385176,1.0
0.26830797802382245,1.0
0.16896944503319666,1.0
0.20030545174118508,1.0
0.15674953469315556,1.0
0.349651658569468,1.0
0.6094243507737716,1.0
0.6732199880082672,1.0
0.624929070184181,1.0
0.0,0.0
0.3814014569868629,1.0
0.2190770344689934,1.0
0.48757979078769376,1.0
0.40866685792997215,1.0
0.5601636590247274,1.0
0.16685083680303814,1.0
0.4796190311618074,1.0
0.4507509311246314,1.0
0.3051165090372341,1.0
0.3170457429960436,1.0
0.5386491941531104,1.0
0.9603993092996901,0.0
0.4975438482525534,1.0
0.4065170699669114,1.0
0.5292374655290408,1.0
0.8129709421525613,1.0
0.3321861693233301,1.0
0.42184834310966357,1.0
0.765194742016226,1.0
0.281720088987766,1.0
0.2806697637514297,1.0
0.5025855994584907,1.0
0.6039574215737806,1.0
0.28506582898638166,1.0
0.5484121199323182,1.0
0.27147929238624524,1.0
0.5693048198343988,0.0
0.07452877510354261,1.0
0.13295652940905978,1.0
0.28097844190671095,1.0
0.3166970157703375,1.0
0.2823894218570553,1.0
0.7152001741103176,1.0
0.8294570428557697,1.0
0.21059513773973615,1.0
0.7442242048240506,0.0
0.35507189719984433,1.0
0.11323572248913694,1.0
0.36428842136867257,1.0
0.22878675722795805,1.0
0.13122885028513354,1.0
0.13290550820983382,1.0
0.7982963511186298,0.0
0.26948499193297915,1.0
0.2577368801302562,1.0
0.7765834985939377,0.0
0.20012762882659985,1.0
0.1576883649740517,1.0
0.41377265123488716,1.0
0.2774762440331533,1.0
0.473017799124793,1.0
0.24462828737991282,1.0
0.09828303480771483,1.0
0.2566969748149259,1.0
0.5695727806677926,1.0
0.4416139718960106,1.0
0.12169243574187716,1.0
0.12483738618358364,1.0
0.5621977204400039,0.0
0.50499224507683,1.0
0.13319368765146988,1.0
0.3839840598177253,1.0
0.2866333128289842,1.0
0.12856962162004582,1.0
0.33226475489500196,1.0
0.7902135895835469,1.0
0.3283652205041103,1.0
0.7748548861187912,1.0
0.09199393422545521,1.0
0.3131919708254296,1.0
0.6597392712280241,1.0
0.42215324284312894,1.0
0.10500084271211207,1.0
0.264667811232699,1.0
0.35269152146683647,1.0
0.23037804602834244,1.0
0.0,0.0
0.17814111832468438,1.0
0.2616972614177744,1.0
0.5314808697197946,1.0
0.33495628471498184,1.0
0.8384560111585428,1.0
0.29626123980827845,1.0
0.6466531649393135,1.0
0.2072233949562987,1.0
0.5884612433774215,0.0
0.8831715695784608,1.0
0.21677831046144824,1.0
0.5562530614707786,1.0
0.7420735945515564,1.0
0.16144875200393027,1.0
0.38128343757627636,1.0
0.35513078836052925,1.0
0.1510301004757788,1.0
0.0808820508348469,1.0
0.9300470487744064,1.0
0.48712579394913735,1.0
0.30815099891273956,1.0
0.8214304994755222,1.0
0.2227380831179393,1.0
0.4195449443430115,1.0
0.2582476053156326,1.0
0.3662730591858989,1.0
0.718994306838669,1.0
0.5686293296481173,1.0
0.0,0.0
0.7714364817766555,1.0
0.9173495287103037,1.0
0.19779173583240173,1.0
0.7212517203010975,1.0
0.1487051916148996,1.0
0.8862733157624483,1.0
0.7262823983402131,1.0
0.11686957890567262,1.0
0.4420741060440303,1.0
0.33964336245764937,1.0
0.6005077224554523,0.0
0.21399805225306467,0.0
0.4970507276917795,1.0
0.4352661992355058,1.0
0.5414274085924258,1.0
0.7489353166107051,1.0
0.19538348060836963,1.0
0.11374805027757162,1.0
0.3080252175813505,0.0
0.4065374386316196,1.0
0.5219392772280815,1.0
0.0,0.0
0.5275948154014407,1.0
0.23453436904853842,1.0
0.33011396955662997,1.0
0.2432165461430973,1.0
0.6533202797679563,1.0
0.6180919743918718,1.0
0.871684177884454,1.0
0.12015681689003888,1.0
0.4626987090615211,1.0
0.22748417506759377,1.0
0.8378328216529551,1.0
0.3333743754441052,1.0
0.10287005289803552,1.0
0.6132774536925467,1.0
0.5716553253272654,1.0
0.12215127540278248,1.0
0.6902602472407762,1.0
0.204912810485673,1.0
0.3461543495355759,1.0
0.25188760005201205,0.0
0.7634950994424248,1.0
0.4654249969609312,1.0
0.32948685257313626,1.0
0.6677036352102257,1.0
0.2690264773944171,1.0
0.5130195527446779,1.0
0.0,0.0
0.18582459761025616,1.0
0.34545889883817393,1.0
0.35115431601796354,1.0
0.5602103916101524,1.0
0.0,0.0
0.21458631261485062,1.0
0.36591971922442434,1.0
0.0780153530993557,1.0
0.0,0.0
0.2701962585819082,1.0
0.1324579527951788,1.0
0.12246215138510408,1.0
0.09909762233618746,1.0
0.2550887216308606,1.0
0.0,0.0
0.18063023597716787,1.0
0.24122135735555128,1.0
0.5191282864550648,1.0
0.08289589164112865,1.0
0.7331127716028409,1.0
0.3475320079470583,1.0
0.0,0.0
0.0,0.0
0.19928347617280018,1.0
0.3765936578168425,1.0
0.41866409888174516,1.0
0.5237047485731834,1.0
0.10633187457807214,1.0
0.653986257374664,1.0
0.3815399881159882,1.0
0.2898032196617555,1.0
0.0,0.0
0.6500290622861091,1.0
0.3965381959265888,1.0
0.4077028891894994,1.0
0.40338194222147594,1.0
0.24970825696738874,1.0
0.49831230942372384,1.0
0.19314742818407815,1.0
0.5696106469168241,1.0
0.769939318395573,1.0
0.3990690722928347,1.0
0.5312105750081648,1.0
0.0,0.0
0.4672392416593971,1.0
0.5491401448873807,1.0
0.8887544924267456,1.0
0.6150868135528533,1.0
0.5825098808856675,1.0
0.12354117342001691,1.0
0.5438091898543327,1.0
0.16322458724895705,1.0
0.6661259105140003,1.0
0.3547878423102735,1.0
0.3392604443659546,1.0
0.15198902631861477,1.0
0.13893198296625808,1.0
0.7828335924980236,1.0
0.09946076398602699,1.0
0.0,0.0
0.3396813497522304,1.0
0.25929031868763186,1.0
0.0,0.0
0.6773368711872907,1.0
0.4961574345464621,1.0
0.1437794900783369,1.0
0.5142952147750246,1.0
0.08541745550308866,1.0
0.16402672309187283,1.0
0.22455019101232798,1.0
0.3022820074171091,1.0
0.3824767666248041,1.0
0.7255949036366434,1.0
0.7798522686288325,1.0
0.14245165941698712,1.0
0.3454677121546159,1.0
0.4113163259221282,1.0
0.3322538317846466,1.0
0.6157280948663701,1.0
0.08421117057927807,1.0
0.5545102916682447,1.0
0.954948822286878,0.0
0.7430602158161514,1.0
0.6129453497221551,1.0
0.10346273792481808,1.0
0.12434537604065854,1.0
0.7441677535815043,1.0
0.31281100046666444,1.0
0.19386971898138317,1.0
0.5715253244080492,1.0
0.8743076370895286,1.0
0.1990242986445554,1.0
0.3269615022863488,1.0
0.7344573715744658,0.0
0.6229703371148858,1.0
0.38164402926656926,1.0
0.16256812522295316,1.0
0.7976613471672778,1.0
0.1581304883446335,1.0
0.14187847472816184,1.0
0.18805520298482792,1.0
0.27507450426087887,1.0
0.5472955017500132,1.0
0.5460019019697091,0.0
0.25183670490021726,1.0
0.3198408087765019,1.0
0.9252809803076083,1.0
0.580592403340785,1.0
0.5766445577704444,1.0
0.14456092313081292,1.0
0.30876391455228225,1.0
0.6323663018070036,1.0
0.20645011097030785,1.0
0.568114599955849,1.0
0.7743833416770896,1.0
0.3724007270211773,1.0
0.24827403627157496,1.0
0.3481719747659322,1.0
0.5693066675296845,1.0
0.2991558770573808,1.0
0.18766510519141866,1.0
0.4017262691933712,1.0
0.21170585270066544,1.0
0.8125811264653073,1.0
0.5067271969374803,1.0
0.39331011020115847,1.0
0.6733711759001197,1.0
0.6042010342449853,1.0
0.48490355172160937,1.0
0.7649220734113023,1.0
0.0,0.0
0.2599288919821241,1.0
0.2573412422521182,1.0
0.5944509563004048,1.0
0.7635480743768399,1.0
0.11133300649901257,1.0
0.7819600637900441,1.0
0.5063704496938493,1.0
0.0,0.0
0.38091195378729825,1.0
0.5477444706965784,1.0
0.30994261009423596,1.0
0.135912810854812,1.0
0.5307393436842891,1.0
0.22725487178099613,1.0
0.3257913639644685,1.0
0.0,0.0
0.3420023051254164,0.0
0.1089423919131347,1.0
0.2820298745597669,1.0
0.30739630092063974,1.0
0.5858269320887182,1.0
0.7638043808246997,1.0
0.26339564451763664,1.0
0.3725357098150677,1.0
0.08631997311956496,1.0
0.16349201488170806,1.0
0.7375292735280992,1.0
0.4552313200905185,1.0
0.36172957047564047,1.0
0.2990268034871253,1.0
0.10956481412999253,1.0
0.9089941475887433,0.0
0.7502820153721026,1.0
0.5334032020915438,1.0
0.5412694221422827,0.0
0.6330136143900815,1.0
0.13241816082149915,1.0
0.15138813520388927,1.0
0.3741120760000869,1.0
0.17923384751758675,1.0
0.8797856594638707,1.0
0.33407678476002856,0.0
0.14695754497721758,1.0
0.2984084457997458,1.0
0.5514559733313087,1.0
0.31660080856766326,1.0
0.23498530473518686,1.0
0.8001897846157613,1.0
0.3941600480319143,1.0
0.5235994669558162,1.0
0.4296945126154026,1.0
0.6516684451842543,1.0
0.40063918212359395,1.0
0.1654211998320756,1.0
0.3624437212098477,1.0
0.22387800106792355,1.0
0.1397560540633882,1.0
0.15254299377601477,1.0
0.6442114521252233,1.0
0.5293406523581417,1.0
0.10786901600285281,1.0
0.2474050862865642,1.0
0.5150702614243037,1.0
0.8241927989260431,1.0
0.3122994989891703,1.0
0.17595238970829508,1.0
0.07884005343326672,1.0
0.6215367076415488,1.0
0.498679845727267,1.0
0.21933464140622672,1.0
0.12043542673064334,1.0
0.14420747512868326,1.0
0.12584295557834135,1.0
0.727837762622237,1.0
0.1711900366395973,1.0
0.3528819971426427,1.0
0.8988728589579527,1.0
0.5557644726152806,1.0
0.5745869604986487,1.0
0.0,0.0
0.3823398511036302,0.0
0.14420931282020488,1.0
0.3374505983226985,1.0
0.5065018361344356,1.0
0.0,0.0
0.17931462091253492,1.0
0.13820220835280095,1.0
0.2389058760422489,1.0
0.0,0.0
0.45202571682521553,1.0
0.19335296852870432,1.0
0.4550543605008017,1.0
0.4827500073450137,1.0
0.5844961733255261,1.0
0.3603792403477635,0.0
0.12052370795077794,1.0
0.805150268240789,0.0
0.28230035234028517,1.0
0.12493662852837861,1.0
0.5188581067867255,1.0
0.1726781966327149,1.0
0.5642974755757613,1.0
0.7884046938979088,1.0
0.5470020823365811,1.0
0.10088486887527282,1.0
0.08460382933637556,1.0
0.6805310381491245,1.0
0.35616069491333535,1.0
0.4932867903259126,1.0
0.14055219565067123,1.0
0.15613746737283485,1.0
0.47889580201140136,0.0
0.1497224334019669,1.0
0.6376514025851416,1.0
0.10557778481484803,0.0
0.2552743304752836,1.0
0.5344719062438474,1.0
0.17686482905831014,1.0
0.737613897371967,1.0
0.1824652194796248,1.0
0.29300686819149346,1.0
0.6670845192375046,1.0
0.31833586546783943,1.0
0.805682385475972,0.0
0.37716575009459463,1.0
0.7233580999296456,1.0
0.3435167189978423,1.0
0.3226905701388527,1.0
0.2577930412636342,1.0
0.3608958957646804,1.0
0.45572404050071613,1.0
0.5188601255463827,1.0
0.20964720803473647,0.0
0.4991253513705951,1.0
0.23206667345715548,1.0
0.28028061231413304,1.0
0.38557406913664183,1.0
0.7919520427617392,1.0
0.43077874461081844,1.0
0.48728797297694326,1.0
0.4909024781116109,1.0
0.5633300545361921,1.0
0.5324509747693549,1.0
0.5055806584962115,1.0
0.32108009311796026,1.0
0.19659692322561284,1.0
0.38934693386186536,1.0
0.85774059792926,1.0
0.6306289870572006,1.0
0.11877136054420134,1.0
0.20328064230241782,1.0
0.25928983650618775,1.0
0.24245075997852883,1.0
0.8503362706883237,1.0
0.798128585988779,1.0
0.15604218651874513,1.0
0.5249630530719078,1.0
0.6008481115435256,1.0
0.47999729650267664,1.0
0.39151010486094906,1.0
0.49506548764793656,1.0
0.08055676843140391,1.0
0.5326240328909528,1.0
0.1068501546063283,1.0
0.7730431883787436,1.0
0.6725780824598515,1.0
0.13872502608859216,1.0
0.5165926512980907,1.0
0.3140480699746835,1.0
0.2814987476972597,1.0
0.6035899292868008,1.0
0.3012881384252011,1.0
0.5977807733072145,1.0
0.4513141890780359,1.0
0.13113284815962967,1.0
0.26905968088885857,1.0
0.28309675902732545,1.0
0.20964722704188876,1.0
0.08056847083500651,1.0
0.8704377578578444,1.0
0.18729528802959017,1.0
0.6914222354957951,1.0
0.1812057775528877,1.0
0.5393428311680255,1.0
0.37821278309206496,1.0
0.20768951535693958,1.0
0.4395100451904952,1.0
0.5107759324726135,1.0
0.0695442784424336,1.0
0.48528216519348,1.0
0.07497294224319306,1.0
0.2183725653779791,1.0
0.15370827927178166,1.0
0.0,0.0
0.0,0.0
0.615586186466381,0.0
0.7179515454486007,1.0
0.12647276557521314,1.0
0.3978211286929061,1.0
0.0,0.0
0.6658772279349949,0.0
0.4128076681127033,1.0
0.6561413373290952,1.0
0.08780175771362586,1.0
0.39020092021607633,1.0
0.10988382617390569,0.0
0.5088046166684479,1.0
0.19406004960260503,1.0
0.0,0.0
0.38017833472717966,1.0
0.5752132101557685,1.0
0.4185487544777611,1.0
0.24215174746041734,1.0
0.0,0.0
0.15908421423073094,1.0
0.17235751396014587,1.0
0.6824851334732407,1.0
0.37144509041607865,1.0
0.570354127687895,1.0
0.19919363536579437,1.0
0.6702778188729641,1.0
0.5812231266813472,1.0
0.28485777269500767,0.0
0.2624585218793247,1.0
0.3613726881811896,1.0
0.1010310628879334,1.0
0.8332691563502657,1.0
0.23381578964782834,1.0
0.24215325102620788,1.0
0.6708688632823843,1.0
0.8199484237719172,1.0
0.23408846525538696,1.0
0.5217010645889038,1.0
0.5182411476256106,1.0
0.7699853047001737,1.0
0.23812282838219723,1.0
0.5636467667146676,1.0
0.1955539727643969,1.0
0.6081734420580731,1.0
0.5399273111072422,1.0
0.6637724639143983,1.0
0.17866834071794413,1.0
0.6017776433254056,1.0
0.19723976812750665,1.0
0.37601846037061915,1.0
0.20185175961529156,1.0
0.740803715697413,1.0
0.21947165496429122,1.0
0.7968044037003081,1.0
0.46589435057822826,1.0
0.5430276787724946,1.0
0.1968710703869152,1.0
0.4603392491991345,1.0
0.3204026301893377,1.0
0.0,0.0
0.09498363324620707,1.0
0.6463292860640166,1.0
0.3208340135184531,1.0
0.6645700030275692,0.0
0.3383645252324805,1.0
0.3964008982616152,1.0
0.4402689147523522,1.0
0.8124882725244627,1.0
0.084403680020388,1.0
0.6782748421448241,1.0
0.1377669895804119,1.0
0.5872351570023446,1.0
0.496178253380569,1.0
0.35095662062538446,0.0
0.7012500626973428,1.0
0.5984576600190072,1.0
0.07208476842627398,1.0
0.6634407190791487,1.0
0.7188471124495677,1.0
0.2831036246108374,1.0
0.360088132804286,1.0
0.07565677857011899,1.0
0.126648129564507,1.0
0.18751572397941763,0.0
0.25704831902540093,1.0
0.44504175276652447,1.0
0.16697878795092702,1.0
0.0,0.0
0.3095015611279508,1.0
0.1965899466003158,0.0
0.3417478103592906,1.0
0.3598513757128292,1.0
0.6166826630694304,1.0
0.32544725747754155,1.0
0.5158350001947385,1.0
0.7579071777130664,1.0
0.19621585082845083,1.0
0.5102564950088153,1.0
0.5678523452696727,1.0
0.4413328451082812,1.0
0.5103104553140243,1.0
0.17332711782110888,1.0
0.3408417284015557,1.0
0.19752037371911024,1.0
0.6147418877576216,1.0
0.23624958348201464,1.0
0.34250862665370096,1.0
0.13725707169882329,1.0
0.4434743529555427,1.0
0.13618488523612982,1.0
0.3149965778972663,1.0
0.0,0.0
0.0,0.0
0.0,0.0
0.8265009414777773,1.0
0.4812781014683041,1.0
0.3117202700258903,1.0
0.6332274168437309,1.0
0.4915028810426332,1.0
0.555759442722537,1.0
0.7481875422239508,1.0
0.7841126968237018,1.0
0.25139862104970234,1.0
0.20483344061887143,1.0
0.5524328499289952,1.0
0.5178998501957288,1.0
0.3858184270882945,0.0
0.7580634995368118,0.0
0.35182319971823084,1.0
0.26251640366018103,1.0
0.43971457415453985,1.0
0.31858708800262825,1.0
0.25211106214057244,1.0
0.0,0.0
0.4835956005408879,1.0
0.6050639549611878,1.0
0.07688060509481653,0.0
0.2857034519232555,1.0
0.2559158728870514,1.0
0.10857291487929599,1.0
0.6401707566155435,0.0
0.42346940611405115,1.0
0.4708412991100137,1.0
0.15045609847940167,1.0
0.7245284053143917,1.0
0.1015536965544599,1.0
0.1914278371036744,1.0
0.7436316908616396,1.0
0.1455059287354774,1.0
0.7520165070595901,1.0
0.26689567857695273,1.0
0.07330180939757414,0.0
0.205654898732738,1.0
0.28098747730672313,1.0
0.3022767144253615,1.0
0.5696383103265377,1.0
0.8081286480021146,1.0
0.12601817351267464,1.0
0.31129436675891675,1.0
0.5813235564729773,1.0
0.33224530957774867,1.0
0.6631719459400851,1.0
0.14513263526551778,1.0
0.11762274732219469,1.0
0.5235860158941947,1.0
0.49313064556879693,1.0
0.21363371715413138,1.0
0.6040888320234017,1.0
0.5260933964189789,1.0
0.13766419289812326,1.0
0.23033748176405044,1.0
0.2679630952447778,1.0
0.3085054903074971,1.0
0.3340593251900099,1.0
0.5741830835201451,1.0
0.3832047385599151,1.0
0.43312938315375105,1.0
0.19980570968875,1.0
0.10061097180808032,1.0
0.2815954250768611,1.0
0.5248743496929151,1.0
0.8285822256629345,1.0
0.5798189642964457,0.0
0.29863999893295823,1.0
0.239145197098523,1.0
0.4658487724272158,1.0
0.2799292020788129,1.0
0.0939843072008153,1.0
0.35427971110100787,1.0
0.8112168510898483,0.0
0.5794889981305076,1.0
0.14070241417775264,1.0
0.12187766944513445,1.0
0.6099519853221249,1.0
0.20767924049051745,1.0
0.21605182708648085,1.0
0.9515981164196101,1.0
0.4477763357873803,1.0
0.8065468537745284,1.0
0.6351431477313483,0.0
0.8359951471378726,1.0
0.2456690760276401,1.0
0.23605510329931612,1.0
0.17492465897424703,1.0
0.8419767600128156,1.0
0.31815594276310577,1.0
0.09743340709365578,1.0
0.0,0.0
0.26061443595163425,1.0
0.17881362238729048,1.0
0.16595178248979892,1.0
0.3460559174956974,1.0
0.31268577634495287,1.0
0.154278803959651,1.0
0.3681315035166417,1.0
0.13525439309286647,1.0
0.08408546527649818,1.0
0.5678686874192072,1.0
0.49708877600932366,1.0
0.21676733533151804,1.0
0.08925723640880312,1.0
0.0,0.0
0.24036310539619743,1.0
0.4807169503076838,1.0
0.5757108384127836,1.0
0.4221354021296859,1.0
0.4930288032456325,1.0
0.14823443346908016,1.0
0.3374662832249111,1.0
0.2654180395428618,1.0
0.11137824952391773,1.0
0.18483419792384437,1.0
0.5015806853103015,1.0
0.2508383432177146,1.0
0.20240955551333029,1.0
0.34096400441389685,1.0
0.0,0.0
0.08902029124657584,1.0
0.10141314266417156,1.0
0.5888640639584035,1.0
0.12959581877700987,1.0
0.38644688357584256,1.0
0.8069036380320882,1.0
0.34990464976980373,1.0
0.08665515124675904,1.0
0.31893071430886355,1.0
0.16622378584438957,1.0
0.25606188883270553,1.0
0.0,0.0
0.691783594474817,1.0
0.1961168145612029,1.0
0.08682714896933019,1.0
0.13889653862858964,1.0
0.6854475242179157,1.0
0.26057465898360066,1.0
0.20227142953666322,1.0
0.15755348321818152,1.0
0.3862093001734461,1.0
0.0,0.0
0.5821754960569905,1.0
0.3008324199387906,1.0
0.5200265774810795,1.0
0.2452243026598664,1.0
0.19170608580838344,1.0
0.7306574716759346,1.0
0.10935231416646873,1.0
0.138905077841887,1.0
0.7934644648846714,1.0
0.913022808569842,1.0
0.28746181059186426,1.0
0.5944117195356498,1.0
0.0,0.0
0.6858674622401733,1.0
0.586911773313386,1.0
0.20209925974934473,1.0
0.3630414191229745,1.0
0.8477833930430183,1.0
0.0,0.0
0.39491207001703543,1.0
0.32725355318480975,1.0
0.6077425469126609,1.0
0.8413633091718782,1.0
0.28913601559353186,1.0
0.06171272543686923,0.0
0.0,0.0
0.8749025249452345,0.0
0.34880741488141265,1.0
0.2570224312838696,1.0
0.35770000615461583,1.0
0.5926046085215821,1.0
0.5576337310153474,1.0
0.6264555866107857,1.0
0.0,0.0
0.3035128615863023,1.0
0.6183566629939281,1.0
0.9272069550499777,1.0
0.542219899806077,1.0
0.4242932991441748,1.0
0.9327472708652795,0.0
0.28799512227651736,1.0
0.6353051937090877,1.0
0.41744570940300285,1.0
0.40535901119055184,1.0
0.22725219677439412,1.0
0.2793402164441079,1.0
0.2550676166890926,1.0
0.4505892002654708,1.0
0.5020476270199996,1.0
0.3416088320618962,1.0
0.09852550004714233,1.0
0.17453870273930194,1.0
0.2129119105390238,1.0
0.15599869015110546,1.0
0.05954890819460479,1.0
0.908751706358351,0.0
0.5103641775296399,1.0
0.1356656228382085,1.0
0.4388901569271617,1.0
0.5910810602118763,1.0
0.44669392747821624,1.0
0.12456587101269623,1.0
0.24800298727610937,1.0
0.6623495454716113,1.0
0.16165645116091554,1.0
0.4075287536624743,1.0
0.4436653568301101,1.0
0.3640348889646825,1.0
0.39865874688779535,1.0
0.7116072280883223,1.0
0.22456140923373313,1.0
0.43031217504115604,1.0
0.2814998030944045,1.0
0.0,0.0
0.38897190373840473,1.0
0.3921049086850332,1.0
0.2861130240448353,1.0
0.4982365839282954,1.0
0.2233878176123798,1.0
0.5592923921678805,1.0
0.5576006705747365,1.0
0.25257887417777436,1.0
0.0,0.0
0.42760451114994114,1.0
0.4935230892449596,1.0
0.2559341527657515,1.0
0.2723708478776854,1.0
0.09810518088146081,1.0
0.7525148886000652,1.0
0.22937733746270972,1.0
0.8211193253810212,1.0
0.21272181500626486,1.0
0.9539013311169984,0.0
0.5012540093824764,1.0
0.5499708494806885,1.0
0.18307880537138255,1.0
0.3084989748557394,1.0
0.45809608809985614,1.0
0.578935747943015,1.0
0.23603278590130206,1.0
0.29134808899454034,1.0
0.25459844814143695,1.0
0.5206248256012489,1.0
0.2587802297416717,1.0
0.19198031299980123,1.0
0.5344169835765027,1.0
0.6219828345186462,1.0
0.3762050936005168,1.0
0.26250440314439905,1.0
0.26439765257226533,1.0
0.7316326966521172,1.0
0.3216321188446889,1.0
0.6551407498090125,1.0
0.2620775835326059,1.0
0.5109156330417979,1.0
0.49810866279169996,1.0
0.17568732496469686,1.0
0.2620042469361179,1.0
0.12121477900012279,1.0
0.3386736165432316,1.0
0.34698981191923517,1.0
0.21582043401349882,1.0
0.07807161527075479,1.0
0.4812650935734468,1.0
0.625516969410072,1.0
0.06873644345493579,1.0
0.25075018404350535,1.0
0.06306995816218652,1.0
0.26023392976753756,1.0
0.5079479232955881,1.0
0.4249146229477003,1.0
0.4546732490889589,1.0
0.5106701556689082,1.0
0.3914324826517892,1.0
0.001641477686411985,0.0
0.8553570039852425,0.0
0.07961884149043419,1.0
0.2604987934354708,1.0
0.42269020690216674,0.0
0.5536996186127845,1.0
0.8662698564807232,1.0
0.4188082481249613,1.0
0.10366126362984263,1.0
0.0013187932605851493,0.0
0.0,0.0
0.22664683197622582,1.0
0.5234294999974192,1.0
0.0,0.0
0.33052308350579995,1.0
0.25437118162127303,1.0
0.11001724637979571,1.0
0.0,0.0
0.37622416577735773,1.0
0.30461013148786886,1.0
0.43401490637525386,1.0
0.5884434606858124,1.0
0.2668697048030477,1.0
0.08263072485913403,1.0
0.0,0.0
0.24624777279065357,1.0
0.29969118449303345,1.0
0.18232609212614115,1.0
0.1801423403825435,1.0
0.22091203397747394,1.0
0.30184908050714565,1.0
0.16393690329277222,1.0
0.237660538422948,1.0
0.5151950943988273,1.0
0.332661931352106,1.0
0.0,0.0
0.40725889811610205,1.0
0.57462571208083,1.0
0.5434400419443435,1.0
0.30021326995327025,1.0
0.3636739251343539,1.0
0.36340643647864024,1.0
0.07810426955853078,1.0
0.3509687631946212,1.0
0.3352013639380482,1.0
0.5784245735886167,0.0
0.6101026039997826,0.0
0.32919308702945616,1.0
0.03671781087551462,0.0
0.6968038015737283,1.0
0.3898046711079335,1.0
0.21068024876693103,1.0
0.5403391000630147,0.0
0.5323765567659344,1.0
0.5628789077701151,1.0
0.0,0.0
0.6914347592084553,1.0
0.6300605341489396,0.0
0.716411446911061,1.0
0.3128245545670594,1.0
0.11076280193160404,1.0
0.6388928787513812,1.0
0.0,0.0
0.1611623582342414,1.0
0.21212444021472798,1.0
0.5046154272806702,1.0
0.25567723008600396,1.0
0.5072163179932443,1.0
0.1680656279277235,1.0
0.46860697033432963,1.0
0.2825030186033972,1.0
0.30778860654485385,1.0
0.4450616322471532,1.0
0.19376431631846636,1.0
0.3248005181101643,1.0
0.837379312998102,0.0
0.6241182830858065,1.0
0.9378517646811977,0.0
0.10608965042936713,1.0
0.8245073893060884,1.0
0.23906478784059937,1.0
0.7633970225361835,1.0
0.05330753157082224,1.0
0.28370687461320987,1.0
0.9196295266712569,0.0
0.10028038640912529,1.0
0.1880789619252936,1.0
0.10598397966556439,1.0
0.13728855854729272,1.0
0.7561961418519827,1.0
0.5696673312470808,1.0
0.32522661745091996,1.0
0.32474228219604795,1.0
0.3945405031968128,1.0
0.4400845803875151,1.0
0.518737766502797,0.0
0.15128741130158563,1.0
0.43542974677828283,1.0
0.2572150657720349,1.0
0.16263944806166641,1.0
0.45573223158301257,1.0
0.48731265526486345,1.0
0.1775142054179848,1.0
0.6576365789870362,1.0
0.7388497664282574,0.0
0.36982044206252773,1.0
0.554462568710143,1.0
0.1649373757695649,1.0
0.12172028021972636,1.0
0.5060346763426731,1.0
0.28440985814521014,1.0
0.271647325616982,1.0
0.5815245280983992,1.0
0.49445393752223543,1.0
0.2695583695449013,1.0
0.2292200942922622,1.0
0.33624352610262864,1.0
0.10085145830290765,1.0
0.48372283842037467,1.0
0.7138104391544435,1.0
0.44224116990999596,1.0
0.3456322080542584,1.0
0.3045396449638602,1.0
0.7297927052651985,1.0
0.43310759695562684,1.0
0.1883234299183547,1.0
0.8254373792603782,1.0
0.7287367259012201,1.0
0.1457902457236755,1.0
0.7600305627407282,1.0
0.5458370779465942,1.0
0.25225219324806725,1.0
0.06003303036929486,1.0
0.27116987995465713,1.0
0.37428284225925923,1.0
0.0,0.0
0.2569390939241045,1.0
0.21219938841766206,1.0
0.19882744556894005,1.0
0.5413973022634444,1.0
0.5745052547528582,1.0
0.0,0.0
0.8461782710372128,1.0
0.33966993445666605,1.0
0.17013753958600875,1.0
0.18374938871122248,1.0
0.11038552096115195,0.0
0.8972247537776221,1.0
0.30490947312982897,1.0
0.8280963678351196,1.0
0.6321925104094746,1.0
0.36287148217587095,1.0
0.11247920381191534,1.0
0.23460673527987908,1.0
0.5839463364224495,1.0
0.3287260602877602,1.0
0.5518592730926053,1.0
0.5195748044793507,1.0
0.5058112792785812,1.0
0.28749152777440967,1.0
0.2434125659051376,1.0
0.26607352520145966,1.0
0.159282049676011,1.0
0.16036643372864567,1.0
0.41164019479366054,1.0
0.09191684721769144,1.0
0.525287772263415,1.0
0.2670005510403559,1.0
0.3137415316246086,1.0
0.6058403601216735,1.0
0.7747955417875789,1.0
0.12880657078377933,1.0
0.36272596041617877,1.0
0.2382386099506859,1.0
0.20397984741260133,1.0
0.2625414680919014,1.0
0.383586834342176,1.0
0.42040360645670605,1.0
0.7371972856013742,1.0
0.7204631775732575,1.0
0.2485881364671645,1.0
0.5199382672500277,1.0
0.5992204340501126,1.0
0.40448206619702765,1.0
0.6860511053448901,1.0
0.333019991089627,1.0
0.6938592935583063,0.0
0.0,0.0
0.07471531329767878,1.0
0.7469152734704916,0.0
0.7225514573908645,0.0
0.7981069368422267,1.0
0.13392237585611255,1.0
0.16066896957258114,1.0
0.6599958387741349,1.0
0.14020372852283902,1.0
0.10452437341719234,1.0
0.0,0.0
0.4844512995395651,1.0
0.17365613162867577,1.0
0.09210268414794243,0.0
0.46558625564241174,1.0
0.1234435246748915,1.0
0.14549557984119854,1.0
0.3013225403706188,1.0
0.6639800150156705,1.0
0.5322005205236726,1.0
0.11542336569708844,1.0
0.41890048083203624,1.0
0.5793362676581832,1.0
0.4512742620535364,1.0
0.16218608746252627,1.0
0.16565666043566507,1.0
0.7006390077579803,1.0
0.36825930860957046,1.0
0.7397121529434401,1.0
0.25090012046443055,1.0
0.6304344138394931,1.0
0.6003507293791146,1.0
0.5481692905558666,0.0
0.5140637856884909,1.0
0.8951422921493934,1.0
0.3761341579074866,1.0
0.7234343726309866,1.0
0.27083774797372495,1.0
0.0,0.0
0.30166717905781226,1.0
0.5761599894278615,1.0
0.9001512610193703,1.0
0.45427680890891553,1.0
0.8517508129791729,1.0
0.5623136070480181,1.0
0.19157223243949506,1.0
0.0,0.0
0.18935064145702984,1.0
0.2980380164075358,1.0
0.19000552088750444,1.0
0.2078429781048179,1.0
0.3565065130443519,1.0
0.4251812972969917,1.0
0.46720491374183615,1.0
0.7385026017905512,1.0
0.2492034360037647,1.0
0.5165487307708401,1.0
0.4245451999341898,1.0
0.8358418374475893,1.0
0.34940671539759727,1.0
0.24574040186748247,1.0
0.9273100348388001,0.0
0.0,0.0
0.0,0.0
0.5552380245133861,1.0
0.6781741142410147,1.0
0.6586841001682093,1.0
0.2930483778115218,1.0
0.07524859397066264,1.0
0.5783625052323562,1.0
0.5961163299788543,1.0
0.6591218178809468,1.0
0.22642360897763458,1.0
0.9175753776970521,1.0
0.2941026815449628,1.0
0.5418245040190381,1.0
0.18013291183459046,1.0
0.13188146086184105,1.0
0.0,0.0
0.9214993382794954,1.0
0.6042717508555753,1.0
0.13163676078144526,1.0
0.2802945355534341,1.0
0.3770260465242812,1.0
0.42380689311007025,1.0
0.11713286598033568,1.0
0.12317857797571374,1.0
0.17017918625760942,1.0
0.383824874916606,1.0
0.10357602455446369,1.0
0.1161568997252096,1.0
0.29959470218683837,1.0
0.3244899022257175,1.0
0.16552217082735998,1.0
0.8673648495255115,1.0
0.7677013042330816,1.0
0.15491879878906545,1.0
0.28245159925434793,1.0
0.6119903343508257,1.0
0.0,0.0
0.41416578817192296,1.0
0.4915898987873235,1.0
0.2642814468441661,1.0
0.12062102757205428,1.0
0.2073321668870678,1.0
0.23687335620706707,1.0
0.6775969530558381,1.0
0.24658058002568284,1.0
0.3581412311871546,0.0
0.598855113580385,1.0
0.4334624474855264,1.0
0.4451550894149916,1.0
0.17038861106395498,1.0
0.06609154318160781,1.0
0.4581019302982696,1.0
0.8181647045601612,1.0
0.1697302913389005,1.0
0.9692858272875227,1.0
0.48180826396792265,1.0
0.5950396018071205,0.0
0.4933221166191615,1.0
0.9097913955923698,1.0
0.4542210019087971,1.0
0.29446369939561867,1.0
0.5800409158165807,0.0
0.11115664013252502,1.0
0.673335978655432,1.0
0.5543826166242529,1.0
0.11376158036893136,0.0
0.7241455212354948,1.0
0.4370637476511776,1.0
0.1810879522153308,1.0
0.3010686838446617,1.0
0.19422011983687426,1.0
0.7129766233904054,1.0
0.24050534492078812,0.0
0.11960877466229647,1.0
0.35580590340564555,1.0
0.08416783727299793,1.0
0.24410136309883246,1.0
0.11074128183361287,1.0
0.5126791996701567,1.0
0.508084863826173,1.0
0.4671116106319695,1.0
0.0871609925943524,1.0
0.11451352232393708,1.0
0.41059530360215035,1.0
0.16710065380892747,1.0
0.5754643556615711,1.0
0.07251411999083857,1.0
0.6350795277912282,1.0
0.7366928867966087,1.0
0.29050705651485975,1.0
0.12750389958991182,1.0
0.11259357584999874,1.0
0.36470161785409694,1.0
0.8455891013332422,1.0
0.0,0.0
0.2309568288237296,0.0
0.0,0.0
0.21517712493693653,1.0
0.5032443513461673,1.0
0.2746931657635838,1.0
0.3437753843333491,1.0
0.46474365457247213,1.0
0.20906323328562193,1.0
0.08812743426538683,0.0
0.4258146566294747,1.0
0.23617417510591832,1.0
0.15556313225110285,1.0
0.22851533109057387,1.0
0.43086847237528625,1.0
0.6375235174620975,1.0
0.40547358930618227,1.0
0.29396551292854944,1.0
0.09692833603592188,1.0
0.2711562068094664,1.0
0.5234970234064105,1.0
0.10269385059328462,1.0
0.1272648986540985,1.0
0.37055866085352074,1.0
0.3113847957872702,1.0
0.32315851022423914,1.0
0.2037050680133885,1.0
0.34439681717790727,1.0
0.19927692670824326,1.0
0.43732054528386977,1.0
0.619076302793665,1.0
0.3761651675763935,1.0
0.6633974848101363,1.0
0.603846197720356,1.0
0.1979755530026197,1.0
0.1716393637209288,1.0
0.6502298138287137,1.0
0.33069307647398416,1.0
0.3224863472899986,1.0
0.18528282674242025,1.0
0.3471416670621741,1.0
0.17281396872361654,1.0
0.39600498728070876,1.0
0.4623363447041755,1.0
0.5889112157015575,1.0
0.12055041500061447,0.0
0.4862185815660247,1.0
0.20171664077020512,1.0
0.38599314283365516,1.0
0.22469921909144475,1.0
0.0,0.0
0.21851587330460864,1.0
0.6244130350006576,1.0
0.12075897148020909,1.0
0.32178331273880056,1.0
0.3529806092502801,1.0
0.12259830461942967,1.0
0.10109656153500923,1.0
0.6013754519812049,1.0
0.4797850626392859,1.0
0.15244906943237835,1.0
0.26575115589421205,1.0
0.2507869988968978,1.0
0.4296159410490006,1.0
0.2771762031280609,1.0
0.12272882473401836,1.0
0.6438196526914881,1.0
0.11954654024354738,1.0
0.325106443229481,1.0
0.3839388448033607,1.0
0.7399464621137466,1.0
0.563210719630586,1.0
0.3696424460828185,1.0
0.7071919946403908,1.0
0.0880190184686307,1.0
0.5574949838049106,1.0
0.21353387258271894,1.0
0.7754503321845507,1.0
0.10933820985903164,1.0
0.28398651884305437,1.0
0.8010305780054732,1.0
0.497901805951678,1.0
0.3006579142724828,1.0
0.1171395544972178,1.0
0.691083121887683,1.0
0.44529561429436315,1.0
0.10715737621351185,1.0
0.4941132513223594,1.0
0.5664852828454494,1.0
0.26569884420937706,1.0
0.0759896798405344,1.0
0.25166627276677556,1.0
0.1769750295266359,1.0
0.3689881348661621,1.0
0.2856714998997405,1.0
0.1877493548944975,1.0
0.48554676276128017,1.0
0.15779586942786983,1.0
0.3786922795260934,1.0
0.15283575494174872,1.0
0.4591376860521237,1.0
0.09656379886094735,1.0
0.41945266861974906,1.0
0.7605208852485985,1.0
0.5886973372192981,1.0
0.45888180976613313,1.0
0.3468927203837877,1.0
0.17345080136310198,1.0
0.27281292723170436,1.0
0.3660137486075876,1.0
0.6170956714840838,1.0
0.3413891724041864,1.0
0.21474637584648493,0.0
0.6022156401431702,0.0
0.19653077033234512,1.0
0.5088858452346758,0.0
0.07119801674250237,1.0
0.4868894790240672,1.0
0.5352856014365348,1.0
0.5012738518491768,1.0
0.29460707134634045,1.0
0.24115766738908073,1.0
0.1464342720701457,1.0
0.4364836243513599,1.0
0.7671704924891531,1.0
0.6489865759995617,1.0
0.16761735324240812,1.0
0.476079530251154,1.0
0.3287539887972306,1.0
0.35028165163522873,1.0
0.7540881896316702,1.0
0.28790762335075915,1.0
0.15574307596374215,1.0
0.24910185878035707,1.0
0.4911179682003155,0.0
0.2686432441841431,1.0
0.4906405385440138,1.0
0.9730384293879402,0.0
0.3893221575385595,1.0
0.18508679897736835,1.0
0.6078830317769746,0.0
0.21168350929286328,1.0
0.2834031463205573,1.0
0.6323207266571202,1.0
0.48136298941155253,1.0
0.9590679903256909,1.0
0.5486578453985658,1.0
0.15110608106719958,1.0
0.19613804054852046,1.0
0.0,0.0
0.20366297017201296,1.0
0.6376548538838613,1.0
0.16230905573536436,1.0
0.2499291901043068,1.0
0.40969852214418445,1.0
0.6724498792170994,1.0
0.2910547095961662,1.0
0.37521850534834433,1.0
0.13734104329725172,1.0
0.23053324042783974,1.0
0.5748268267600829,1.0
0.19613468828706804,1.0
0.7621120169898812,1.0
0.8023653822909909,1.0
0.42662966431605254,1.0
0.574851149912861,1.0
0.23592165008100396,1.0
0.6739199243936294,1.0
0.22034938525332137,1.0
0.1259170424571594,1.0
0.5285698823181462,1.0
0.41243853520836016,1.0
0.5710737844940312,1.0
0.12806238774844747,1.0
0.18269174372047026,1.0
0.5721759622424156,0.0
0.18314883772448676,1.0
0.39612609585374337,1.0
0.0,0.0
0.4817951930493489,1.0
0.7497799154323976,1.0
0.32566737530766066,1.0
0.3536653699250376,1.0
0.0,0.0
0.8511310307557425,0.0
0.17613521550545963,1.0
0.48338213321334633,1.0
0.12533740734104493,1.0
0.3391020337562005,1.0
0.6541874260742442,1.0
0.39616137212817026,1.0
0.1677221016591326,1.0
0.3371348314999585,1.0
0.5279179419936542,1.0
0.4881924173184444,0.0
0.21650469750116486,1.0
0.5147154309019331,1.0
0.12872460994199653,1.0
0.715119930914883,1.0
0.1361285600410147,1.0
0.5249409407510637,1.0
0.5760033204734909,1.0
0.8523993750324252,1.0
0.20302172787317696,1.0
0.5923040744309045,1.0
0.1703989939710322,1.0
0.21460276580617021,1.0
0.501337793910511,0.0
0.22500765415525104,1.0
0.2214996250874206,1.0
0.263177581460726,1.0
0.6582506090459335,1.0
0.42992978314746866,1.0
0.736053064031942,0.0
0.092852311231864,1.0
0.2523098219336837,1.0
0.0,0.0
0.6416929604193125,1.0
0.4705630283970228,1.0
0.3897483329079252,1.0
0.4089890901856479,1.0
0.320922263726918,1.0
0.29251330846546253,1.0
0.1954559638837532,1.0
0.6636993694090094,1.0
0.46338862567645345,1.0
0.7827467948361497,1.0
0.0,0.0
0.727678413659381,1.0
0.6165952441737872,1.0
0.4873637004731246,1.0
0.08677747327641638,1.0
0.40326935985684464,1.0
0.10321977949980576,1.0
0.580315750236498,1.0
0.3451509649629645,1.0
0.6175564238647437,1.0
0.641795629053417,1.0
0.20591150229240096,1.0
0.29431802357795434,1.0
0.24599225664018132,1.0
0.5887757907412801,1.0
0.30260501696527875,1.0
0.06397156643647861,1.0
0.6943760250038329,1.0
0.6005474103899822,1.0
0.175605266086023,1.0
0.4336291682223732,1.0
0.9336925075569007,1.0
0.4426606017417747,1.0
0.726615175563949,1.0
0.21534592945790898,1.0
0.5181259952939032,1.0
0.31684613788483995,1.0
0.9381990673708529,0.0
0.8780865961080289,1.0
0.21031424504009433,1.0
0.2313415876080751,1.0
0.18106168132962264,1.0
0.8545555804103526,1.0
0.5472007771052239,1.0
0.3003699589151698,1.0
0.5399039873305282,1.0
0.2932920214943966,1.0
0.32957340714353434,1.0
0.4074035645539378,1.0
0.11852083827292104,1.0
0.29831430037291584,0.0
0.3472477439788113,1.0
0.0,0.0
0.5095807137129893,1.0
0.5067898505139583,1.0
0.3362955596828128,1.0
0.2515081852786123,1.0
0.5816006587462854,1.0
0.09225172223082367,1.0
0.17050304312462483,1.0
0.1870317958777572,1.0
0.7826580014232776,0.0
0.28734508466801545,1.0
0.3000039441841924,1.0
0.5359736123343479,1.0
0.10286241102240545,1.0
0.3920369611164314,1.0
0.14515898217983558,1.0
0.1973044474662773,1.0
0.3586149354415915,1.0
0.7877207485299511,1.0
0.233194486852208,1.0
0.9516818749378575,1.0
0.3801135393447419,1.0
0.28260076238428455,1.0
0.48579208307506905,0.0
0.1643684947001871,1.0
0.1685441239853116,1.0
0.5864041252859411,1.0
0.39022540542983775,1.0
0.2377336669411365,1.0
0.21564762598601073,1.0
0.17482078288577885,1.0
0.6689704789222479,1.0
0.0,0.0
0.5333817780296908,1.0
0.17582880720432215,1.0
0.4497140549491636,1.0
0.5314948449786705,1.0
0.20466508026503893,1.0
0.0,0.0
0.15667397225908708,1.0
0.177726697378497,1.0
0.10758240415109954,1.0
0.39604313963740223,1.0
0.17027775434868353,1.0
0.1858533594333016,1.0
0.5869719189461273,1.0
0.09763313625153813,1.0
0.5230670546095828,1.0
0.5337131287166228,1.0
0.1494871918808176,1.0
0.1835142582318583,1.0
0.20986874639940112,1.0
0.6324752818160717,1.0
0.13966979260328705,1.0
0.5744033794172712,1.0
0.42279957205616503,1.0
0.6997760320210733,1.0
0.1934656269219448,1.0
0.76938140845462,1.0
0.0,0.0
0.5438471611428906,0.0
0.2049815703599447,1.0
0.08942355799545032,1.0
0.17954008475435312,1.0
0.06017758076346391,1.0
0.2215955391797979,1.0
0.4088747271509523,1.0
0.11361638673271113,1.0
0.3765249279538643,1.0
0.7062054303972531,1.0
0.24902550204739482,1.0
0.0,0.0
0.13754028026992549,1.0
0.19231057727791923,1.0
0.06986525922718201,1.0
0.2435075456459188,1.0
0.6615110759563714,1.0
0.8550694287709772,1.0
0.3013233266665014,1.0
0.4689316194994859,1.0
0.07573128360628978,1.0
0.41383426942174895,1.0
0.22979430036543347,1.0
0.3141850495199492,1.0
0.16802953234499185,1.0
0.31375473359249595,1.0
0.5197304260395881,1.0
0.2517625930119878,1.0
0.18397176939285087,1.0
0.1351828351656903,1.0
0.0,0.0
0.8691705049918581,1.0
0.0,0.0
0.1356625966994751,1.0
0.3403003086658507,1.0
0.21591301285082265,1.0
0.0,0.0
0.21715197006918485,1.0
0.29623059427639564,1.0
0.20725646039879164,1.0
0.5768863807681965,1.0
0.7532486757234262,1.0
0.3364397149282876,1.0
0.36706556540519664,1.0
0.3406102803078692,1.0
0.458211122387143,1.0
0.559839199931095,1.0
0.6144700634704137,1.0
0.6109702935104777,1.0
0.5934347539044595,1.0
0.23315407964701684,1.0
0.11473179045801718,1.0
0.9289070227837666,1.0
0.11154793437615806,1.0
0.7113146389873362,1.0
0.23897487300573728,1.0
0.15212572975998295,1.0
0.37480236775618403,1.0
0.21347559765392132,1.0
0.7430702395880866,1.0
0.0,0.0
0.17419877282401508,1.0
0.34243644749275504,1.0
0.2780082512269284,0.0
0.6708152971254928,1.0
0.19990627353082369,1.0
0.8453205632826428,1.0
0.8173718842226609,1.0
0.29119999626739546,1.0
0.6189962046528148,1.0
0.25636284908374707,1.0
0.4555975809141004,1.0
0.47084663611832456,1.0
0.2732420617145812,1.0
0.6342485170827294,1.0
0.06707921684221851,1.0
0.34361868536768503,1.0
0.3738467661642608,0.0
0.22935888051737985,1.0
0.3064771770552488,1.0
0.0,0.0
0.37537226220689623,1.0
0.29998563129306977,1.0
0.5918468893926314,1.0
0.35526047216041334,1.0
0.4027482507640139,1.0
0.4999429760419414,1.0
0.10301256952690041,1.0
0.5996469895625252,1.0
0.3658848921190194,1.0
0.5831627155466976,1.0
0.13293489326740193,1.0
0.1519661146969944,0.0
0.12989264147109258,1.0
0.2644647278126113,1.0
0.0,0.0
0.5856876536783915,1.0
0.7261286024669795,1.0
0.47354150919636906,1.0
0.49340919738756783,1.0
0.5660553010437273,1.0
0.22207047789876277,1.0
0.17576328354783577,1.0
0.10856730676896964,1.0
0.3574088195813996,1.0
0.9336907108808132,0.0
0.0,0.0
0.08508729426374417,1.0
0.26558717618881245,1.0
0.6145652752985296,1.0
0.6925270342304537,1.0
0.3530197749883084,1.0
0.08732351575165387,1.0
0.26793774370501877,1.0
0.19567517137131185,1.0
0.22569561403386507,1.0
0.6042500827018706,1.0
0.25232939629949813,1.0
0.1485632932186749,1.0
0.3761709877665256,1.0
0.08686076862037106,1.0
0.7545186776238713,1.0
0.3783694720539641,1.0
0.8416344441997179,0.0
0.49573177036945815,1.0
0.2744969969454534,1.0
0.3307150707504083,1.0
0.24775546113226854,1.0
0.27322604868889533,1.0
0.3775707925116514,1.0
0.35951587146291564,1.0
0.39568547804970455,1.0
0.6946753686465463,1.0
0.14599303103158423,1.0
0.2348015525894378,1.0
0.6652063314773282,1.0
0.3154074545097245,1.0
0.8555934799709197,0.0
0.05745940491661061,1.0
0.2526224445732703,1.0
0.8940508384364532,1.0
0.14080565702793413,1.0
0.4718029969959665,1.0
0.17372554474876356,1.0
0.17451329517846226,1.0
0.5451214356511143,1.0
0.1844821984668008,1.0
0.8429524921798546,1.0
0.22090454615981558,1.0
0.2564958291240038,1.0
0.6809949377140669,1.0
0.24000883708538634,1.0
0.50236638696905,1.0
0.20388913827884547,1.0
0.7725990942665732,1.0
0.24802267468446093,1.0
0.1769696625070316,1.0
0.5097565228697993,1.0
0.7717543033726049,1.0
0.23143836802645001,1.0
0.17767826215236981,1.0
0.45398126269517114,1.0
0.8559797623285843,1.0
0.5511923801414551,1.0
0.46530557602295186,1.0
0.3640309134687074,1.0
0.3730315984174526,1.0
0.5152144396784366,1.0
0.1261037036975976,1.0
0.4253474348143733,1.0
0.19854272142753038,1.0
0.23155890838566684,1.0
0.27994787710620717,1.0
0.20516517244922738,1.0
0.2476118781021177,1.0
0.08564045441735679,1.0
0.2853760047051943,1.0
0.18995347830393206,1.0
0.9259657839985524,0.0
0.6148566699500457,1.0
0.32638007249489975,1.0
0.13212932513291786,1.0
0.8227074189790544,1.0
0.5046471462164739,1.0
0.0,0.0
0.14211523081924238,1.0
0.9362714660163904,0.0
0.4096112983219471,1.0
0.0,0.0
0.5488841395528294,1.0
0.2380016227726478,1.0
0.709186712250633,1.0
0.10681251044086659,1.0
0.7647084720333175,1.0
0.3505566981349517,1.0
0.7359063378190145,1.0
0.08471875158150155,1.0
0.20576388374368904,1.0
0.15047338698504875,1.0
0.8695978007828367,0.0
0.8769491480874763,1.0
0.3275286326969553,1.0
0.4228202828496159,1.0
0.5182596755976676,1.0
0.7449731756610278,1.0
0.2264756145472786,1.0
0.4038984255736451,1.0
0.10916688739055802,1.0
0.33815101889025767,1.0
0.43633413709945623,1.0
0.5543207203327403,1.0
0.6308560204896541,1.0
0.09944984587755412,1.0
0.3435907958728963,1.0
0.3304815068605502,1.0
0.22763038508627753,1.0
0.4814893349552545,1.0
0.332475532210295,1.0
0.0,0.0
0.11211632326032639,1.0
0.20048083173650166,1.0
0.24333499571555262,1.0
0.0,0.0
0.14885927959805345,1.0
0.10886602317565508,1.0
0.7484577328964308,1.0
0.20257375130004052,1.0
0.22013053089864654,1.0
0.6356878687093075,1.0
0.3829073426501317,1.0
0.431830308313188,0.0
0.5964261725723126,1.0
0.5951313193203291,1.0
0.4430723486817363,1.0
0.5048929567147189,1.0
0.38636071114924464,1.0
0.5814541676218217,0.0
0.20043142714560336,1.0
0.1800639888989588,1.0
0.5249676197903592,1.0
0.30927568813216855,1.0
0.3238066971363258,1.0
0.6406530811137698,1.0
0.2452211114590206,1.0
0.367880648120007,1.0
0.2949340193765573,1.0
0.15350577807078203,1.0
0.879779040973339,1.0
0.3122967359494413,1.0
0.2320252738785351,1.0
0.5075203403965709,1.0
0.3949820233404009,1.0
0.46325921597971353,1.0
0.3163420682039231,1.0
0.35115042955549125,1.0
0.37939213288021056,1.0
0.18323942781344682,1.0
0.7585813684103515,1.0
0.832340133759994,1.0
0.25591189839145256,1.0
0.7404036641584186,1.0
0.5797828877208664,1.0
0.2236381788230526,1.0
0.6998993944422294,1.0
0.18356073472091472,1.0
0.1962879399555173,1.0
0.3016435961836006,1.0
0.09728160797179797,1.0
0.09967169235816264,1.0
0.805061362785755,1.0
0.7194974181589555,1.0
0.4007823650031681,1.0
0.7327152290079608,1.0
0.8805759028316595,1.0
0.2856988431889933,1.0
0.5801305095306057,1.0
0.0,0.0
0.0,0.0
0.0984275751981194,1.0
0.5012584550553787,1.0
0.29609848156251317,1.0
0.3032827589989284,1.0
0.1770513582490576,1.0
0.06541371311483157,1.0
0.10681644392103085,1.0
0.11491057673511484,1.0
0.5424925223936841,1.0
0.49529703477888987,1.0
0.2080643764167811,1.0
0.0,0.0
0.6573643005289247,1.0
0.5611629540584491,1.0
0.46104766377483086,1.0
0.1366130083384247,1.0
0.09982638756981643,1.0
0.4171161643955461,1.0
0.71896171257348,1.0
0.1766120209268629,1.0
0.2383601126720385,0.0
0.833342765049145,1.0
0.13865089019132792,1.0
0.17547184287900341,1.0
0.0,0.0
0.158961030876958,1.0
0.564578566349939,0.0
0.48065827022642793,1.0
0.0,0.0
0.20640395260095978,0.0
0.16942478237618364,1.0
0.08471937581640043,1.0
0.0983431484284103,1.0
0.46218426247578526,1.0
0.6498175747035431,1.0
0.62168825566892,1.0
0.8686050302042605,0.0
0.24002062952286884,1.0
0.5642872677345614,1.0
0.22586647132729398,1.0
0.25026579476830557,1.0
0.537456973521679,1.0
0.7830241542062035,1.0
0.3596990864065157,1.0
0.5982039005295654,1.0
0.3289994771742615,1.0
0.5826297679990682,1.0
0.7437063419527701,1.0
0.14555762919030668,1.0
0.43193130331750673,1.0
0.5393537932930621,1.0
0.8555153105558468,0.0
0.4437090292640029,1.0
0.26638060875669467,1.0
0.2864125157432613,1.0
0.521545094897665,1.0
0.22017416731898765,1.0
0.31508116572758205,1.0
0.16138751396011575,1.0
0.7005548430868989,1.0
0.07587562892328803,1.0
0.33631104150860835,1.0
0.5819319984290767,1.0
0.7613695496001451,1.0
0.09712062039233293,1.0
0.3117462698095834,1.0
0.20279503857021863,1.0
0.10096570129243077,1.0
0.27926404077928124,1.0
0.2572521357214197,1.0
0.0,0.0
0.8452558359258027,1.0
0.17288405909855475,1.0
0.27226562328177506,1.0
0.0,0.0
0.42238543621726343,1.0
0.22198841401820646,1.0
0.5292414980464732,1.0
0.14538701398797693,1.0
0.0838609687986982,1.0
0.19056117097807812,1.0
0.601528409538981,1.0
0.3399237899822465,1.0
0.31175017327845467,1.0
0.1445546447682715,1.0
0.17150074055717068,1.0
0.14977273032865002,1.0
0.4036291022275389,1.0
0.43811161496259876,1.0
0.14980190830829487,1.0
0.48314514303417866,1.0
0.4261376801829151,1.0
0.34583824558597565,1.0
0.4880865394767189,1.0
0.22271676709674182,1.0
0.37848293975174574,1.0
0.0,0.0
0.3516042933439807,1.0
0.35054549091768683,1.0
0.3633708901025745,1.0
0.6251346205325716,1.0
0.5335556554595935,1.0
0.1578618242466021,1.0
0.10763974372792484,1.0
0.0,0.0
0.0,0.0
0.6463136411768611,1.0
0.47865084683501324,1.0
0.2881088090567392,1.0
0.0,0.0
0.27110801267406126,1.0
0.26289442991108114,1.0
0.19281715490257278,1.0
0.2826866597073612,1.0
0.24153273052496393,1.0
0.44614179271045495,1.0
0.2807419619195284,1.0
0.33897232094539964,1.0
0.5538901863232231,1.0
0.4259841023917459,1.0
0.2017073112595198,1.0
0.4873167918214456,1.0
0.729579544052847,1.0
0.41627200774024065,1.0
0.4319363502166498,1.0
0.7465502441103085,1.0
0.42012738851617115,1.0
0.6248428127255861,1.0
0.321446219891099,0.0
0.7147320679624425,1.0
0.6903669704005946,1.0
0.2657563078328815,1.0
0.09216206549308303,1.0
0.11149346587971687,1.0
0.2245151608305056,1.0
0.3235855519196016,1.0
0.3895010358502895,1.0
0.3026376052282096,1.0
0.6897525341888628,1.0
0.38180720066780394,1.0
0.7314888505229633,1.0
0.11670610739150522,1.0
0.3423227437061338,1.0
0.3003214826736085,1.0
0.5382077210272147,1.0
0.08126261804190671,1.0
0.539511796749605,1.0
0.22453336368021937,1.0
0.4931524707816024,1.0
0.7262535945013573,1.0
0.14163779015879907,0.0
0.0,0.0
0.30544466252106206,1.0
0.45320611300711855,1.0
0.0,0.0
0.23747404524575177,1.0
0.32805830901362354,1.0
0.8274409101870619,1.0
0.14429688477344316,1.0
0.1558202470031267,1.0
0.21518220184737302,1.0
0.11076917132840158,1.0
0.6997015659995838,1.0
0.1650263802618661,1.0
0.27695415757254027,1.0
0.6400478923818556,1.0
0.9088031847296105,0.0
0.2563570448996386,1.0
0.1314391194091944,1.0
0.2820038367617692,1.0
0.42254779731358116,1.0
0.7016529873174746,1.0
0.0,0.0
0.7714995855225326,0.0
0.162002650435356,0.0
0.4445956639037312,0.0
0.06837269357622011,1.0
0.16774143793535368,1.0
0.312187711923809,1.0
0.4136620126016797,1.0
0.3019689045968308,1.0
0.3359504007998706,1.0
0.27355014664663324,1.0
0.6980772237612243,1.0
0.14856746578880875,1.0
0.6430142826315399,1.0
0.610127691440161,1.0
0.21374132764785259,1.0
0.48637642996421926,1.0
0.5480844076145011,1.0
0.320866082586011,1.0
0.08135455263680269,1.0
0.25221782731620124,1.0
0.522139047401398,1.0
0.1973961929900261,1.0
0.45056154886027455,1.0
0.3543218979758862,1.0
0.24213609757138022,1.0
0.37652467585900107,1.0
0.7164590768341537,1.0
0.17234211216446527,1.0
0.1711686315848966,1.0
0.09641375139823749,1.0
0.22188781416258152,1.0
0.8213277017928573,1.0
0.16332229701704515,1.0
0.6368960713547547,1.0
0.1222990370053263,1.0
0.4868371153196578,1.0
0.17033177667723187,1.0
0.4163245575146681,1.0
0.17982323530362132,1.0
0.26101814086538955,1.0
0.6029937189334409,1.0
0.434090928982485,1.0
0.7832610743590203,1.0
0.14286277411903825,1.0
0.6337713425224196,1.0
0.4484155953401112,0.0
0.5758538452261046,1.0
0.10190626022381588,1.0
0.12006992719353304,1.0
0.3639302195776968,1.0
0.6668028502457446,1.0
0.590898441492635,0.0
0.3776424084606611,1.0
0.3271384568741831,1.0
0.29659456323755196,1.0
0.24994311734511365,1.0
0.22793343812483302,1.0
0.48146084023271873,1.0
0.15915428859964553,1.0
0.15172168371786166,1.0
0.3302808243439199,1.0
0.17365551939829382,1.0
0.7631213778113493,1.0
0.12143338526144021,1.0
0.46500153361209673,1.0
0.21559497517356307,1.0
0.8499938448338167,1.0
0.11880535133490211,1.0
0.60677414250305,1.0
0.34345307604906417,1.0
0.0,0.0
0.4955675025556441,0.0
0.0,0.0
0.14718351701026755,1.0
0.3834750022598752,1.0
0.3061230517982687,1.0
0.26731217730500756,1.0
0.31690241706263844,1.0
0.011211596912706678,0.0
0.3550408655226551,1.0
0.19967938015107167,1.0
0.8522431882594983,0.0
0.520671998352308,0.0
0.5492613194852609,1.0
0.5433519828077786,1.0
0.44050799271715135,1.0
0.465809029471981,1.0
0.7344328363418824,1.0
0.5826751860898502,1.0
0.3518393037781724,1.0
0.49034954204232095,1.0
0.3326823860491879,1.0
0.23057728600214533,1.0
0.1595373087297376,1.0
0.11303660156013029,1.0
0.16126606325833803,1.0
0.0,0.0
0.4884895311220716,1.0
0.15393849190056352,1.0
0.2290831977782406,1.0
0.1968596811011385,1.0
0.09577312132978344,1.0
0.5930544127824757,1.0
0.3346735523230655,1.0
0.43486811643734713,1.0
0.5890895348028566,0.0
0.11092836723366162,1.0
0.6994180132989865,1.0
0.09183646196880257,1.0
0.42836593767398057,1.0
0.7940313221925095,1.0
0.2034538414770939,1.0
0.26615157757248875,1.0
0.11909618477523454,1.0
0.23720815919309635,1.0
0.5884308059238381,1.0
0.2834018138191383,1.0
0.5179176588971255,1.0
0.4471283609550989,1.0
0.5838714812545245,1.0
0.008051544788252318,0.0
0.3345070306611304,1.0
0.5347211590374243,1.0
0.25772080508123096,1.0
0.22541443222543212,1.0
0.34098785438861867,1.0
0.27434675040783185,1.0
0.1736432527823788,1.0
0.3097110439561295,1.0
0.6482555939317409,1.0
0.11674538317094152,1.0
0.0,0.0
0.30424773111697156,1.0
0.5890383045249545,1.0
0.10251480221755971,1.0
0.674875201863586,1.0
0.32486214329966145,1.0
0.29059401723809275,1.0
0.24414431326093577,1.0
0.488731112028725,1.0
0.0,0.0
0.8134321306973491,0.0
0.08326640206382985,1.0
0.7883124882009973,0.0
0.5084505494333014,1.0
0.18575503443370245,1.0
0.5183126005132603,1.0
0.378189838458022,1.0
0.48874275841124737,1.0
0.7611206089240174,1.0
0.33523448140011647,1.0
0.4785499998864071,1.0
0.06493461483062601,1.0
0.4366550358533363,1.0
0.3655111184683686,1.0
0.0,0.0
0.1568078146238352,1.0
0.8565847309776817,1.0
0.7210915110145031,1.0
0.33705658505589975,1.0
0.5033824893273513,1.0
0.40277206972706603,1.0
0.9176373240073863,1.0
0.24700111127117008,1.0
0.21591346001909173,1.0
0.0,0.0
0.410528931626442,1.0
0.06108915978973961,0.0
0.4891776130466119,1.0
0.28936926836631693,1.0
0.07949611931020018,1.0
0.238753772805953,1.0
0.0744762923543365,1.0
0.6231529048149289,1.0
0.3896791218638782,1.0
0.08254157631262471,1.0
0.8880516579508355,1.0
0.30669795613419515,1.0
0.15956974793657874,1.0
0.8893611537127804,0.0
0.24559096263364832,1.0
0.3248067414520017,1.0
0.3883474347513496,1.0
0.4168825314797133,1.0
0.10106251372285113,1.0
0.3460390231383679,1.0
0.6249889457152835,1.0
0.6738795872147891,1.0
0.2793364030091161,1.0
0.34050568294798733,1.0
0.437012692439152,1.0
0.7055418656985206,1.0
0.5439890045184113,1.0
0.8696662275317539,1.0
0.40847105224849,1.0
0.6605666515704192,1.0
0.4766798431482968,1.0
0.44038005957603854,1.0
0.29995033701186724,1.0
0.08353894862282774,1.0
0.25410210836927716,1.0
0.33548594302487444,1.0
0.42160631603511733,1.0
0.17279637110164892,1.0
0.535073761721462,1.0
0.8186413009028888,1.0
0.28047859481475035,1.0
0.1267350432700476,1.0
0.6476658770218573,1.0
0.5715885752092627,1.0
0.4882081152255511,1.0
0.46495642263688186,1.0
0.5332584546232164,1.0
0.07675497281951715,1.0
0.49918724266022574,1.0
0.09116735018270639,1.0
0.7141553859575804,1.0
0.08140532974417747,1.0
0.7890089482782279,1.0
0.8305630030274762,1.0
0.10344512629758063,1.0
0.7023580836445169,1.0
0.24356178905766068,1.0
0.10187677312785137,1.0
0.8448960165261221,1.0
0.07160912444191814,1.0
0.0,0.0
0.47544155718252634,1.0
0.2809129162494717,1.0
0.10082901785859111,1.0
0.40296592167335943,1.0
0.3616610747007485,1.0
0.1714957286712031,1.0
0.5986673549269916,1.0
0.7548929904774235,1.0
0.12195775157996191,1.0
0.5748016302786723,1.0
0.11448899709511773,1.0
0.6986795003973199,1.0
0.12711175702705724,1.0
0.21111598273318632,1.0
0.1624572124866015,1.0
0.1390020733411963,1.0
0.6897198658958166,0.0
0.3839928391213685,1.0
0.5007163360565419,1.0
0.3427214757486028,1.0
0.2524512711608864,1.0
0.6673839429103334,1.0
0.8544622833027442,1.0
0.13608627312849197,1.0
0.19126600320574028,1.0
0.7039685986797148,1.0
0.128806942923815,1.0
0.19176365647216675,1.0
0.47903664801160994,1.0
0.1818660520135067,1.0
0.3235787763699691,1.0
0.3129991822792926,1.0
0.2182189955898215,1.0
0.10288111706146896,1.0
0.3785848360952375,1.0
0.11998534936698135,1.0
0.3043829059831382,1.0
0.3924779810717993,0.0
0.3210522586438751,1.0
0.0,0.0
0.06368855293878228,1.0
0.0,0.0
0.30277029415892187,1.0
0.27661360442273075,1.0
0.35844624596390995,1.0
0.6371344690635743,1.0
0.4579934584804324,1.0
0.0,0.0
0.2984507927348554,1.0
0.8758772347275507,1.0
0.5398462676106552,1.0
0.33898413439078734,1.0
0.36619534494210626,1.0
0.34998393260385496,1.0
0.3092075474909133,1.0
0.5673177701095744,1.0
0.0584350770610631,0.0
0.48977314414436846,1.0
0.0,0.0
0.34425350625014817,1.0
0.09663185847171096,1.0
0.5836902860709583,1.0
0.0927584839247424,1.0
0.45814309678917864,1.0
0.0,0.0
0.5288164190896869,1.0
0.6648858128664958,1.0
0.6998265260219156,1.0
0.8228969272908424,1.0
0.6959108485564007,1.0
0.32347183512808675,1.0
0.16363319500764817,1.0
0.14587037187506624,1.0
0.4004074619275162,1.0
0.0736389392592045,1.0
0.20167804124524258,1.0
0.6811240623035206,1.0
0.3762676331340806,1.0
0.6468222085502551,1.0
0.7520667789768622,1.0
0.2561333827357899,1.0
0.11037909354252129,1.0
0.09789389037305352,1.0
0.5668097159292942,1.0
0.5485593123206667,1.0
0.4051784692528013,1.0
0.4155829914641047,1.0
0.4721949464861681,1.0
0.7449529740591858,0.0
0.2226643793832972,1.0
0.2684461700253342,1.0
0.46422156711148244,1.0
0.25440779339824804,1.0
0.2397323590469771,1.0
0.6578839170601056,1.0
0.32081035661638424,1.0
0.19596610885079446,1.0
0.17167486808118415,1.0
0.6395031113813094,1.0
0.5484437888493003,1.0
0.12231046530578427,1.0
0.6863699713338427,1.0
0.17178748245786135,1.0
0.12309823274188236,1.0
0.4806296054398973,0.0
0.0951593483676314,1.0
0.14712105850719537,0.0
0.37827442828909064,1.0
0.7762120258090999,1.0
0.2715436185921325,1.0
0.5708679110240502,1.0
0.0,0.0
0.7539545553452216,1.0
0.11606124973221332,1.0
0.19535865926812424,1.0
0.5478238715750496,1.0
0.4363996757615891,1.0
0.5234299651724643,1.0
0.0908642481257056,1.0
0.4738526162656478,1.0
0.3034095006917008,1.0
0.10663038090570476,1.0
0.2742033294386643,1.0
0.40594298593966593,1.0
0.9160479149143343,0.0
0.20117541210640022,1.0
0.43287173820221403,1.0
0.31826151148851123,1.0
0.23891686817857893,1.0
0.5447718911178558,1.0
0.5555932691916032,1.0
0.15365080264338404,1.0
0.9127074809123594,1.0
0.16666249593055626,1.0
0.5005348747728422,1.0
0.43199465715749374,1.0
0.7339457720600806,1.0
0.7597787379793233,1.0
0.431179504416332,1.0
0.351765402969372,1.0
0.34680210928692246,1.0
0.3518965073038016,1.0
0.5413095802537398,1.0
0.4554274248845567,1.0
0.9098313236172455,1.0
0.6025506552090043,1.0
0.4369675724605493,1.0
0.4872923976419399,1.0
0.3273418594143558,1.0
0.14731072988034333,1.0
0.678106026619711,1.0
0.327229405097909,1.0
0.32259081760207264,1.0
0.47098073658019457,1.0
0.0,0.0
0.4517205579942525,1.0
0.5490113414187645,1.0
0.3919286323524256,1.0
0.24249093609676242,1.0
0.5587220875628276,1.0
0.0,0.0
0.235872959758884,1.0
0.23458602148529906,1.0
0.0,0.0
0.4736979260558769,1.0
0.37960377452074834,1.0
0.2870038832742723,1.0
0.33858591954293793,1.0
0.1767120795788335,1.0
0.0,0.0
0.16552294311797233,1.0
0.17850333062481072,1.0
0.6633407664670807,1.0
0.265008038259789,1.0
0.1006262595608467,1.0
0.0,0.0
0.20938233636379122,0.0
0.7697795342689657,1.0
0.5147779354223214,1.0
0.4172316188409382,1.0
0.05948961288183785,1.0
0.6857827123488738,1.0
0.12326547967673696,1.0
0.09405239682287192,1.0
0.2801594967384635,1.0
0.20134026614080858,1.0
0.11912957433969451,1.0
0.6315600344093881,1.0
0.7342295628502713,1.0
0.21451989762295565,1.0
0.8836261156236831,1.0
0.09511826290721359,1.0
0.06932058926842144,1.0
0.4493430843532993,1.0
0.26128018047063106,1.0
0.24637635417570003,1.0
0.1251694001200958,1.0
0.3364895656870788,1.0
0.5721549423326451,1.0
0.3117402805558327,1.0
0.44728141154788403,1.0
0.6162642626257617,1.0
0.07344644182261151,1.0
0.14326725032302923,1.0
0.6043230041421355,1.0
0.6411620066219301,1.0
0.0,0.0
0.10741290636925394,1.0
0.7942219439232767,1.0
0.3366508493779703,1.0
0.4558739719197593,1.0
0.16296456140149118,1.0
0.3892950553400292,1.0
0.0,0.0
0.5861339076032972,0.0
0.1589747830518875,1.0
0.6560099358828624,1.0
0.1185323836174228,1.0
0.19393855288351158,1.0
0.3351560929026034,0.0
0.7500552400367706,1.0
0.2047024813390257,1.0
0.14547076350283517,1.0
0.1281391856474201,1.0
0.3177072279121562,1.0
0.6134956768096878,1.0
0.11151239000084523,1.0
0.6177865764709392,1.0
0.1749852917903154,1.0
0.3252594858192541,1.0
0.7442050426133302,1.0
0.7475339802892487,0.0
0.17348926883837468,1.0
0.0,0.0
0.6267286193527339,1.0
0.8884165712673515,0.0
0.14139468867995575,1.0
0.10012703270227874,1.0
0.2926146465989006,1.0
0.3472082961346272,1.0
0.36659366883098743,1.0
0.8760153046831367,1.0
0.6302290155483217,1.0
0.4333968868151117,1.0
0.08795033862447399,1.0
0.6882114632854228,1.0
0.1870650754008083,1.0
0.16041646755632533,1.0
0.4389276060192171,1.0
0.22000122824218638,1.0
0.46526647931089826,1.0
0.3414218216900804,1.0
0.17189849323110407,1.0
0.4924944791800212,1.0
0.47188593520553157,1.0
0.24691493084156058,1.0
0.8840396152231689,1.0
0.8073935433829811,1.0
0.8930588411488656,1.0
0.1294486313905434,1.0
0.32990791902001915,1.0
0.2767418516820461,1.0
0.5954654380488722,1.0
0.18808283438249518,1.0
0.38801275581199945,1.0
0.5173136706169394,1.0
0.08751793191026014,1.0
0.0,0.0
0.0,0.0
0.05618982217389412,1.0
0.24426495065666698,1.0
0.37461921683667665,1.0
0.0,0.0
0.323443734553869,1.0
0.6025332496593134,1.0
0.47953688625075896,1.0
0.6187992845519776,1.0
0.41209150862260335,1.0
0.07298028440804227,1.0
0.12055164246250705,1.0
0.46996397797494804,1.0
0.4247197666234608,1.0
0.4932651691899008,1.0
0.1763052444871951,1.0
0.21157813063898168,1.0
0.49417915112038724,1.0
0.616387608040518,1.0
0.35279777344935104,1.0
0.23936069118873338,1.0
0.6266070065899729,1.0
0.44627831508368754,1.0
0.0,0.0
0.17314021148844283,1.0
0.5046578792553058,1.0
0.0,0.0
0.49436810522362773,1.0
0.352713364686418,1.0
0.6941862726001933,1.0
0.26155867226681506,1.0
0.04725955372280666,0.0
0.855163061004693,1.0
0.8747871445276982,1.0
0.4581589037373175,1.0
0.7411119536870601,1.0
0.0,0.0
0.5280717328650053,1.0
0.22533971811058517,1.0
0.26427616085505345,0.0
0.0991657979906182,1.0
0.4044674787077702,1.0
0.11987190867936404,1.0
0.06650542592527042,1.0
0.0778920707083155,1.0
0.17533526248393771,1.0
0.45903826664069847,1.0
0.15026300581882657,1.0
0.980729846660569,0.0
0.578433873088009,1.0
0.19952267618352515,1.0
0.46977697760689674,1.0
0.5953296899670049,1.0
0.6668509213348472,1.0
0.59214510461072,1.0
0.5870635574295968,1.0
0.5088724662001587,1.0
0.12247864659223406,1.0
0.3175062912999098,1.0
0.4973691985320383,1.0
0.20640521507602783,1.0
0.27868451270344563,1.0
0.549979424707538,1.0
0.10686335057195695,1.0
0.5593261128569416,1.0
0.44283985919617574,1.0
0.6449774833820188,1.0
0.2597457340599809,1.0
0.6733460034277439,1.0
0.12411066671977622,1.0
0.7089817771337534,1.0
0.0898820015072852,1.0
0.12075788307064172,1.0
0.23625374204687866,1.0
0.5957029574271768,1.0
0.9059331857518651,1.0
0.21662988160781937,1.0
0.07268315960027438,0.0
0.3305177925148053,1.0
0.655402538319767,1.0
0.35569846997855414,1.0
0.14839797300884516,1.0
0.24467802309541264,1.0
0.18189400853351723,1.0
0.3889040492048119,1.0
0.6918342685434187,1.0
0.7334047894888798,0.0
0.12063846213266194,1.0
0.23707944175685336,1.0
0.48679286266742894,1.0
0.2738544301482104,1.0
0.6363690810488292,1.0
0.5173431267012343,1.0
0.16336727194106393,0.0
0.5066248224140497,1.0
0.2021070636859581,1.0
0.0,0.0
0.37092465357621585,1.0
0.4596520726152731,1.0
0.27611834705787963,1.0
0.36147866105867754,1.0
0.10735618702582173,1.0
0.3079724087094249,1.0
0.13055965846892237,1.0
0.16046517788597292,1.0
0.39929816149887376,1.0
0.3341882286962701,1.0
0.6965673485967092,1.0
0.4882799272483438,1.0
0.13133493620515901,1.0
0.1976871604808017,0.0
0.5001604818891745,1.0
0.11434533203409902,1.0
0.4017290202285828,1.0
0.0,0.0
0.24346617907972146,1.0
0.32876138458025617,1.0
0.5723596793749892,1.0
0.4526515613298767,1.0
0.0,0.0
0.2753622115248344,1.0
0.9260378371120672,1.0
0.4850793218637377,1.0
0.7717313277268918,1.0
0.14841859276803993,1.0
0.5248577974643278,1.0
0.29895802860720666,1.0
0.523847878432806,1.0
0.7895110712265914,1.0
0.6190694112003654,1.0
0.5721993630481155,1.0
0.15010204024764295,1.0
0.5024388152237296,1.0
0.0,0.0
0.5733032014213917,1.0
0.0,0.0
0.44520949788884634,1.0
0.135032220489538,1.0
0.6527559374064902,1.0
0.35595023271662063,1.0
0.8067047511911687,1.0
0.09327892476611055,1.0
0.0,0.0
0.123938764032967,1.0
0.7021826106141913,1.0
0.5301216362415961,1.0
0.2038980556344372,1.0
0.341229164193257,1.0
0.315499211037614,1.0
0.3054400617898114,1.0
0.10426508384678623,1.0
0.36604107689119303,1.0
0.5772612848442256,1.0
0.42253691021677797,1.0
0.0,0.0
0.0,0.0
0.34836146006906255,1.0
0.0,0.0
0.7323242758926942,1.0
0.2514756610397737,1.0
0.7053451206635608,1.0
0.22893189284234472,1.0
0.0,0.0
0.8278541796999672,1.0
0.685836071427842,1.0
0.5676602609885495,0.0
0.7717778262242305,1.0
0.7746136093265763,1.0
0.1167825251474306,1.0
0.4663798132573489,1.0
0.5549048141266506,1.0
0.13678214798550448,1.0
0.0,0.0
0.074591229605109,1.0
0.2900949374348616,1.0
0.17462843650602888,1.0
0.26304367907339143,1.0
0.30338743038666705,1.0
0.5266357675126794,1.0
0.33976766023077687,1.0
0.3370172532553828,1.0
0.19340759008274055,1.0
0.1559602346803497,1.0
0.47383717645566303,1.0
0.18732929782744323,1.0
0.810283648926807,0.0
0.2351815215713855,1.0
0.6488728912200932,1.0
0.09871171111818189,1.0
0.0,0.0
0.9174903817131486,1.0
0.24245429430849397,1.0
0.37755522565385835,1.0
0.14914062846935217,1.0
0.5217635731107979,1.0
0.38148033166732587,1.0
0.36980505527249363,1.0
0.4709257829011797,1.0
0.3851057919243952,1.0
0.6059249749621531,1.0
0.2527059579992894,1.0
0.8316854353976542,1.0
0.6482620273526307,1.0
0.28362158251787983,1.0
0.3371460127074357,1.0
0.8011955560865598,1.0
0.6270302578590021,1.0
0.5100807948930375,1.0
0.9315844282887809,0.0
0.29398055558908753,1.0
0.769143354875296,1.0
0.4275129306883052,1.0
0.663775695130302,1.0
0.3569727925048469,1.0
0.22686306034274395,1.0
0.8386368762178842,1.0
0.5104235758811804,1.0
0.30913202507190274,0.0
0.3740663748027715,1.0
0.4041508495605388,1.0
0.6795663731466486,0.0
0.696066274042856,1.0
0.3509636572732684,0.0
0.3238899064479064,1.0
0.5812574515977791,1.0
0.8701881529317599,1.0
0.2528004995751898,1.0
0.09398817665688775,1.0
0.15820996525171438,1.0
0.3046059189026771,1.0
0.23837529538527802,1.0
0.6512054189479448,1.0
0.6772578624563845,1.0
0.8266672600632949,1.0
0.18279212749478413,1.0
0.3086244870858659,1.0
0.11724027539839232,1.0
0.0,0.0
0.46656507597152297,1.0
0.2880856463406323,1.0
0.4116294147371362,1.0
0.570959706566621,1.0
0.24699769398524918,1.0
0.0,0.0
0.44208649870737693,1.0
0.23251124074738216,1.0
0.5988266108548377,1.0
0.27658663727501986,1.0
0.2965065701258318,1.0
0.07123899816377,1.0
0.2561877211832937,1.0
0.24825145977606233,0.0
0.3706528422939024,1.0
0.7173163144117969,1.0
0.5289115408839229,1.0
0.3179935366498481,1.0
0.0,0.0
0.6231817166567959,1.0
0.1828054455063386,1.0
0.5814800063449077,1.0
0.763003939619475,1.0
0.0,0.0
0.47143160724237365,1.0
0.7489688502293723,0.0
0.3038811011544831,1.0
0.6673993357026253,1.0
0.25612495756540676,0.0
0.1447065499300324,1.0
0.41083032904198813,1.0
0.22287512768767392,1.0
0.17119075390950522,0.0
0.5680092723211652,1.0
0.30766274218222023,1.0
0.18923145960901921,1.0
0.09032209711482242,1.0
0.3183246452456814,1.0
0.5255254667075966,1.0
0.847382765287195,1.0
0.14958981349722889,1.0
0.37038497249476476,1.0
0.41481146013763803,0.0
0.44476175040191457,1.0
0.43011836811180215,1.0
0.12569924650075892,1.0
0.3823537893485778,1.0
0.27088896524673345,1.0
0.05115649713871706,0.0
0.303960646087162,1.0
0.32152053985762796,1.0
0.0,0.0
0.09440029773763836,1.0
0.18421093238964747,1.0
0.2814021033300813,1.0
0.30829170085874136,1.0
0.12065335073522832,1.0
0.1870106819326005,1.0
0.6470091889107779,1.0
0.24184281320876755,1.0
0.0801847914568401,1.0
0.09641472376413773,0.0
0.6176589754548045,1.0
0.27379124237071295,1.0
0.75416458637969,1.0
0.3003717295814696,1.0
0.7301665189309072,1.0
0.3797260415297017,1.0
0.0,0.0
0.06602645268812024,1.0
0.32798200229948327,1.0
0.26367237465090865,1.0
0.5073337111681786,1.0
0.5386706072108227,1.0
0.0,0.0
0.9751589153246774,0.0
0.0,0.0
0.7354727326538248,1.0
0.09977913478864187,1.0
0.41925141588854764,1.0
0.12099848260800705,1.0
0.43817655239849085,1.0
0.6660343100448354,1.0
0.0,0.0
0.3719027676395599,1.0
0.9193458929401674,1.0
0.15893938073002944,1.0
0.7647705443910837,1.0
0.9030476389234794,0.0
0.44450975657689007,1.0
0.23985084063147877,1.0
0.4471287350958879,1.0
0.18595374920987373,1.0
0.1315939686788199,1.0
0.6166231526757286,1.0
0.09460059510933938,1.0
0.3183544354557073,1.0
0.21586357824863134,1.0
0.33170265237638663,0.0
0.4803946290185048,1.0
0.33206066009433277,1.0
0.28847447565671525,1.0
0.14311640656067226,1.0
0.4053578117391994,1.0
0.23484229191960715,1.0
0.6831022787043741,1.0
0.44144826654125113,1.0
0.708053447804355,1.0
0.16383533007087037,1.0
0.140265508770685,1.0
0.765357348204772,1.0
0.5267286244546536,0.0
0.3653536982312908,1.0
0.12025333721053899,1.0
0.5984878583826214,1.0
0.2109802856705172,1.0
0.20475220805113725,1.0
0.5655799441674101,1.0
0.7753376267736174,1.0
0.12187147211308469,1.0
0.23405602704892248,1.0
0.7093953027430269,1.0
0.3361394279305907,1.0
0.7360890495732653,1.0
0.7491731641124821,1.0
0.276830428013231,1.0
0.17064709833245528,1.0
0.5038150921153477,1.0
0.6027279069086418,1.0
0.544583312155781,1.0
0.17022010665591436,1.0
0.12314866271863245,1.0
0.31014445704904325,1.0
0.44828845749826796,1.0
0.10236278901514373,1.0
0.29460006771087954,1.0
0.5594884429415905,1.0
0.5800216505670868,1.0
0.758107236995174,1.0
0.0,0.0
0.08670040227467535,1.0
0.37898941333724956,1.0
0.0,0.0
0.0,0.0
0.4770070972937046,1.0
0.8005599279003088,1.0
0.2567235428124368,1.0
0.14737870946099152,1.0
0.20413372531670282,1.0
0.4646924222938167,1.0
0.16467875244986807,1.0
0.17558229644256906,1.0
0.8963402629446056,1.0
0.1866043680370879,1.0
0.3950046058381722,1.0
0.7431699581120679,1.0
0.5591789074636999,1.0
0.4388357674604597,1.0
0.5099212558586586,1.0
0.6169136399858131,1.0
0.5534560789690599,1.0
0.580761830095903,0.0
0.8253434459133535,0.0
0.5681636444112281,1.0
0.1423780807294004,1.0
0.30104282811517713,1.0
0.09599627530239996,1.0
0.760951548306676,1.0
0.6709382223821443,1.0
0.084684899843126,1.0
0.1152582885787341,1.0
0.3008592050179888,1.0
0.0,0.0
0.19215068010877445,1.0
0.888770457434362,1.0
0.14173896423050092,1.0
0.5312601966807509,1.0
0.11491687710593812,1.0
0.18608029382848734,1.0
0.7981753005674279,1.0
0.23789247269958436,1.0
0.18701581486411767,1.0
0.0,0.0
0.32481153825703446,1.0
0.48468910202440263,1.0
0.15432074574230192,1.0
0.06957003113314553,0.0
0.22628987265278955,1.0
0.35675418724390573,1.0
0.8844312976128603,1.0
0.618724148278273,1.0
0.4465880616410076,1.0
0.5042924997633684,1.0
0.6047949467336609,1.0
0.828374194380971,1.0
0.3049081466306687,1.0
0.515170860279552,1.0
0.6244359156106083,1.0
0.14637862713101057,1.0
0.9654319060608185,0.0
0.5677874508499672,1.0
0.20501806509287634,0.0
0.3451179995581155,1.0
0.7907442052536924,1.0
0.565043151172743,1.0
0.4601642943638047,1.0
0.3518442616438122,1.0
0.5801771150682229,1.0
0.45473562256003364,1.0
0.23503524552785704,1.0
0.18208254648015787,1.0
0.2296941826912522,1.0
0.48122484442773317,1.0
0.33300020564438393,1.0
0.4007731785463138,1.0
0.3883906780237498,1.0
0.1648970736038997,1.0
0.44975206825353187,1.0
0.2678967122649287,1.0
0.3368820713865808,1.0
0.41891468817824684,1.0
0.34660522720039033,1.0
0.0,0.0
0.36032926554229405,1.0
0.16977801929888425,1.0
0.7246139535060907,1.0
0.44359101885680463,1.0
0.5087719163633557,1.0
0.4257018611846619,1.0
0.2651789595773102,1.0
0.8898333634048159,0.0
0.27773729026458893,1.0
0.3227838042227451,1.0
0.6480161348235178,0.0
0.0,0.0
0.47962119697680095,1.0
0.3129749211498538,1.0
0.14042394939173208,1.0
0.5178504085909021,1.0
0.3052815461405314,1.0
0.41670129728146543,1.0
0.6067128254294962,1.0
0.8027619435165834,0.0
0.0,0.0
0.06071252006058625,1.0
0.17182091703926128,1.0
0.7362831906283498,1.0
0.6807631114780861,1.0
0.5937366034901568,1.0
0.47448498722620824,1.0
0.11135557599189028,1.0
0.0,0.0
0.37252058812479083,1.0
0.30908452819887655,1.0
0.1321555069851228,1.0
0.0,0.0
0.10240157961200635,1.0
0.1705667601012597,1.0
0.0,0.0
0.594469440255899,1.0
0.5235952103540611,1.0
0.2049818434627131,1.0
0.08897110773887107,1.0
0.22837615171751535,1.0
0.1314448275571647,1.0
0.564657074892625,1.0
0.31422214647949787,1.0
0.28190907810418153,1.0
0.9146702935167799,1.0
0.6165959034218615,0.0
0.020011689378701458,0.0
0.716616007887152,0.0
0.37058433351411724,1.0
0.717618813241804,1.0
0.7931967321371061,1.0
0.46409765848479,1.0
0.4673222779058537,1.0
0.4881786241280808,1.0
0.27079133951026657,1.0
0.6412809473792178,1.0
0.23751332202556474,1.0
0.9302023132002546,1.0
0.12521000840095153,1.0
0.37374890533933014,1.0
0.5849072890279539,1.0
0.6988343696744743,1.0
0.8759393501015036,1.0
0.19564511105964666,1.0
0.4044302016804622,1.0
0.5346811399782925,1.0
0.5356989339731553,1.0
0.5114493428762747,1.0
0.617338925020146,1.0
0.30500207597618756,1.0
0.2750200507700846,1.0
0.31995653732503904,1.0
0.2967943934334545,1.0
0.2847810148110921,1.0
0.46165734919884605,1.0
0.5664881959416448,1.0
0.602658797902992,1.0
0.5095505223520105,1.0
0.5136541185311492,0.0
0.6654560474451974,1.0
0.1783528560013603,1.0
0.5049002074431606,1.0
0.445843598500272,1.0
0.33141784620410863,1.0
0.5350622663957827,1.0
0.26624512877571327,1.0
0.0,0.0
0.42588663971663854,1.0
0.31729932341810274,1.0
0.3212324404461073,1.0
0.4366267532106063,1.0
0.8467835117887028,1.0
0.22948656356438235,1.0
0.44048571333344144,1.0
0.33788928840133625,1.0
0.43654497143620663,1.0
0.58762618914735,1.0
0.7337089869580828,1.0
0.15535979173426995,1.0
0.46644094826239035,1.0
0.0,0.0
0.5820775001812404,1.0
0.7213903254580791,1.0
0.5859252310785292,1.0
0.5995712140482747,1.0
0.1206675800897199,0.0
0.33438555394956593,1.0
0.7451867240190615,1.0
0.46316356598671726,1.0
0.7467908726585906,0.0
0.14903023192724385,1.0
0.0,0.0
0.43619586306707614,1.0
0.6507122183570555,1.0
0.11522291026591036,1.0
0.23327329350707338,1.0
0.6217514844618517,1.0
0.6070472232630664,1.0
0.47625630277047604,1.0
0.271562244601081,1.0
0.23446357841009213,1.0
0.1371178483092006,1.0
0.3827932567197103,1.0
0.627334256253294,1.0
0.27031352270828135,1.0
0.16332432978197264,1.0
0.31843381732702625,1.0
0.32040118664613404,1.0
0.8537066659646957,1.0
0.5024952884745577,1.0
0.5308437119579663,1.0
0.09861203961189391,1.0
0.9409762024039883,0.0
0.09096322737149665,1.0
0.7146768201727545,1.0
0.38382214088779376,1.0
0.39052552936617513,1.0
0.630374157164967,1.0
0.6449941476527674,1.0
0.45084961826050174,1.0
0.07717943754516865,1.0
0.0,0.0
0.19581436374926442,1.0
0.20224212650996343,1.0
0.5541572318121735,1.0
0.6416068140025022,1.0
0.312544627230682,1.0
0.07725227695456605,1.0
0.0,0.0
0.19831599611102035,1.0
0.7400259390208279,1.0
0.5380283315231238,1.0
0.10885612745190398,1.0
0.27046385727903033,1.0
0.5206821921882381,1.0
0.8458033899698423,1.0
0.19685062269246867,1.0
0.5158161801127603,1.0
0.19644963380074953,1.0
0.1251057741777175,1.0
0.3116627663873288,1.0
0.7249055152204718,1.0
0.20616908422022284,1.0
0.21487165799003005,1.0
0.7231322509428972,0.0
0.5246199059459875,1.0
0.8831509788301828,1.0
0.15121976684704475,0.0
0.40053566416989117,1.0
0.4084855587072562,1.0
0.2419623071742274,1.0
0.10690444303500968,1.0
0.316861368616149,1.0
0.061873325870652085,1.0
0.0,0.0
0.6425323022628091,1.0
0.6038330597765609,1.0
0.5356520583338988,1.0
0.17473603399485604,1.0
0.24550664190384186,1.0
0.29400912834098536,1.0
0.27486121500034333,1.0
0.478411913924798,1.0
0.9259497879792664,0.0
0.6649004263655409,0.0
0.2742495668377516,1.0
0.0004991018115125812,0.0
0.6433629958519758,1.0
0.09872548930289904,1.0
0.26307062121169134,1.0
0.1787952934901451,1.0
0.7483063619356898,1.0
0.0,0.0
0.18160002290701982,1.0
0.29744573653321194,1.0
0.7952293219986388,1.0
0.0,0.0
0.09507855396477849,1.0
0.8145134045796301,0.0
0.49301287325119114,1.0
0.5498737989606752,1.0
0.9196119520579473,1.0
0.48706197293335274,1.0
0.19740254838155336,1.0
0.42847068208919925,1.0
0.2915360317171989,1.0
0.5223637759665323,1.0
0.18687610229041596,1.0
0.42481209436629763,1.0
0.48357041006173596,1.0
0.3513732474016238,1.0
0.5169911652584958,1.0
0.43563084945301833,1.0
0.254246554724296,1.0
0.5299023817363451,1.0
0.34835703240293636,1.0
0.5027625640500895,1.0
0.2520595627614073,1.0
0.8164391662418171,1.0
0.2855470230592303,1.0
0.5256405840261285,1.0
0.23133751207445608,1.0
0.4861192862012782,1.0
0.3834991463452706,1.0
0.1812426964454299,1.0
0.2256559751177809,1.0
0.7517957379844078,1.0
0.20739459537884652,1.0
0.19432590264283833,1.0
0.5336756035959573,1.0
0.8931556535792864,1.0
0.7837589847221915,1.0
0.09549463253472812,1.0
0.3039492578017615,1.0
0.052052909457775964,1.0
0.12236527793172014,1.0
0.1366532584845146,1.0
0.1386586771215419,1.0
0.12525171209400954,1.0
0.0,0.0
0.3252036187965497,1.0
0.0,0.0
0.1543436703688159,1.0
0.7464506766431702,1.0
0.4516172401158385,1.0
0.17359493460029496,1.0
0.0,0.0
0.1794870317905759,1.0
0.4188077299299646,1.0
0.15509707587455468,1.0
0.2771549431279441,1.0
0.24150947577422466,1.0
0.09580261642875953,1.0
0.12218161581985143,1.0
0.4474530991537584,1.0
0.30860234775485784,1.0
0.6928796399156205,1.0
0.0,0.0
0.588856050943114,1.0
0.45709723323176776,1.0
0.1831961275195897,1.0
0.41239119239330657,1.0
0.6665944648305211,0.0
0.5637636617021347,1.0
0.0,0.0
0.12054326831132256,1.0
0.12801837018468243,1.0
0.8827918256812115,1.0
0.770995125694804,1.0
0.19884853450468531,1.0
0.6056772707513063,1.0
0.42338289355946346,1.0
0.16036302044423012,1.0
0.560590375597747,1.0
0.23206168758097512,1.0
0.6093248383273377,1.0
0.7793269939685032,1.0
0.1691126609251934,1.0
0.27488437971720314,1.0
0.31661979971401255,1.0
0.7486972940430512,1.0
0.2519868814114883,1.0
0.5892739942147491,1.0
0.6528009283365321,1.0
0.34909046039115443,1.0
0.2683316339255146,1.0
0.34947647764906264,1.0
0.6633763518578277,1.0
0.5803047040798406,1.0
0.7986882786005487,1.0
0.8642758951550706,1.0
0.26085348990739865,1.0
0.7925221162798337,0.0
0.10339257352202358,1.0
0.34723887664204156,1.0
0.0,0.0
0.9274600843022625,0.0
0.19462266031245257,1.0
0.12962068113268943,1.0
0.2397634647520226,1.0
0.5774337897576518,1.0
0.3431194585091175,1.0
0.27619461075583285,1.0
0.5246484076711582,1.0
0.48786528922046823,1.0
0.25622766721494505,1.0
0.19351865087480524,1.0
0.09604336802334412,1.0
0.37950116390847777,1.0
0.7619291281690006,0.0
0.2914707391476705,0.0
0.4315695091747327,1.0
0.3619747787472676,1.0
0.0,0.0
0.29555454588006036,1.0
0.0,0.0
0.49447399406949444,1.0
0.405838172498473,1.0
0.17711401282591233,1.0
0.4709882133937118,1.0
0.5794356370507865,1.0
0.5758872447943286,1.0
0.4029106608787778,1.0
0.12671868111298412,1.0
0.09417674861632719,1.0
0.0,0.0
0.36207962119937775,1.0
0.2320986054731411,1.0
0.4346392673216539,1.0
0.38254802643980135,1.0
0.25820383784597745,1.0
0.0,0.0
0.2560442611994449,1.0
0.4994833320783778,1.0
0.09790817774937866,1.0
0.37782780022339635,1.0
0.6881865859240968,0.0
0.18697496249141077,1.0
0.07372055697186797,1.0
0.34729064412209265,1.0
0.18611059523087503,1.0
0.6942882089587425,1.0
0.8301633366334116,0.0
0.5483999093374838,1.0
0.351901862318889,1.0
0.5516164917342232,1.0
0.30912910797420157,1.0
0.10288956724126352,1.0
0.15714940316326098,1.0
0.4392606453415815,1.0
0.5714180550426944,1.0
0.33701879383510125,1.0
0.8769501894793508,0.0
0.47915247959892016,1.0
0.33085911695485093,1.0
0.13467937371364913,1.0
0.5660911525346077,0.0
0.29366405148891106,1.0
0.4451823866869278,1.0
0.33971092087981614,1.0
0.25763490875853057,1.0
0.133187434298339,1.0
0.27194855496928616,1.0
0.2066077762996139,1.0
0.4703921200843957,0.0
0.41945442428040236,1.0
0.41365131057451787,1.0
0.4655367960308099,1.0
0.45481816862203406,1.0
0.26444580469185963,1.0
0.607820802360107,1.0
0.0,0.0
0.6872142830474961,1.0
0.09694739720862211,1.0
0.12653187281720912,1.0
0.233601553030804,1.0
0.1633958677016203,1.0
0.6023224133218106,1.0
0.5671905432342284,1.0
0.3665923763446264,1.0
0.3109628990279414,1.0
0.5388577616368462,1.0
0.20780649837753273,1.0
0.5644223725743776,1.0
0.9007595449159926,1.0
0.25868512595421134,1.0
0.7037827987633913,1.0
0.10276880079697115,1.0
0.26620651524548045,1.0
0.8696968010365329,1.0
0.0721944076834169,1.0
0.2786085331124015,1.0
0.26343244836688795,1.0
0.21709186845300676,1.0
0.14347310978773997,1.0
0.5726925246243235,1.0
0.15060910805675265,1.0
0.38865703025182663,1.0
0.19505439977558137,1.0
0.4026256506297061,1.0
0.4452745163552301,1.0
0.2723861026180292,1.0
0.3059022627155574,1.0
0.243943422666006,1.0
0.8172930665636549,1.0
0.39410555052455676,1.0
0.6614010555558045,1.0
0.3810506159657372,1.0
0.33955860956522077,1.0
0.45159003687928756,1.0
0.41374607223323556,1.0
0.2749061198980116,1.0
0.0,0.0
0.2569441038093192,1.0
0.34348431580455285,1.0
0.6987864476414609,1.0
0.6471004972700221,0.0
0.17011549228963307,1.0
0.3122846724099433,1.0
0.0,0.0
0.3888335156631104,1.0
0.5328652756703693,1.0
0.36561986939123203,1.0
0.37128692990043444,1.0
0.15254928014156777,1.0
0.4728795020837544,0.0
0.4851164678417321,1.0
0.6489394982842644,1.0
0.3067263518194636,1.0
0.38417143432656564,1.0
0.19027155399549667,1.0
0.428529620267577,1.0
0.34416940660353523,1.0
0.14434338427115811,1.0
0.0,0.0
0.2993079532835128,1.0
0.8220657835322775,1.0
0.13558805765050552,1.0
0.5282664401331556,1.0
0.3972657467032188,1.0
0.6761677612523913,1.0
0.28162693793511817,1.0
0.0,0.0
0.2830326769132898,1.0
0.3740465893575289,1.0
0.5200839310631751,1.0
0.9567250256704343,1.0
0.17013497462081473,1.0
0.2676118110568888,1.0
0.23494783563560206,1.0
0.4792130223811091,1.0
0.5603224067613417,1.0
0.5848966540260134,1.0
0.1006439542193287,1.0
0.0,0.0
0.10548323423555939,1.0
0.23536826284193912,1.0
0.0,0.0
0.14904482441838374,0.0
0.7301336835749956,1.0
0.684095451434279,1.0
0.14796116763942146,1.0
0.0,0.0
0.10846379781865556,1.0
0.8559135424100948,1.0
0.41442854404669616,1.0
0.2733666485965003,1.0
0.27008130332435965,0.0
0.21872057433340109,1.0
0.5597950773278035,1.0
0.20377215125674564,1.0
0.0,0.0
0.1333022174911398,1.0
0.12902619842944274,1.0
0.22211348208119386,1.0
0.623746308111996,1.0
0.37015313225351365,1.0
0.927467731179775,1.0
0.08994152690663348,1.0
0.64566097257832,1.0
0.5139309437001831,1.0
0.2186674803541897,1.0
0.3978368616131882,1.0
0.6677568402312222,1.0
0.10263435420485312,1.0
0.6580080957884369,1.0
0.1483462135318061,1.0
0.1624338887098875,1.0
0.14112977099169433,1.0
0.7499743936143428,1.0
0.07544617832145617,1.0
0.8203627476815898,1.0
0.1926641073109172,1.0
0.38046294282492177,1.0
0.6124341233481814,1.0
0.23149082876737426,1.0
0.15308282391355554,1.0
0.12496976199646959,1.0
0.18924016188367654,1.0
0.24878432329207056,1.0
0.5448292677086095,1.0
0.5972607386186812,1.0
0.32217819133121983,1.0
0.778904414952442,1.0
0.5357761090140456,0.0
0.1065508729869542,1.0
0.28379580007577276,1.0
0.6727202199460454,1.0
0.27147831601883965,1.0
0.287460742189825,1.0
0.833620015378167,0.0
0.26267145200471775,1.0
0.1306702150712611,1.0
0.12154154796295691,1.0
0.22545047678896513,1.0
0.14935530225088156,1.0
0.0,0.0
0.8222952428775994,1.0
0.4240673441175242,0.0
0.5977040314293225,1.0
0.067968723562708,1.0
0.24684132614418663,1.0
0.29560755182614473,1.0
0.13717576910473817,1.0
0.6214804154588567,1.0
0.5008357529930154,1.0
0.7107671279594836,1.0
0.2930979404618981,1.0
0.3717494219357249,1.0
0.7105168327736555,1.0
0.10310295954057214,1.0
0.0,0.0
0.45066240781339806,1.0
0.1310109042722667,1.0
0.11547289233391256,1.0
0.5378155574564554,1.0
0.5041970688528123,1.0
0.16608050292717103,1.0
0.26231004700837923,1.0
0.18697185932369154,1.0
0.5454753438264066,1.0
0.12943062261385885,1.0
0.5902532557098703,1.0
0.4181611886371228,1.0
0.3138840772643907,1.0
0.1343296981310771,1.0
0.3932629004361714,1.0
0.12733870942901948,1.0
0.740052394976177,1.0
0.5942542902951837,1.0
0.7283667926957245,1.0
0.5293114593728503,1.0
0.0,0.0
0.7252486663478979,1.0
0.13436873081903844,1.0
0.3786176464417381,1.0
0.08711555549641758,1.0
0.1152103175272754,1.0
0.4746422053872452,1.0
0.17197017720571228,0.0
0.17118150442893532,1.0
0.12400523804707175,1.0
0.7233546616358191,0.0
0.3081286465015496,1.0
0.7177425247943376,1.0
0.719193669858774,1.0
0.8119946857882674,0.0
0.7548413450432978,1.0
0.3905412052649999,1.0
0.3479135785316876,1.0
0.6989118228200151,1.0
0.68633075357624,1.0
0.2184668148439588,1.0
0.06775637565640347,1.0
0.5522133733401748,1.0
0.855441653838898,1.0
0.586577353471534,1.0
0.07932075332015343,1.0
0.27886530273455357,1.0
0.37065783917422346,1.0
0.3009341392156526,1.0
0.40048427583251156,0.0
0.6368856974510648,1.0
0.23552870121473868,1.0
0.3649041640720361,1.0
0.36159455867083334,1.0
0.812920815289873,1.0
0.8734650170124367,1.0
0.3272041445924061,1.0
0.0942949270867679,1.0
0.5910182565789324,1.0
0.0629718632491687,1.0
0.42737401841575595,1.0
0.30369996599350335,1.0
0.5512710947616877,1.0
0.011964311158324747,0.0
0.09138459893319384,1.0
0.4779932783926659,1.0
0.30177887008703497,1.0
0.2392725410179124,1.0
0.0,0.0
0.49558029737031983,1.0
0.6383555215444017,1.0
0.5705154033757749,1.0
0.48268665750653295,1.0
0.4835752388788146,1.0
0.4305069753443149,1.0
0.7244862044342422,1.0
0.31951109170429737,1.0
0.2617408858335981,1.0
0.10079521914016709,1.0
0.18365390778184443,1.0
0.08130471488290603,1.0
0.8139014913172811,1.0
0.0,0.0
0.47737399835820815,1.0
0.0,0.0
0.675257980902956,1.0
0.6660597596214854,1.0
0.5129894144036506,1.0
0.4440729261980554,1.0
0.32515411116687787,1.0
0.5232656343349347,1.0
0.5356797967718454,1.0
0.42920676007460923,1.0
0.3241969900031414,1.0
0.6727603100319044,1.0
0.0,0.0
0.768873917486276,1.0
0.8184388577237223,0.0
0.0,0.0
0.0,0.0
0.747813819592499,1.0
0.3339587673501949,1.0
0.1227212688907624,1.0
0.0,0.0
0.6983720417009196,1.0
0.2968178622647524,1.0
0.18429384659017778,1.0
0.6444449539917421,1.0
0.43264974066476247,1.0
0.16649878432604304,1.0
0.21606649360547747,1.0
0.6101834864357625,1.0
0.2280373612309936,1.0
0.0,0.0
0.5553082849523192,1.0
0.07981150699026873,1.0
0.13796006923609339,1.0
0.3824534488503488,1.0
0.24241708930828976,1.0
0.28172931946118407,1.0
0.25132292956707314,1.0
0.2611492091862675,1.0
0.7792126019228904,1.0
0.508766788433721,1.0
0.579437009567263,1.0
0.5821386752013398,1.0
0.18642623700655925,1.0
0.0,0.0
0.804836261080208,1.0
0.8319490736044481,1.0
0.3395781309110837,1.0
0.39093915501309207,1.0
0.4575424727749624,1.0
0.0803096824531977,1.0
0.46276168776034243,1.0
0.5052256349011879,1.0
0.7336306204688516,1.0
0.6430727586360017,1.0
0.4342573796176925,1.0
0.8259831916490343,1.0
0.49285318916222876,1.0
0.23035601073648415,1.0
0.0,0.0
0.14250664010616498,1.0
0.247228973015317,0.0
0.13836989445291303,1.0
0.0730001478826483,1.0
0.1692621221673094,1.0
0.3000478587091844,1.0
0.53351176394326,1.0
0.09717811302675372,1.0
0.469294108903886,0.0
0.33257783870812796,1.0
0.6035239594624215,1.0
0.08686916477983742,1.0
0.14519765173114862,1.0
0.6032530545211632,1.0
0.44721208846167615,1.0
0.41173478938951247,1.0
0.016337652842427275,0.0
0.27274015184639966,1.0
0.0,0.0
0.38496663155848854,1.0
0.12938088489760613,1.0
0.30346399619830544,1.0
0.5337276131671072,1.0
0.6554396472838331,1.0
0.4308654602418236,1.0
0.4658562362358394,1.0
0.1736060547848095,1.0
0.17324064128007288,1.0
0.8709014413414757,1.0
0.17820557958139105,1.0
0.4845837133667561,1.0
0.8831314304741555,1.0
0.662396929302099,1.0
0.45848155915222755,1.0
0.23125287622607127,1.0
0.26303817900372106,1.0
0.09468880530274681,1.0
0.13934781844473276,1.0
0.365191025017523,1.0
0.28159837818811395,1.0
0.5908843521908449,1.0
0.5540655563147756,1.0
0.35029569692045515,1.0
0.0,0.0
0.40567680877746604,1.0
0.32066093538932616,1.0
0.0,0.0
0.26725901930170437,1.0
0.8254757376946187,0.0
0.16297297556773316,1.0
0.26574544374473597,1.0
0.4974168304558839,1.0
0.1540559450980843,1.0
0.11193580333085729,1.0
0.13114938438219337,1.0
0.5797217187030261,1.0
0.5252331667154015,1.0
0.13328092848010575,1.0
0.11426889427064513,1.0
0.15506002693307508,1.0
0.2433910247992408,1.0
0.2182946550604048,1.0
0.48010154072967515,1.0
0.3087820983948437,1.0
0.6297863869876372,1.0
0.500415348795336,1.0
0.3810885252309557,1.0
0.6942223971938417,1.0
0.5136414567665395,1.0
0.5399604375726983,1.0
0.14983542191943267,1.0
0.14619259112584837,1.0
0.10254455241252813,1.0
0.8149584340437723,1.0
0.14908732441108885,1.0
0.369086046710291,1.0
0.2338681703586376,1.0
0.28406036062964457,1.0
0.6667197919910066,1.0
0.9517659155622598,1.0
0.24953447057174172,1.0
0.276367403777674,1.0
0.6761219780242085,1.0
0.3666651787400945,1.0
0.07075525813288008,1.0
0.10154568153841703,1.0
0.8685945772708323,1.0
0.3063695315483521,1.0
0.19443732857230467,1.0
0.0,0.0
0.3007624766191892,1.0
0.2909964826854381,1.0
0.1720308070206511,1.0
0.41233614467890645,0.0
0.52896245504287,1.0
0.11806358220792124,1.0
0.655457936165921,1.0
0.0,0.0
0.4731962252663715,1.0
0.6102327809852519,0.0
0.6458002409848822,1.0
0.33539954251244763,1.0
0.48483492189627464,1.0
0.7244635369044734,1.0
0.22767156558245683,1.0
0.08944141071341027,1.0
0.11287425546945862,1.0
0.4766760647264805,1.0
0.17480797906771528,1.0
0.0,0.0
0.5758915424115179,1.0
0.590227104869335,1.0
0.3910906280122304,1.0
0.41802859274142,1.0
0.4310599024102171,1.0
0.1594682477421574,0.0
0.47758007790573576,1.0
0.1305527198579295,1.0
0.3398938357104839,1.0
0.3687045291456128,1.0
0.5446415240608626,1.0
0.18369226421533202,0.0
0.44799601045073656,1.0
0.7121170379292558,1.0
0.1729502259970923,1.0
0.1033826787986496,1.0
0.17321081905800062,1.0
0.12988847090171163,1.0
0.315077762446931,1.0
0.10299187573984891,1.0
0.2355348205174259,1.0
0.48238218493380813,1.0
0.2724228514465765,1.0
0.4314924191658398,1.0
0.8900167534142933,1.0
0.4250370340108609,1.0
0.2802064444048229,1.0
0.0,0.0
0.33977560121896344,1.0
0.13449590567480962,1.0
0.24823630407298625,1.0
0.3309404185485594,1.0
0.24409347513059831,1.0
0.6854019630733026,1.0
0.07097328117473278,1.0
0.29980976911630863,1.0
0.795756676441588,1.0
0.758929678479082,1.0
0.2355403856115652,1.0
0.10921130710565263,1.0
0.21039798855269431,1.0
0.5165235903105101,1.0
0.2685998658609239,1.0
0.2916170712122801,1.0
0.2788293121913483,1.0
0.4010127386925575,1.0
0.2722798116208329,1.0
0.1394977888784572,1.0
0.7555750951527309,1.0
0.13280944306061437,1.0
0.3079437699326819,1.0
0.7111977990205736,1.0
0.5007734795595846,1.0
0.6260066316694908,1.0
0.20645951250809746,0.0
0.34957419141865653,1.0
0.5666424399835233,1.0
0.7762973599202403,1.0
0.266054753137551,1.0
0.11104795623488295,1.0
0.5829323248509088,1.0
0.7267876654717291,1.0
0.3407712468794295,1.0
0.5337331232405425,1.0
0.5776621586926538,1.0
0.2929101077806475,1.0
0.5806211971758759,1.0
0.4428125779302623,0.0
0.3416455178667275,1.0
0.13794750450799897,1.0
0.3229879280343311,1.0
0.4708283062208025,1.0
0.6830530891944107,1.0
0.5714504682397479,1.0
0.10535387455764234,1.0
0.17005619797724236,1.0
0.15939791127461467,1.0
0.17105850914593335,1.0
0.853940356902362,1.0
0.4862935657825105,1.0
0.14054526604306705,1.0
0.5031549106897373,1.0
0.47856846583512525,1.0
0.9423210084531601,1.0
0.6664004118085631,1.0
0.5312990743103638,1.0
0.43744881655221945,1.0
0.4227191147801723,1.0
0.37796073724746515,1.0
0.6514658469467403,1.0
0.2463895511417049,1.0
0.1414456628614893,1.0
0.5821053866749,1.0
0.34643460099391943,0.0
0.3143998403455224,1.0
0.3736811218324645,1.0
0.21976735323525487,0.0
0.29376218641698637,1.0
0.2902746140469916,1.0
0.5417369930887626,1.0
0.3407577447986099,1.0
0.23681877966997122,1.0
0.7288293987739287,1.0
0.5575832890340804,1.0
0.40166786721676573,1.0
0.17211105921947345,1.0
0.5884562154854311,1.0
0.6064613327930686,1.0
0.8679005010906602,1.0
0.2768492380914447,1.0
0.21586917735556987,1.0
0.5868008605770343,1.0
0.2505675183065712,1.0
0.0,0.0
0.3487723306792625,1.0
0.19332813618431777,1.0
0.10346795588833313,1.0
0.5127270186643962,1.0
0.7069647911439425,1.0
0.110490302390299,1.0
0.11110691642154258,1.0
0.6489949051338066,1.0
0.41624056190720493,1.0
0.6044961122825558,1.0
0.09159412877906536,1.0
0.4965992057845372,1.0
0.44784886307932803,1.0
0.6909376451449303,1.0
0.2882872161911654,1.0
0.25161819367466176,1.0
0.2430726359898503,1.0
0.2987410829707806,1.0
0.2771625359851284,1.0
0.657738563363655,1.0
0.4453780713228608,1.0
0.36450062021888785,1.0
0.3074711230761422,1.0
0.57710158174811,1.0
0.6296276102401057,1.0
0.4256838053902845,1.0
0.0,0.0
0.8236123184918362,1.0
0.552391499368821,1.0
0.29000019778442576,1.0
0.06543612554860756,1.0
0.09355105516850903,0.0
0.1670619852579902,1.0
0.5847773351264305,1.0
0.15065332569580603,1.0
0.48508036325561266,1.0
0.7825747360906159,1.0
0.09058752999695008,1.0
0.3436560634330137,1.0
0.4181792584367705,1.0
0.21673363064847928,0.0
0.7138147467753972,1.0
0.5106252927870503,1.0
0.17152557490231013,0.0
0.4924990338939552,1.0
0.0,0.0
0.6262317413780489,1.0
0.33763423742590915,1.0
0.3454170050735921,1.0
0.48649839085798163,1.0
0.9480305549497969,1.0
0.8730712588416312,1.0
0.6779847849966094,1.0
0.458971076357062,1.0
0.33478622972345873,1.0
0.0,0.0
0.11403223421570319,1.0
0.21796088046135642,1.0
0.4811412409678346,1.0
0.130580074151323,1.0
0.2002936663063375,1.0
0.5168729157613279,1.0
0.4455660120447664,1.0
0.2165970742624479,1.0
0.3144548570482524,0.0
0.22368197130211875,1.0
0.6956474114252718,1.0
0.25453305653464087,1.0
0.20185400145889476,1.0
0.4624820735417918,1.0
0.4148398668270472,1.0
0.40346044876340903,1.0
0.37974994552475083,1.0
0.1361990935827162,1.0
0.5037198302684103,1.0
0.3909962765078534,1.0
0.1269861927773559,1.0
0.18910481395238543,1.0
0.3846809090413914,1.0
0.3499951038075677,1.0
0.39854534921636464,1.0
0.5487486585714718,1.0
0.7611229418018768,1.0
0.5431825200391085,1.0
0.13455529302220892,1.0
0.4305618239838034,1.0
0.2393583282995806,1.0
0.17625701333786203,1.0
0.41329854482912065,1.0
0.5115209208109803,1.0
0.0,0.0
0.5345959189096896,1.0
0.5049718574049695,1.0
0.32399325833912007,1.0
0.16964579354246423,1.0
0.0,0.0
0.5564287055654757,1.0
0.33896300744073704,0.0
0.6626130826403847,1.0
0.6239411314238135,1.0
0.26432882367201893,1.0
0.11532036793913525,1.0
0.20888914677704307,1.0
0.2720502702446428,1.0
0.6098214662079124,1.0
0.6037101895406138,1.0
0.0,0.0
0.3315628787797218,1.0
0.08202253699864981,1.0
0.48384568464728694,1.0
0.952742331986784,0.0
0.2367058081589044,1.0
0.2727280232824332,1.0
0.3390054484112319,1.0
0.3348348020011582,1.0
0.0,0.0
0.19793162447235702,1.0
0.739921408686167,1.0
0.2548269381219881,1.0
0.22338170531232748,1.0
0.32558294153531664,1.0
0.6320912693125509,1.0
0.4160647727579243,1.0
0.28689178509183844,1.0
0.5347223905008232,1.0
0.5525695083534239,1.0
0.1206324298627246,1.0
0.6367199100654375,1.0
0.10196085376731201,1.0
0.3289764064927869,1.0
0.30532237550457975,1.0
0.522384603804027,1.0
0.9376200444851199,1.0
0.35498320682574525,1.0
0.7525056651292821,1.0
0.11617096301721253,1.0
0.22156266080769926,1.0
0.3383666930482274,1.0
0.07091058858357346,1.0
0.10833055467939534,1.0
0.40082937069136193,0.0
0.8743010205997508,1.0
0.6229477486148562,1.0
0.17851089547145493,1.0
0.4186992381045993,1.0
0.8990461351616155,1.0
0.7030292181917761,1.0
0.8601343576986675,1.0
0.09964471220555815,1.0
0.6305185775101987,1.0
0.20465580877618672,1.0
0.09505586742785743,1.0
0.6416064248560667,1.0
0.715902380349823,1.0
0.5169744879828531,1.0
0.12211222370766883,1.0
0.0,0.0
0.6730942116787606,1.0
0.0,0.0
0.36727181401634246,1.0
0.8272871853405559,1.0
0.3349122851579929,1.0
0.5943297777010188,1.0
0.1672053251966661,1.0
0.6805284981933415,1.0
0.39359734928893975,1.0
0.38187811335217603,1.0
0.670921507092197,1.0
0.24281151072867546,1.0
0.7165080762725933,1.0
0.12271241255813292,1.0
0.2267231196832138,0.0
0.09626397903904849,1.0
0.5849823232632616,1.0
0.7980879126834552,1.0
0.4099920475975187,1.0
0.17708260300642875,1.0
0.544287227739511,0.0
0.4634056390785797,1.0
0.31931779696768103,1.0
0.3897263146224663,1.0
0.7226446024412541,1.0
0.31390564037856894,1.0
0.45282590093369546,1.0
0.598324313840974,1.0
0.12455267104556178,1.0
0.1673241669166865,1.0
0.8833437903849779,0.0
0.6589211293620578,1.0
0.12976138307869123,1.0
0.2859981478170255,1.0
0.5971774002585399,1.0
0.18048626780208776,1.0
0.2392805550335786,1.0
0.44548183536916763,1.0
0.2083831403673373,1.0
0.8003036454614834,1.0
0.18169790173872613,1.0
0.11473821187439048,0.0
0.14832681523224522,1.0
0.2148134560887125,1.0
0.08812607275305107,0.0
0.28458177783841876,1.0
0.1371125833279936,1.0
0.0,0.0
0.6410807880594662,1.0
0.7273232119973514,1.0
0.6210157045886211,1.0
0.5318302181792705,1.0
0.0381864585261571,0.0
0.9123639706497917,1.0
0.8185387303056753,1.0
0.18706533449830642,1.0
0.2168964549190897,1.0
0.301348362087305,1.0
0.30598680352818075,1.0
0.11155751298057703,1.0
0.0,0.0
0.07778795653025439,1.0
0.07846098979199745,1.0
0.08441088673226638,1.0
0.1558828415573954,1.0
0.18221476323319008,1.0
0.5922180450581371,1.0
0.3679666964999262,1.0
0.684187655130438,1.0
0.0,0.0
0.1774146159425647,1.0
0.18917873776984395,1.0
0.7177729972610964,1.0
0.6659943420049022,1.0
0.7345943681261313,1.0
0.49810856875631426,1.0
0.4063350924889684,1.0
0.1791275155049572,1.0
0.6470004976402617,1.0
0.1370018296514961,1.0
0.0,0.0
0.5346160254757706,1.0
0.14439872809698429,1.0
0.19840088905615083,1.0
0.7146234760994328,0.0
0.25713811181433766,1.0
0.21990851735517225,1.0
0.883606392201779,1.0
0.7120785644517245,1.0
0.39901386251745175,0.0
0.31553704827572915,0.0
0.39460362394908843,1.0
0.26502215657249595,1.0
0.28999782689226183,1.0
0.20391094448449865,1.0
0.4257367503134062,1.0
0.8375143258032858,1.0
0.2004236262101191,1.0
0.3599282616449284,1.0
0.7239071565390987,1.0
0.665842523875892,1.0
0.8759167626018507,0.0
0.694844543306802,1.0
0.2427142781401499,1.0
0.09890833310683966,1.0
0.7061594370900175,1.0
0.26137387572806237,1.0
0.0,0.0
0.10840007383938577,1.0
0.17840655120681248,1.0
0.41504210993092494,1.0
0.12078287147375288,1.0
0.1094540264406958,1.0
0.5588212858910593,1.0
0.24639635670263083,1.0
0.10273819828127495,1.0
0.21989105278327115,1.0
0.27987511172466695,1.0
0.23622945490765224,1.0
0.2419084999266139,1.0
0.13892471423104036,1.0
0.31543470476396784,0.0
0.598059662252846,1.0
0.6870560765145362,1.0
0.3658040847112729,1.0
0.5999324049640555,1.0
0.17256321736613156,1.0
0.5358501018574788,0.0
0.5162751568252384,1.0
0.5254428556211272,0.0
0.0,0.0
0.14023612771462313,1.0
0.13671662332864187,1.0
0.48129413950340094,1.0
0.19643651486410718,1.0
0.0899426943459396,0.0
0.616986366352672,1.0
0.8036936040995291,1.0
0.9187939962619991,1.0
0.15753533939067754,0.0
0.0,0.0
0.3061925159375547,1.0
0.13832199842968684,1.0
0.10740515945409745,1.0
0.4903260652080115,1.0
0.47224948500895936,1.0
0.6653205134438882,1.0
0.45783796696913237,1.0
0.6102044133105244,1.0
0.7458491552912867,1.0
0.722241806869683,1.0
0.383856334754912,1.0
0.022050943748081142,0.0
0.39237423603264476,1.0
0.17418517170592773,1.0
0.6225642673112248,1.0
0.0,0.0
0.46600576150204764,1.0
0.42037821690264243,1.0
0.15193098047602227,1.0
0.6386720106389312,1.0
0.3524980216530498,1.0
0.07384577709207418,1.0
0.287370948400512,1.0
0.20647547151345513,1.0
0.4175348749559107,1.0
0.6861755661793776,1.0
0.21170051069047258,1.0
0.8052436833928169,1.0
0.5985422988685221,1.0
0.3133419172501193,1.0
0.10446457191394698,1.0
0.45534694860141167,1.0
0.38646193924127425,1.0
0.21142851633927018,1.0
0.5451128034028074,1.0
0.07402357399687132,1.0
0.6131993673087188,1.0
0.5602433980304355,1.0
0.54154018402971,1.0
0.7575479095208051,1.0
0.34905310433410763,1.0
0.3134342039775224,1.0
0.06889629560714061,1.0
0.15467848535936213,1.0
0.7538547157756916,1.0
0.5222295954745473,1.0
0.0,0.0
0.23311251700703695,1.0
0.3133377636871373,1.0
0.757876406133752,1.0
0.35737488981366194,1.0
0.2866204079729,1.0
0.4174472389785806,1.0
0.08586799804179535,1.0
0.4969929349444264,1.0
0.47756336161541224,1.0
0.2206106915826318,1.0
0.4069412015672085,1.0
0.30849022656376546,1.0
0.12329065815137152,1.0
0.40376095584392324,1.0
0.13986656064690495,1.0
0.3778867914217252,1.0
0.4057359280239794,1.0
0.24172268700539767,1.0
0.5053187839530828,1.0
0.1340101448835096,1.0
0.2797422887435119,1.0
0.27813856926547587,1.0
0.15220789467855944,1.0
0.5442146414253539,1.0
0.6277815905847555,1.0
0.3486771928790029,1.0
0.6409677875374826,1.0
0.9756465068048641,0.0
0.8787829071291697,1.0
0.37122542575648687,1.0
0.3142539644525697,1.0
0.1869059555241579,1.0
0.20418670725375287,1.0
0.09549898517262134,1.0
0.368865986902005,0.0
0.38918004005989415,1.0
0.2914597019944005,1.0
0.8540331678270205,1.0
0.08627751414229401,1.0
0.819827093115312,1.0
0.28096179064085636,1.0
0.47203731216853173,1.0
0.3371931024272503,1.0
0.2895803948129876,1.0
0.7370244825757686,1.0
0.44799880650288815,1.0
0.09490595701671944,1.0
0.3320894749373293,1.0
0.7279044667229231,1.0
0.1473469605138944,1.0
0.1981441494452918,1.0
0.5148792675535012,1.0
0.1755765132663658,1.0
0.12655938016819812,1.0
0.12152236874583666,1.0
0.4888479199834417,1.0
0.19020725079826795,1.0
0.0,0.0
0.0,0.0
0.38710818942457204,1.0
0.3603676599900867,1.0
0.41570886182899747,1.0
0.29757175195268815,1.0
0.7477421156103619,1.0
0.5080727142543009,1.0
0.0,0.0
0.8933045215981728,1.0
0.33431268352849886,1.0
0.6292134964094851,1.0
0.309596716934986,1.0
0.7975203261011914,1.0
0.29295305394124505,1.0
0.20147176962543822,1.0
0.8625825439487049,1.0
0.6810465561380279,1.0
0.0,0.0
0.26576112464544277,1.0
0.0,0.0
0.39977911948288236,1.0
0.4328122047998537,1.0
0.5578717755912832,0.0
0.26805551802337657,1.0
0.17780300809414262,1.0
0.47185465043310293,1.0
0.5359373797000435,1.0
0.34112104050642156,1.0
0.42443937511241536,1.0
0.33393085184561855,1.0
0.4142466215894576,1.0
0.6401400720689794,1.0
0.5922901721995082,1.0
0.0,0.0
0.2529269571610526,1.0
0.24612820379696077,1.0
0.2669626867920769,1.0
0.23022797655735028,1.0
0.23842849540439204,1.0
0.7552196734078835,1.0
0.6620072416630305,0.0
0.1558566206905092,1.0
0.3681119451568504,1.0
0.181627320178956,1.0
0.21851719380151025,1.0
0.2579559585692537,1.0
0.2713421417766084,1.0
0.43384245648253206,1.0
0.45139124007224796,1.0
0.0916483471813958,1.0
0.4160072000933881,1.0
0.404291475477931,1.0
0.4419154253326374,1.0
0.10803134108561929,1.0
0.830531871312643,1.0
0.0,0.0
0.9572817211543883,0.0
0.4819899203250282,1.0
0.0,0.0
0.4661929589442577,1.0
0.69789178398042,0.0
0.4527600061375492,1.0
0.4971332607488863,1.0
0.4573026365248216,1.0
0.5670113558061782,1.0
0.12263020562374605,0.0
0.3587954573718135,1.0
0.0,0.0
0.1547199379579336,1.0
0.3210194162853286,1.0
0.48794166396020655,1.0
0.475685747070937,1.0
0.6010075795511773,1.0
0.44732415463206365,1.0
0.4949184033002436,1.0
0.5962176381009994,1.0
0.09576477318838617,1.0
0.0,0.0
0.19055933828843852,1.0
0.288218026155024,1.0
0.1569657850679551,1.0
0.6963083671422474,1.0
0.42869475940927115,1.0
0.45081362271541403,1.0
0.09120740925689619,1.0
0.15439952138549806,1.0
0.5908957624845272,1.0
0.4823231587223038,1.0
0.5329511649904344,1.0
0.7135782187701447,1.0
0.9315111106994447,0.0
0.1543250713700317,1.0
0.3866004363576008,1.0
0.4629742327408062,1.0
0.26561830790364604,1.0
0.3847925960691083,1.0
0.17806695241612713,1.0
0.40472657920702915,1.0
0.28084243372696926,0.0
0.34886487050190507,1.0
0.3930430607107023,1.0
0.08670500100517353,1.0
0.22223945248373012,1.0
0.1874946920651297,1.0
0.2715147437265495,1.0
0.6628971255254381,1.0
0.37667349185831256,1.0
0.0862579907956782,1.0
0.5483049476034783,1.0
0.3083933581122644,1.0
0.26829271227933793,1.0
0.19786768641252905,1.0
0.06013975653024284,1.0
0.28953434448429505,1.0
0.4767775008968096,1.0
0.3987950951955268,1.0
0.4144022521530828,1.0
0.30178807154953624,1.0
0.20635599655514802,1.0
0.13594099145914473,1.0
0.3689794265892461,1.0
0.369218776656437,1.0
0.2384289295677675,1.0
0.1204345804121747,1.0
0.5645448046454433,1.0
0.06357616264642774,0.0
0.7239312345996485,1.0
0.33391955859598,1.0
0.11204075782512879,1.0
0.658688188706722,1.0
0.5286403968526949,0.0
0.10335843667636269,1.0
0.5527492569926573,1.0
0.8347225082451297,1.0
0.3241327448277458,0.0
0.806287957352064,1.0
0.5834464093003735,1.0
0.22499572766732534,1.0
0.5016011400073834,1.0
0.2218860965162328,1.0
0.632299667732668,1.0
0.1602101089037702,1.0
0.10605926999724069,1.0
0.7427227648336836,1.0
0.7799569880346406,1.0
0.0,0.0
0.0,0.0
0.66105683602634,1.0
0.38178500531571524,1.0
0.7393604856113747,1.0
0.09770070267671693,1.0
0.2594221092803002,1.0
0.09160597323612274,1.0
0.7669745827685208,1.0
0.2383776202601262,1.0
0.2749024725255089,1.0
0.2727854438897501,1.0
0.7306811635911785,0.0
0.15724798926111117,1.0
0.08946851691344593,1.0
0.1468494553031814,1.0
0.3583872517644515,1.0
0.20285184694715452,1.0
0.7760368969082698,1.0
0.36833333946730784,1.0
0.6027024203180629,1.0
0.584966550327922,1.0
0.41916132198630196,1.0
0.0,0.0
0.47844755533662564,1.0
0.35364640378809886,1.0
0.3802941052915272,1.0
0.6714063835507238,1.0
0.6106295722974258,1.0
0.9426376706128137,1.0
0.5355348842414052,1.0
0.838427601468005,0.0
0.5029893333831628,1.0
0.633391943755043,1.0
0.2757134396916423,1.0
0.6968730116173982,1.0
0.0975020409204963,1.0
0.42387833399320307,1.0
0.4477049589283397,1.0
0.1987465171156444,1.0
0.7508462376883962,0.0
0.16274546395534095,1.0
0.4403033337041693,1.0
0.7922688589793649,1.0
0.09785522982512829,1.0
0.6116574200755172,1.0
0.33885278696488186,1.0
0.09185820715149262,1.0
0.5744414657491199,1.0
0.24427952013914878,1.0
0.4828942186115692,1.0
0.490733302450979,1.0
0.5785031351512542,1.0
0.41998886438968075,1.0
0.35607220261377126,1.0
0.679509057578858,0.0
0.4517698235328256,1.0
0.33495857857816036,1.0
0.09373227336073331,1.0
0.2195390793360148,1.0
0.18679065113523174,1.0
0.1506477846107015,1.0
0.08404600042591426,1.0
0.8278262571927555,1.0
0.5166372530816976,1.0
0.10932427561558988,1.0
0.23098807158034784,1.0
0.0,0.0
0.9026924812780122,1.0
0.4210900017465673,1.0
0.3897421125672169,1.0
0.10003291028410688,1.0
0.607454616564759,1.0
0.20048353875515001,1.0
0.118314618672692,1.0
0.5993190601630203,1.0
0.12186825290169878,1.0
0.1578065344411037,1.0
0.07042711765394616,1.0
0.5082488965515233,0.0
0.18064743745006506,1.0
0.1412285081463871,1.0
0.3750906892512744,1.0
0.5039380913998555,1.0
0.2188287990582567,1.0
0.28666079917206755,1.0
0.3812966465467986,1.0
0.31247134365414553,1.0
0.2809659782166367,1.0
0.08364592887939137,1.0
0.4005680623612986,1.0
0.5539185770066091,1.0
0.9399952862862344,0.0
0.7826418423426316,1.0
0.1023512086574665,1.0
0.5008403837355595,0.0
0.3601770472627077,1.0
0.9779145552692334,0.0
0.44428782206315454,1.0
0.0,0.0
0.1977903553129141,1.0
0.2703618348881065,1.0
0.3282214624080826,1.0
0.7743025882896704,0.0
0.45531766758299375,1.0
0.2566046190615485,1.0
0.42672378273271816,1.0
0.3798750556035486,1.0
0.25904853370418435,1.0
0.2085042449388661,1.0
0.430444673900344,1.0
0.23983908620830086,1.0
0.3116380170741868,1.0
0.25206484174788457,1.0
0.24889591328327265,1.0
0.0888060246182576,1.0
0.6277401860042531,1.0
0.05534076267365329,1.0
0.7010443552898509,1.0
0.5121688196146521,1.0
0.0,0.0
0.9261572590504232,1.0
0.0,0.0
0.4717192594856252,1.0
0.11951833863130856,1.0
0.24098850673409533,1.0
0.6181588705648347,1.0
0.16545113809781498,1.0
0.12061751925187725,1.0
0.20195689117619287,1.0
0.40734106103392564,1.0
0.21812360169319378,1.0
0.965736700754757,0.0
0.9827073247836084,0.0
0.17239794217324178,1.0
0.6481074751948084,1.0
0.32646885590400787,1.0
0.315456159837491,1.0
0.3239346322781915,1.0
0.6897519859825731,1.0
0.963342847950341,1.0
0.539467666143302,1.0
0.0,0.0
0.18680103204155607,1.0
0.14326623394056526,1.0
0.3677243483045425,1.0
0.5335330989716098,1.0
0.23178524755687002,1.0
0.26516808548540016,1.0
0.0,0.0
0.32550718402784273,1.0
0.09929252267699118,1.0
0.2622893592235864,1.0
0.3614160795093033,1.0
0.8661450645216346,1.0
0.6725130429855621,1.0
0.14177023899916508,0.0
0.1462445116634945,1.0
0.724743733342113,1.0
0.8412910989992621,1.0
0.6009513693993536,1.0
0.7259406857541086,1.0
0.5739901219088841,1.0
0.4171725396094823,1.0
0.3941472031984161,1.0
0.6296827830015603,1.0
0.13016473786069227,1.0
0.3805325520187921,1.0
0.09320680562775108,1.0
0.2176224921261647,1.0
0.5676255959441283,1.0
0.0787706773271073,1.0
0.48366897415130383,1.0
0.32638886480343654,1.0
0.08499026475163562,1.0
0.36911703136978735,1.0
0.4804646153542933,1.0
0.3119248480083807,1.0
0.1684380840826023,1.0
0.6661966751426593,1.0
0.2520355467241968,1.0
0.3445835934616359,1.0
0.0,0.0
0.24008119631409164,1.0
0.38488817903688366,1.0
0.27490680415549695,0.0
0.12942913705484482,1.0
0.7196973033755629,1.0
0.12464353323691357,1.0
0.217117105949852,1.0
0.5565483665938009,1.0
0.0,0.0
0.46693988701254296,1.0
0.5095283450066979,1.0
0.7158296869953866,1.0
0.3540045115436894,1.0
0.11614578454257751,1.0
0.891715983833,1.0
0.5608750417173232,1.0
0.6126292067578736,1.0
0.10186816288782685,1.0
0.374036945728641,1.0
0.10753441209173564,1.0
0.24761168703021808,1.0
0.23639482313555105,1.0
0.5695245975365282,1.0
0.8237571359865141,0.0
0.24670338023527938,1.0
0.861600327341578,1.0
0.3798220066412772,1.0
0.633663546959057,1.0
0.8781388187593602,0.0
0.7957328734845595,1.0
0.6538456004456017,1.0
0.18867887467186018,1.0
0.5909016627047738,1.0
0.18049325243039638,1.0
0.6085892295184783,1.0
0.30721232569094514,1.0
0.5103318183529146,1.0
0.12216993142302446,1.0
0.0,0.0
0.09432194725442988,1.0
0.6034162599351971,1.0
0.2698645447583279,1.0
0.7834488070026264,1.0
0.28923726769459623,1.0
0.26892737910382936,1.0
0.2628855415664062,1.0
0.39506409522396835,1.0
0.5088405992086416,1.0
0.7632145268632442,1.0
0.1404228939945873,1.0
0.19115973121569674,1.0
0.8295832433448878,1.0
0.18836211947719717,1.0
0.6418127454943168,1.0
0.7370365911322061,1.0
0.15839719770709992,1.0
0.6554465838940726,1.0
0.50881823879444,1.0
0.3625882465946053,1.0
0.27754276106344555,1.0
0.3080523087757401,1.0
0.8846452541244818,1.0
0.5458828821826827,1.0
0.5376106193384462,1.0
0.28516640383259606,1.0
0.5417741710788024,1.0
0.5309906532518278,1.0
0.42706721496592426,1.0
0.1831447841991496,1.0
0.3295414851313132,1.0
0.4922389050077154,1.0
0.7165953891283339,1.0
0.6023757814041666,1.0
0.6636791377958735,1.0
0.3960364611242846,1.0
0.7250259325333861,1.0
0.0,0.0
0.08461093200910419,1.0
0.1781794187370913,1.0
0.27414528859795384,1.0
0.0,0.0
0.5497331780451651,1.0
0.26425194874406044,1.0
0.7032579302558974,1.0
0.0,0.0
0.24429851528700386,1.0
0.2261151439025353,1.0
0.36816743703839006,1.0
0.661107496089671,1.0
0.1136613186405433,1.0
0.22772283887654643,1.0
0.10522276722208268,1.0
0.32385639283676815,1.0
0.0,0.0
0.190514003228901,1.0
0.5059750859188559,1.0
0.3030873864804451,1.0
0.5642941223139326,1.0
0.18418566888301502,1.0
0.12823505072135122,1.0
0.08606308645336913,1.0
0.5843953513863314,1.0
0.18971438033160437,1.0
0.5770038309645882,1.0
0.0,0.0
0.5933053442077201,1.0
0.3116098774852878,0.0
0.13062140270321576,1.0
0.19904028165894827,1.0
0.32202174245966564,1.0
0.054397752819988376,0.0
0.15032429388146307,1.0
0.4579517918013032,1.0
0.07133402992412652,1.0
0.16021205863745314,1.0
0.38698940072450316,1.0
0.17674431470888052,1.0
0.2807995986081564,1.0
0.24835900724606752,1.0
0.17405658331824592,1.0
0.23614891259966253,1.0
0.544747556960937,1.0
0.6766626584817241,1.0
0.3665311643105986,1.0
0.4911713752973532,1.0
0.22627500005624634,1.0
0.30969282109888674,1.0
0.3925777796258956,0.0
0.1240039285543113,1.0
0.26187725915074145,1.0
0.2306254711341622,1.0
0.16841024060512932,1.0
0.5267948913908356,1.0
0.10990955785671197,1.0
0.32409664324275544,1.0
0.5646550851438845,1.0
0.21303301511055306,1.0
0.3563568197149021,1.0
0.6447991632803429,1.0
0.27447965742060765,1.0
0.59753271996499,1.0
0.228275215735406,1.0
0.307105448473155,1.0
0.4028798933009692,1.0
0.22620663032878596,1.0
0.09082333272928267,1.0
0.43674887716572863,1.0
0.6150228394794732,1.0
0.270851495146772,1.0
0.31604800654881604,1.0
0.6092525101103021,1.0
0.5194753290468448,1.0
0.09741923876212688,1.0
0.17876670073071832,1.0
0.7063498637473784,1.0
0.23235462281220975,1.0
0.48223466142085814,1.0
0.3139017269059332,1.0
0.4037775450864385,1.0
0.08808529340782423,1.0
0.4511686763217311,1.0
0.5932441101654109,1.0
0.4030588186303916,1.0
0.21006647180327276,1.0
0.0,0.0
0.25469145614025424,1.0
0.31395338934645745,1.0
0.09867219424802354,1.0
0.5004268111085932,1.0
0.10774599871156898,1.0
0.6506511853904113,1.0
0.13203660324176347,0.0
0.5190297983941057,1.0
0.0,0.0
0.6342389444805692,1.0
0.0,0.0
0.06530136783941654,1.0
0.3979672426754517,1.0
0.488483883997064,1.0
0.6412404551420292,1.0
0.44050841487600945,0.0
0.1774625719883769,1.0
0.39149758014791214,1.0
0.18928472465260215,1.0
0.15272652383819363,1.0
0.1483017598039127,1.0
0.6111858086085933,1.0
0.5287595336837656,1.0
0.6498873179478561,1.0
0.31723361669272787,1.0
0.0922703882548297,1.0
0.2844934596043558,1.0
0.3413670040622616,0.0
0.11535576225798172,1.0
0.0,0.0
0.8879384853641037,1.0
0.6101801481795799,1.0
0.5062696787738528,1.0
0.5196000629841007,1.0
0.37523484549712594,0.0
0.21324208378288567,1.0
0.17374252713922012,1.0
0.5052203509128281,1.0
0.16317571485832572,1.0
0.14772737866486407,1.0
0.2415167795226174,1.0
0.2600268098285117,1.0
0.11489073526879068,1.0
0.1664992014830191,1.0
0.7937147070505479,1.0
0.49910077412220133,1.0
0.5254347325644289,1.0
0.23022571070471276,1.0
0.25621200632176677,1.0
0.19359250466591327,1.0
0.25151088429424906,1.0
0.33657212875547815,1.0
0.3744004505151284,1.0
0.30904532444654365,1.0
0.4965020712329027,1.0
0.895426521104465,1.0
0.20805595524790377,1.0
0.20812652280240407,1.0
0.7191396265223204,1.0
0.2501552091550501,1.0
0.47381035036103025,1.0
0.4149886848271116,1.0
0.34913378669479966,1.0
0.13348678194255825,1.0
0.6227915908528461,1.0
0.3604351483859025,1.0
0.2858161773417174,1.0
0.5206562354207325,0.0
0.36691535087962057,1.0
0.470776975905256,1.0
0.5988606636688778,1.0
0.8074461771890298,1.0
0.3141169458926223,1.0
0.5632221769419608,1.0
0.47431127085691216,1.0
0.5536613011939782,1.0
0.44746778768103646,1.0
0.12707500619775702,1.0
0.5745291897595775,1.0
0.766350446906821,0.0
0.5314354706361648,1.0
0.22204246435729535,1.0
0.2763949231331799,1.0
0.2276152613952478,1.0
0.42294099127207474,1.0
0.6774163590985123,1.0
0.3301469739761602,1.0
0.35643751408011104,1.0
0.24085164023136763,1.0
0.2641633353989472,1.0
0.49828882158527366,1.0
0.11481940642781918,1.0
0.0,0.0
0.5531494735937637,1.0
0.2894214750116251,1.0
0.3862578044255476,0.0
0.9290768486890846,1.0
0.26792938255872745,1.0
0.707202021413456,1.0
0.11915896740027376,0.0
0.6082971075932901,1.0
0.5315033591825569,1.0
0.6071111363134838,1.0
0.533427307162258,1.0
0.583356118323969,1.0
0.7526571791438545,1.0
0.5372869285339203,1.0
0.37827673015528074,1.0
0.955554644257079,1.0
0.5750987020664886,1.0
0.12083546826587321,1.0
0.12485095528962464,1.0
0.3637800690762134,1.0
0.2368274729412403,1.0
0.0,0.0
0.10664799153256599,1.0
0.17986441479942483,1.0
0.7131633506556883,0.0
0.07122472479271469,1.0
0.15578418543319428,1.0
0.08585508718345203,1.0
0.45221727690908375,1.0
0.5838261431938574,0.0
0.17054697565639243,1.0
0.46047103278916746,1.0
0.5158325302653064,1.0
0.937849449810114,1.0
0.3766076991005636,1.0
0.8658593420045371,0.0
0.0,0.0
0.3677092136093716,1.0
0.29133446986967737,1.0
0.17415698910084165,1.0
0.15878806078848662,1.0
0.38334315364537375,0.0
0.8456104783774028,1.0
0.4491780972688244,1.0
0.48726688104006843,1.0
0.14269917455668635,1.0
0.36824459307212853,1.0
0.07919550819053667,1.0
0.15996726852317789,1.0
0.12191728735331386,1.0
0.11501277819342137,1.0
0.3570885250548894,1.0
0.5567003467837943,1.0
0.4384955614412749,1.0
0.291948132790421,1.0
0.0,0.0
0.5714813878747758,1.0
0.4627970410637552,1.0
0.482108661007028,1.0
0.5140954185919209,1.0
0.4476769163759551,1.0
0.3068368493995921,1.0
0.11932439565075903,1.0
0.6876062165316745,1.0
0.688949428981176,1.0
0.5487920969172779,1.0
0.10862623694433582,1.0
0.2470636157915589,1.0
0.6940699088126161,1.0
0.5290481272812477,1.0
0.523947756016641,1.0
0.18000242673317723,1.0
0.29665131459303007,1.0
0.6250557518543669,1.0
0.31249447235745365,1.0
0.29033942043356964,1.0
0.10677778837498764,1.0
0.6770095990351073,1.0
0.6772004518528316,1.0
0.8012377709719791,0.0
0.5019201800618371,1.0
0.1471130554956699,1.0
0.4225350115022932,1.0
0.34527381519138256,1.0
0.29131584786223463,1.0
0.13801715471730303,1.0
0.6825810855799226,1.0
0.39298679453779783,1.0
0.12496903472279719,1.0
0.8059538986461066,1.0
0.22615132551764106,1.0
0.4637547644541091,1.0
0.6324387070530251,1.0
0.20393408219119413,1.0
0.5708419872689672,1.0
0.12241550883355856,1.0
0.06476137864202158,1.0
0.1977170317213197,1.0
0.6195339039885366,1.0
0.9740072659601733,0.0
0.2987254680949185,0.0
0.7871269220736496,1.0
0.24877112832681814,0.0
0.14060613294722168,1.0
0.41173438823855957,1.0
0.32230469293364594,1.0
0.5114120338369208,1.0
0.22650952630824017,1.0
0.9513060755249141,0.0
0.7944674543085886,1.0
0.13080147946592158,1.0
0.4326368618184655,1.0
0.621060273359805,1.0
0.3776666925987584,1.0
0.2058957913804007,1.0
0.6413191627596273,1.0
0.3058965725743632,1.0
0.35638477323378304,1.0
0.4033477813667803,1.0
0.11636448283852774,1.0
0.6388192330385731,1.0
0.41210973848248145,1.0
0.6632506855697291,1.0
0.5210933959237929,1.0
0.3232525616156834,1.0
0.14092613536381116,1.0
0.2371070041285468,1.0
0.46591233934738385,1.0
0.21345161262838053,0.0
0.14296144124738008,1.0
0.46337419024441484,1.0
0.2110869728167839,1.0
0.6638092897719319,0.0
0.41469006245581186,1.0
0.5049027604038372,1.0
0.17065957202629356,1.0
0.47261106807230435,1.0
0.45192412759729095,1.0
0.1029514875418105,1.0
0.14913755731367928,1.0
0.3717059995959415,1.0
0.591968106006322,1.0
0.10876691988318532,1.0
0.15443748867255014,1.0
0.21888557142164045,1.0
0.27148880196469083,1.0
0.8708213862168117,1.0
0.11653330736702916,1.0
0.21686039234878018,1.0
0.12041474194697965,1.0
0.4798641373950372,1.0
0.5551267916565736,1.0
0.5742663668595829,1.0
0.8425734985649362,1.0
0.5487087035364322,1.0
0.45828644072935987,1.0
0.3650912474713319,1.0
0.07037684373592068,1.0
0.7435347433803994,1.0
0.6074928449500621,1.0
0.3022344575241318,1.0
0.44219641506879404,1.0
0.16941470958580274,1.0
0.24107699103064784,1.0
0.11034957243375709,1.0
0.07443384037970091,1.0
0.4094425048051158,1.0
0.3759272120339614,1.0
0.6887918046673045,0.0
0.26009846979408513,1.0
0.8813303357240025,1.0
0.1356524488808617,1.0
0.3803544049822407,1.0
0.3112968897083004,0.0
0.2831220885588026,1.0
0.22262525366032726,1.0
0.2516188129076782,1.0
0.7036400980652617,1.0
0.5628185510579446,1.0
0.48847325299662936,1.0
0.2333943280522517,1.0
0.6247152347181091,1.0
0.323017410128414,1.0
0.6789441930208895,1.0
0.31254410703493285,1.0
0.46968274114581066,1.0
0.0,0.0
0.9135821320427051,1.0
0.5851410579949823,0.0
0.8232839109123922,1.0
0.8805238592477109,1.0
0.6593949206492451,1.0
0.3051025747937923,1.0
0.37580739694766363,1.0
0.9667369871615317,1.0
0.5262895162186636,1.0
0.0,0.0
0.5687161943352121,1.0
0.5264181846364604,1.0
0.3707997955922817,1.0
0.4170861651068436,1.0
0.2949802517737621,1.0
0.365156835151911,1.0
0.19219492775912084,1.0
0.08615965279118587,1.0
0.06989810458685808,1.0
0.22205730994367467,1.0
0.34557177231234926,1.0
0.2291637500899948,1.0
0.4824090530442513,0.0
0.45492117238224594,1.0
0.3367879689759379,1.0
0.644441412659142,1.0
0.2856345519962815,1.0
0.18349801712034441,1.0
0.8428340706179394,1.0
0.3552751046666107,1.0
0.4476629751298784,1.0
0.1550028464161035,1.0
0.5711644726198823,1.0
0.6090070887584926,1.0
0.48793785052521477,1.0
0.7795205227932067,1.0
0.3362106917470937,1.0
0.29920178933412434,1.0
0.504499974836031,1.0
0.0,0.0
0.35657145848325555,1.0
0.22046918533397175,1.0
0.3699115283382022,1.0
0.4380673793167693,1.0
0.500907094838881,1.0
0.5886814272323861,1.0
0.2126669533618828,1.0
0.448913036526732,1.0
0.4724968590955809,1.0
0.1885611773824878,1.0
0.0,0.0
0.5157977631824879,1.0
0.3829577996370457,1.0
0.2583437745040018,1.0
0.20772184052086606,1.0
0.32446129846215,1.0
0.315379902141796,1.0
0.43736530712770705,1.0
0.13082307259139325,1.0
0.5476505453525653,1.0
0.04257646748213695,0.0
0.20946078188276163,1.0
0.8149425640719175,0.0
0.24325555782315345,1.0
0.3219213556842222,1.0
0.4562136127262555,1.0
0.5614418370018219,1.0
0.1858703408233815,1.0
0.0,0.0
0.2167695111502761,1.0
0.23030247259013326,1.0
0.6879540784317597,1.0
0.2792929546595455,1.0
0.4741131793152631,1.0
0.4244713371396944,1.0
0.6458625004130427,1.0
0.0,0.0
0.5479558012200432,1.0
0.7544672452699279,1.0
0.9964472701112954,0.0
0.7094646508386457,1.0
0.5732124862853767,1.0
0.4938751127110379,1.0
0.10795789444772286,1.0
0.10710669914378101,1.0
0.22392567200645042,1.0
0.0,0.0
0.5909862925509004,1.0
0.4766164212827122,1.0
0.10281897467735224,1.0
0.30778542234664386,1.0
0.8001893594557736,1.0
0.21279886600047693,1.0
0.31011403159997686,1.0
0.36436513323527153,1.0
0.0,0.0
0.6322022490741244,0.0
0.22318127489055994,1.0
0.08919798511259991,1.0
0.7568433974136033,1.0
0.0882616817825932,1.0
0.3752538786592856,1.0
0.28468531379889717,1.0
0.13285745412713057,1.0
0.2692084018524086,1.0
0.4026711297434513,1.0
0.15308845603291665,1.0
0.1262341968020224,1.0
0.3206340792834004,1.0
0.43081873365865686,1.0
0.6704188619473319,1.0
0.44043385481913466,1.0
0.633009465828982,1.0
0.6319631010829743,1.0
0.23323366059324746,1.0
0.2140728423965208,1.0
0.4485570205582792,1.0
0.5589343184250888,1.0
0.2056709227625646,1.0
0.23275322080423555,1.0
0.1379428507567968,1.0
0.5156639308215043,1.0
0.43280935572775103,1.0
0.9298948314951967,1.0
0.7395221634505846,0.0
0.12153445829512188,1.0
0.5020044567750799,1.0
0.07758330752103682,1.0
0.3176291435290808,1.0
0.4575898496028157,1.0
0.40923667735245095,1.0
0.6452462795297405,0.0
0.19411729514404508,1.0
0.12294001920628705,1.0
0.3552600169891331,1.0
0.11809126662554004,1.0
0.0,0.0
0.3873294846977626,1.0
0.2057229823525364,1.0
0.26460402222896073,1.0
0.0,0.0
0.08523654542680781,1.0
0.11039785360191257,1.0
0.3489110198678653,1.0
0.5732171590437307,1.0
0.29836559067340485,1.0
0.31594682647485595,1.0
0.5049231180644043,1.0
0.2761700255044275,1.0
0.12799139003207793,1.0
0.36268025621773425,1.0
0.1297559440319831,1.0
0.6244443227742154,1.0
0.39051632190141516,1.0
0.2668334371555683,1.0
0.4946362851394617,1.0
0.9281514084468467,1.0
0.4286528596424306,1.0
0.3347642174402585,1.0
0.4265899323649589,1.0
0.12696161752971502,1.0
0.39111714298979017,1.0
0.22989301551184393,1.0
0.18499933806591518,1.0
0.9000706957027225,1.0
0.11007661271928981,1.0
0.8338755665418143,1.0
0.6414093587002698,1.0
0.11618639782531526,1.0
0.7646828553938017,1.0
0.16396959659522903,1.0
0.39576728083200985,0.0
0.3712039656810817,1.0
0.12142183291430397,1.0
0.4354569710227385,1.0
0.3695606092877144,1.0
0.1766072321248413,1.0
0.41401963117319074,1.0
0.0,0.0
0.5817555210208045,1.0
0.12322315074840384,1.0
0.12237997946389223,1.0
0.2846809811685329,1.0
0.2069617995181967,1.0
0.21625612596394417,1.0
0.18267015159537525,1.0
0.0,0.0
0.22625429226392457,1.0
0.8594231990903944,1.0
0.5422804715991822,1.0
0.17811779554834706,1.0
0.34404467366665603,1.0
0.5026660267231899,1.0
0.4437086671277317,1.0
0.12089115622119495,1.0
0.23234359866383336,1.0
0.13735139919416506,1.0
0.19812041651461376,1.0
0.8251639893840412,1.0
0.3507605718524278,1.0
0.5306478162426043,1.0
0.5532452256251572,1.0
0.24662802587951038,1.0
0.09479625573623762,1.0
0.38428619651146123,1.0
0.5365478474184355,1.0
0.3461716280374585,1.0
0.5322894439854822,1.0
0.263171325106466,1.0
0.15485212770080148,1.0
0.09189886945267611,1.0
0.13569111543104562,1.0
0.3664376461197971,1.0
0.6417983950942756,1.0
0.3899096075954285,1.0
0.23644189584896624,1.0
0.8211581439884248,1.0
0.7838510763761897,0.0
0.1480000612750576,1.0
0.4837095664261364,1.0
0.41196637853627704,1.0
0.1357708574378833,1.0
0.15831814896113583,1.0
0.3159860802460104,1.0
0.23355000763432265,1.0
0.8018260113262361,0.0
0.43931986162460923,1.0
0.1497141592884259,1.0
0.35520373781133463,1.0
0.09594480693490492,1.0
0.909703414485167,1.0
0.25904995323835367,1.0
0.6349350294166345,1.0
0.6779404343074895,1.0
0.23249337102302237,1.0
0.6793786665128301,0.0
0.0,0.0
0.17316692253978472,1.0
0.38582426628557887,1.0
0.2880516675544489,1.0
0.0,0.0
0.3171998549882322,1.0
0.34852350304567237,1.0
0.4270306482058892,1.0
0.4982037105580792,1.0
0.7714038514979151,1.0
0.0695585958300522,0.0
0.10633457859559092,1.0
0.0,0.0
0.2905358653555976,1.0
0.24547588332942105,1.0
0.1241762243890614,1.0
0.6169221011697479,1.0
0.491725539828912,1.0
0.19830784604415852,1.0
0.31308436833472,1.0
0.060100259667612566,1.0
0.12327995712458595,1.0
0.6142365375948602,1.0
0.2428700127429253,1.0
0.5837468783665827,1.0
0.7530457483620627,1.0
0.5641485975531104,1.0
0.12678153976663253,1.0
0.1928746845509215,1.0
0.22184134767728958,1.0
0.7837505525491739,1.0
0.5472019185347428,1.0
0.5930294633940458,1.0
0.3883404131091126,1.0
0.42500725980685816,1.0
0.7126608105503491,1.0
0.328961602922218,1.0
0.0,0.0
0.07171182908957441,1.0
0.15511715142896554,1.0
0.565529878327685,1.0
0.11486197344574567,0.0
0.7927612922815244,1.0
0.8379668010692751,1.0
0.352993824223061,1.0
0.30818219565204164,1.0
0.17611031313472214,1.0
0.7440427005241643,1.0
0.8117543133363543,1.0
0.0,0.0
0.5653422057066653,1.0
0.0,0.0
0.0,0.0
0.25093793269313425,1.0
0.46358463743548217,1.0
0.3305227093650114,1.0
0.6973577710318817,1.0
0.5449007546090585,1.0
0.290602751524796,1.0
0.3129354603007757,1.0
0.15305012560921671,1.0
0.5118371548095175,1.0
0.223899879300681,1.0
0.2963119128765035,1.0
0.6095167965610289,1.0
0.5262672878541523,0.0
0.24515990542725197,1.0
0.26441508613249676,1.0
0.4705778319675913,1.0
0.1631820512427007,1.0
0.3270926236271783,1.0
0.40047694007207246,1.0
0.6994668846892416,1.0
0.10471776819145262,0.0
0.1813636539616219,1.0
0.37622855142767353,1.0
0.7792215382856349,1.0
0.8777792824662125,1.0
0.49774151463421523,0.0
0.4007154078072426,1.0
0.5406638162533923,1.0
0.12527737575121778,1.0
0.16505875144310922,1.0
0.7267029285853237,1.0
0.5615716428476318,1.0
0.13838031037241283,1.0
0.3744354466841515,1.0
0.4891201984415532,1.0
0.43016288486341114,1.0
0.0703660936906898,1.0
0.12392260895382678,1.0
0.9111205757615388,0.0
0.31231276097964367,1.0
0.27025135131324785,1.0
0.11874143928486136,1.0
0.7251240544565678,1.0
0.6813075923656995,1.0
0.11865008190717141,1.0
0.5241749144961498,1.0
0.47635762189676223,1.0
0.3418654036095128,1.0
0.3505381261463305,1.0
0.0,0.0
0.4365179412647797,1.0
0.8744954797745437,1.0
0.686739125246091,1.0
0.07576277045475921,1.0
0.27418042381930263,1.0
0.017528108809817144,0.0
0.864138441431372,1.0
0.3026950678513374,1.0
0.0918336729192859,1.0
0.54659593950544,1.0
0.26614189392854337,1.0
0.629524323373361,1.0
0.11695924164567195,1.0
0.6598274013913161,1.0
0.3541942729507168,1.0
0.3854913840223162,1.0
0.47713457426316097,1.0
0.0,0.0
0.1279972912527012,0.0
0.22633524472625544,1.0
0.6787956091089122,1.0
0.24257074512882104,1.0
0.2757677631334996,1.0
0.0,0.0
0.9393334222274503,0.0
0.49314566021879447,1.0
0.6192292803589696,1.0
0.2718023489521082,1.0
0.121060540960503,1.0
0.4352825013699828,1.0
0.5753169852062161,1.0
0.0,0.0
0.20323608753650424,1.0
0.5358594873892448,1.0
0.7387332665894846,1.0
0.1496189254520286,1.0
0.4708532866209021,1.0
0.5993212589904364,1.0
0.42044460388399685,1.0
0.409432010856253,1.0
0.5680071545242402,1.0
0.0,0.0
0.0,0.0
0.10508053570050357,1.0
0.6061100656115794,1.0
0.6685984369232156,1.0
0.26728982989570005,1.0
0.5378882458090093,1.0
0.2885160793121293,1.0
0.08334646018962255,1.0
0.5873233221788126,1.0
0.1178005392251098,1.0
0.4441317143199668,1.0
0.12177046810537728,1.0
0.26377068764599043,1.0
0.7619382315946104,1.0
0.2963841990777287,1.0
0.5630380566576818,1.0
0.600895476366861,1.0
0.6066504229475043,1.0
0.0,0.0
0.9294863007654919,1.0
0.19677163396909103,1.0
0.3627697068779283,1.0
0.13399975397342034,1.0
0.41198866092111563,1.0
0.4371348143935214,1.0
0.1763387060787589,1.0
0.32769463116201125,1.0
0.5198728866473723,1.0
0.1671610545376616,1.0
0.1188004254813082,1.0
0.4251187917762267,1.0
0.4458891136275689,1.0
0.4996027790261448,1.0
0.11817825836044271,1.0
0.46805799475536825,1.0
0.0917515480157669,1.0
0.3615814807496247,1.0
0.5465120229277156,1.0
0.1996417389867391,1.0
0.47155554888148865,1.0
0.07961583035734776,1.0
0.4618529518039107,1.0
0.7523925155512092,1.0
0.5149176359915062,1.0
0.47979058471723857,1.0
0.5664585257767909,0.0
0.9072295435700157,1.0
0.08277859050082714,1.0
0.5607604445945404,1.0
0.22248912243428265,1.0
0.2352033677920966,1.0
0.08396582025419574,0.0
0.36653632425227967,1.0
0.4044016159236703,1.0
0.1166828166272138,1.0
0.4296908642425237,1.0
0.299619331454807,1.0
0.43268074032990533,1.0
0.5518016203979541,1.0
0.734119991618726,1.0
0.9584962641857167,0.0
0.0,0.0
0.16175502525424834,1.0
0.2966463377202375,1.0
0.23120385878085514,0.0
0.15307448277479363,1.0
0.2610612470862175,1.0
0.8447754161443197,1.0
0.1376858610518279,1.0
0.24988830571955356,1.0
0.1722283963733271,1.0
0.14094721929767484,1.0
0.8481927180716178,1.0
0.30870988522109855,1.0
0.2947155281585303,1.0
0.8955398967676138,1.0
0.6429808580539045,1.0
0.37849822650413545,1.0
0.2960192217371205,1.0
0.5031786406192862,1.0
0.14266948138317526,1.0
0.742850723984585,1.0
0.3054797997431633,1.0
0.22223366930752642,1.0
0.40786717701084196,1.0
0.47011945848210734,1.0
0.2532142672755615,1.0
0.09938834573511146,1.0
0.329846175786102,1.0
0.5310049676383173,1.0
0.37152791758385906,1.0
0.2834686119552101,1.0
0.5449063667208907,1.0
0.0,0.0
0.0,0.0
0.4694222191116295,1.0
0.1530110369001747,1.0
0.42245297263114834,1.0
0.488360050398605,1.0
0.21586054410688682,1.0
0.3298930624294991,1.0
0.1478433883191812,0.0
0.11160118141296449,1.0
0.6349676877059158,1.0
0.698947912400488,1.0
0.0,0.0
0.37209586430164077,1.0
0.8495865915848269,1.0
0.8804771026532512,1.0
0.06607158367086363,1.0
0.1670488593187125,1.0
0.4346976943076699,1.0
0.3352023533103483,1.0
0.3476188186138254,1.0
0.6843621047756647,1.0
0.4895449842880426,1.0
0.36427455915233464,1.0
0.3926876849831711,1.0
0.31600430710475935,1.0
0.629870513644414,1.0
0.8204981336271859,1.0
0.3145012895207455,1.0
0.0,0.0
0.273009739291886,1.0
0.20956644064204744,1.0
0.6619625258365098,1.0
0.0,0.0
0.21269274506727598,1.0
0.39387440354417924,1.0
0.35767028797169376,1.0
0.07936734785362987,1.0
0.4713151934359745,1.0
0.10406120112592276,1.0
0.0,0.0
0.09804350267201212,1.0
0.11214349848633676,1.0
0.6198076670052863,1.0
0.6290916735676717,1.0
0.6753014802717248,1.0
0.26623086840955157,1.0
0.4959570261329769,1.0
0.41792693948940274,1.0
0.17909057060262734,1.0
0.17220818976960217,1.0
0.3366475701439975,1.0
0.14858527348982875,1.0
0.1056502860970081,1.0
0.8163505679023508,1.0
0.31506786772355655,1.0
0.4500978203597037,1.0
0.3960709220919121,1.0
0.7090984620421681,1.0
0.6537244378522393,1.0
0.34770433579385474,1.0
0.3231536443932317,1.0
0.12701266073722284,1.0
0.15190799082503936,1.0
0.556296212708546,1.0
0.12646472655013596,1.0
0.3813692858809077,1.0
0.17390726913146715,1.0
0.4873000195100414,1.0
0.870176506549238,1.0
0.20007796313745052,1.0
0.439049160760145,1.0
0.5141695424846673,1.0
0.14091361865378582,1.0
0.21187250741266705,1.0
0.14245137931158336,1.0
0.16660769230800776,1.0
0.3024440894084002,0.0
0.20350515478624098,1.0
0.6679141494265148,0.0
0.0,0.0
0.587971608128167,1.0
0.28199660904198565,1.0
0.0,0.0
0.3985366309356846,1.0
0.494809972497841,1.0
0.2872063154492972,1.0
0.1353907063874229,1.0
0.29759161342654084,1.0
0.4494091912292504,1.0
0.10676914412216432,1.0
0.34330699307818824,1.0
0.40824155088735736,1.0
0.5646907775749104,1.0
0.24922712691863236,1.0
0.3553389747008411,1.0
0.3591213259958512,1.0
0.21279445233962102,1.0
0.4075859731941267,1.0
0.7299062810036352,1.0
0.08726892120778151,1.0
0.30178122997505863,1.0
0.563732090822044,1.0
0.4778932177399424,1.0
0.504104130880346,1.0
0.5544142885423642,1.0
0.67506500928793,1.0
0.132783344239654,1.0
0.29966871203667056,1.0
0.0,0.0
0.6204239259028932,1.0
0.5439848119407484,1.0
0.12579298677513062,1.0
0.1727902077823984,1.0
0.3198913938115999,1.0
0.0,0.0
0.07989483034476397,1.0
0.6033178869175289,1.0
0.7532789231054857,1.0
0.09977465010105835,1.0
0.3492999312148162,1.0
0.15322236142138035,1.0
0.27027681189403907,1.0
0.6984809576858959,1.0
0.26839353822003886,1.0
0.1983635660115266,1.0
0.16475277630497098,1.0
0.4649861408198044,0.0
0.20306504217230437,1.0
0.20215514577920146,1.0
0.5135496042025118,1.0
0.44004681417612757,1.0
0.5113496693692339,1.0
0.18914958680036342,1.0
0.7225442596823743,1.0
0.5768281968736555,1.0
0.5598190783593675,1.0
0.3407903640732104,0.0
0.3316954236562264,1.0
0.0,0.0
0.0942949631003196,1.0
0.7454845390865739,1.0
0.4139264651148964,1.0
0.3608337763892213,1.0
0.5890669693114852,1.0
0.5461750521259399,1.0
0.40628333201155264,1.0
0.47830084813085083,1.0
0.09860316627286547,1.0
0.49129026803657183,1.0
0.2597690648393298,1.0
0.27989934684431805,1.0
0.34186518652782505,1.0
0.3601700766396694,1.0
0.7799624610941476,1.0
0.25137331152575415,1.0
0.6698332765921484,1.0
0.0,0.0
0.6147286787870989,1.0
0.4652562374568987,1.0
0.28664433697736014,1.0
0.4573141868712054,1.0
0.16410413222085074,1.0
0.7318660664689465,1.0
0.10157781463006721,1.0
0.0,0.0
0.7643692723928321,1.0
0.11209586956362072,1.0
0.21164661340897917,1.0
0.20743344299716648,1.0
0.8807786151120882,1.0
0.0,0.0
0.1602558741251774,1.0
0.28905189593938996,1.0
0.27209988991647593,1.0
0.35685504919815836,1.0
0.0,0.0
0.37764701719492333,1.0
0.0,0.0
0.6922872429972524,1.0
0.09901875265760651,1.0
0.17300800874068134,1.0
0.15783098464168965,1.0
0.13366250706774707,1.0
0.3190102102230967,1.0
0.16903809786718949,1.0
0.3418483401885646,1.0
0.49885253270920593,1.0
0.36081664194154595,1.0
0.2084552334959091,1.0
0.3524501286309536,1.0
0.23709537975430628,1.0
0.11438250702301023,1.0
0.6883173401267721,0.0
0.6523525476113137,1.0
0.09152717658502185,1.0
0.21033665347236497,1.0
0.5240178834055076,1.0
0.587820285185495,1.0
0.6211393491159329,1.0
0.47299894703076895,1.0
0.3175446417311387,1.0
0.2057568230867708,1.0
0.0,0.0
0.29389652596882554,1.0
0.13144650418807924,1.0
0.1339045081325061,1.0
0.8186513896992924,1.0
0.24608287073817614,1.0
0.2604479503032513,1.0
0.11569779396417079,1.0
0.6591172561643774,1.0
0.45104693551078556,1.0
0.07643169617083734,1.0
0.26065631871207495,1.0
0.2769072809329076,1.0
0.22172082932635462,1.0
0.8092471739022922,1.0
0.18228995552797533,1.0
0.4889032758137857,1.0
0.0,0.0
0.08059568807682771,1.0
0.12864763197526452,1.0
0.6362022372656808,1.0
0.672482782598609,1.0
0.13084145850999596,1.0
0.18380445643315113,1.0
0.6324412260009029,1.0
0.10981345069168169,1.0
0.22994969584059533,1.0
0.14310066763813145,1.0
0.710413629938532,1.0
0.461062320290063,1.0
0.5014373713814133,1.0
0.46205578713064144,1.0
0.2229412275609901,1.0
0.0,0.0
0.8342434039586659,1.0
0.7852908081458145,1.0
0.1232529189501479,1.0
0.635120663270468,1.0
0.3858673725064068,1.0
0.8609677703110004,0.0
0.36164882008935084,1.0
0.5115656926585816,1.0
0.9395659987457621,0.0
0.8323695778397711,0.0
0.4451507347763455,1.0
0.4447896438982091,1.0
0.15168984673763752,1.0
0.3381940620873696,1.0
0.06147826320896721,1.0
0.6398147106357976,1.0
0.06477340916909702,1.0
0.6942368546341617,1.0
0.2160489690109899,1.0
0.4699414204865877,1.0
0.4527129994489796,1.0
0.14988263168442018,1.0
0.7888522343069173,1.0
0.3765546681450682,1.0
0.8399691835638059,1.0
0.21423066278417524,1.0
0.40133753791417925,1.0
0.7247975255840795,1.0
0.1472118886865008,1.0
0.07234084078604708,1.0
0.5401245403243995,1.0
0.0,0.0
0.33610710876892247,1.0
0.3307923788413656,1.0
0.24452101601380516,1.0
0.16804518023327653,1.0
0.41145627458466993,1.0
0.36221530125564705,1.0
0.3097823067722558,1.0
0.39486000342442873,1.0
0.40850454685247595,1.0
0.3337300382796746,1.0
0.0,0.0
0.3991323591075999,1.0
0.20865607707314648,1.0
0.24527604012862447,1.0
0.6944959361262684,1.0
0.2526663600986385,1.0
0.29904451715276004,1.0
0.11606305641206482,1.0
0.47358809972833926,1.0
0.5876930262981026,1.0
0.40588327947218206,1.0
0.6657523549454134,1.0
0.13110342108625117,1.0
0.5572343247191576,1.0
0.4767854658940305,1.0
0.3929398638778374,1.0
0.13639346072287672,1.0
0.9349866495412353,1.0
0.3180349872476662,1.0
0.46163673444153375,0.0
0.3048042045173558,1.0
0.13441218317011483,1.0
0.09626077683406198,1.0
0.4033863288721684,1.0
0.5008099782940221,1.0
0.1319616720452288,1.0
0.34790161402945774,1.0
0.08339391804796747,1.0
0.15131166142688324,1.0
0.5493923247824233,1.0
0.11531457475916751,1.0
0.48025819667915215,1.0
0.2205241910325615,1.0
0.49147558477107367,1.0
0.34808783810539135,1.0
0.16170402606330336,1.0
0.5742835783362445,1.0
0.5197294816842284,1.0
0.44613221610678844,1.0
0.38504417873941543,1.0
0.22094133000153793,1.0
0.12582055815021143,1.0
0.9330407903163551,0.0
0.0,0.0
0.39610551210810074,1.0
0.0,0.0
0.5675264376309541,1.0
0.5183937570523849,1.0
0.5378357910703437,1.0
0.12403554945322348,1.0
0.6755095535694986,0.0
0.8219402092788113,1.0
0.38383442050860284,1.0
0.10185678160506129,1.0
0.2771447152792148,1.0
0.4858272473073346,1.0
0.39477499443563113,1.0
0.12333798896190862,1.0
0.3353678815984775,1.0
0.5736547627135544,1.0
0.08776715369216692,1.0
0.30081456021819575,1.0
0.7494560005435482,1.0
0.10911611028318324,1.0
0.514517525430302,1.0
0.42938015132156204,1.0
0.4461151576877227,1.0
0.22822698958795495,1.0
0.40173128508084455,1.0
0.5905805018522665,1.0
0.5917918096661854,1.0
0.5762477074360604,1.0
0.654812034113625,1.0
0.14812568854847497,1.0
0.08076520286507272,1.0
0.3761884843504726,0.0
0.16726970642325734,1.0
0.0,0.0
0.3665445543492569,1.0
0.4357716434336525,1.0
0.2760815452093808,1.0
0.42153429093214356,1.0
0.2558108733758404,1.0
0.5172804351104516,1.0
0.30349268399349416,1.0
0.5186193039254476,1.0
0.11416321050194878,1.0
0.9269642587235936,1.0
0.10107369392995214,1.0
0.3626536532070479,1.0
0.8357621314543038,1.0
0.1716235177581087,1.0
0.5081651500377937,1.0
0.40899562064305206,1.0
0.6882774341101783,1.0
0.1864504571205643,1.0
0.12280630589010011,1.0
0.10469067499631013,1.0
0.7076434675291874,1.0
0.18170788949711003,1.0
0.363260304489319,1.0
0.53255024512469,1.0
0.08769537068029187,1.0
0.2076702711153504,1.0
0.21757051056555543,1.0
0.378291078554569,1.0
0.42169711920425934,1.0
0.7830266241356352,1.0
0.3130428186996337,1.0
0.11479567649827027,1.0
0.38156893100716927,1.0
0.4115799741326862,1.0
0.30280449402829834,1.0
0.18821268924675083,1.0
0.5032192899155756,1.0
0.630916909402091,1.0
0.0,0.0
0.2244825575619278,1.0
0.0,0.0
0.5161953237841446,1.0
0.4539323392853407,1.0
0.6243137056231123,1.0
0.0,0.0
0.41384268058686224,1.0
0.691906800837248,1.0
0.48995758755023777,1.0
0.380822630174912,1.0
0.0,0.0
0.2886079008644873,0.0
0.30648524108973696,1.0
0.26176778595608763,1.0
0.567326729480977,0.0
0.6489593937709168,1.0
0.29323805818805804,1.0
0.1353105412213509,0.0
0.26404421757502927,1.0
0.22891418717972156,1.0
0.29915692245076153,1.0
0.2679136866523737,1.0
0.21001874984554814,1.0
0.5020947777627773,1.0
0.31017424625869294,1.0
0.0,0.0
0.11707789629529808,1.0
0.5164819876554727,0.0
0.16683946852516662,1.0
0.3471623938616477,1.0
0.22104426473577599,1.0
0.8522374551021175,1.0
0.40353214774366375,1.0
0.10150674188546471,1.0
0.731285246907126,1.0
0.4325171337649185,1.0
0.16774558949758234,1.0
0.17517425089543792,1.0
0.22918578738260642,0.0
0.14256398568524942,1.0
0.3849439810351196,1.0
0.3568144859342426,1.0
0.45667225131149625,1.0
0.2224283635707831,1.0
0.511641836311362,1.0
0.3036108154462416,0.0
0.1758135404594614,1.0
0.281712495130205,1.0
0.5813156835103892,1.0
0.7372016962611014,1.0
0.10043929820747621,1.0
0.6920861103112239,1.0
0.11096012818527567,1.0
0.22376491851507252,1.0
0.08162404704727955,1.0
0.12505452989454469,1.0
0.7635442069215204,1.0
0.37278576290979704,1.0
0.3991518284338875,1.0
0.41157221721376525,1.0
0.0,0.0
0.2541434259170292,1.0
0.7481465337925197,1.0
0.6892112234941896,1.0
0.3841000054479502,1.0
0.23954668917959143,1.0
0.7765301155059348,1.0
0.32706505625360327,1.0
0.8178243965025795,1.0
0.0883810266919629,1.0
0.2743467193961622,1.0
0.6894729649872517,1.0
0.26519512265946155,1.0
0.2136638594966649,1.0
0.4100753799554018,0.0
0.11583187641926473,1.0
0.349350129104232,1.0
0.294281354779522,1.0
0.6206136322892166,1.0
0.1853655578740625,1.0
0.219941817886129,1.0
0.1442607591794185,1.0
0.3615387876842666,1.0
0.7015142761205899,1.0
0.5363622815902,1.0
0.3934715449488926,1.0
0.5374075469224993,1.0
0.20248222785986147,1.0
0.7092722594419554,1.0
0.7542572462475055,1.0
0.4193042937864475,1.0
0.16006775433588905,1.0
0.25015729493992866,1.0
0.4463782716972613,1.0
0.42733408338824486,1.0
0.1708821027643883,1.0
0.1726207870295382,1.0
0.8812657614247583,1.0
0.1127387644843365,1.0
0.2506037069243119,1.0
0.3970411161749752,1.0
0.2505224953644829,1.0
0.13639328465662315,1.0
0.15983519682473002,1.0
0.6064497614387796,1.0
0.0,0.0
0.2781407120718118,1.0
0.17278959855314602,1.0
0.10508180117670118,1.0
0.6964614467459489,1.0
0.47026735813659926,1.0
0.6774897217047879,1.0
0.21019695990581555,1.0
0.4462922193158363,1.0
0.0,0.0
0.7747974334994283,1.0
0.2617551181892197,1.0
0.10146816236803113,1.0
0.16450723490798858,1.0
0.2358160143303767,1.0
0.38845962296766334,0.0
0.42730512249028774,1.0
0.48777700499920407,1.0
0.812818868927558,1.0
0.11395255323182862,1.0
0.07359066209255483,1.0
0.14926690698783274,1.0
0.49967521228270684,0.0
0.6567272848205503,0.0
0.7247569093002126,1.0
0.23888314949027034,1.0
0.4507699372766272,1.0
0.20145052563134458,1.0
0.37216949200767324,1.0
0.11744123301854392,1.0
0.3571868710623938,1.0
0.16558410113167144,1.0
0.5369368367947489,1.0
0.8057748842831809,0.0
0.8519011135371231,1.0
0.24011582934646736,1.0
0.688660407222577,1.0
0.38699212074804556,1.0
0.3027159687163121,1.0
0.19685780239418316,1.0
0.40863843923604604,1.0
0.5135376306968937,1.0
0.7883552803036227,1.0
0.24514015099367858,1.0
0.5674712688710049,1.0
0.5597300258489968,1.0
0.7053008690117086,1.0
0.4863888926539168,1.0
0.19302865849116158,1.0
0.6334476547190229,1.0
0.8581377173649067,1.0
0.0,0.0
0.13094301172436884,1.0
0.5768110274128042,1.0
0.35678651240783266,1.0
0.0,0.0
0.19238313958304198,1.0
0.31618313439729073,1.0
0.10129754416457182,1.0
0.08772900833810882,1.0
0.5835007427459944,1.0
0.09274008200011652,1.0
0.11641907438127053,1.0
0.10024383765586631,1.0
0.31016190361416784,1.0
0.18133200705292207,0.0
0.08676362106384294,1.0
0.08733156778162465,1.0
0.32227291397525626,1.0
0.42748715999081766,1.0
0.2704733008326299,1.0
0.3165893832683344,1.0
0.5985100677399804,1.0
0.4160756118366584,1.0
0.7134838122450637,1.0
0.0810180750206122,1.0
0.0,0.0
0.5147594384619336,1.0
0.5790852421975536,1.0
0.2181708844856609,1.0
0.0,0.0
0.3516339515043172,1.0
0.17024306429485137,1.0
0.4029789865896749,1.0
0.41523727136997923,1.0
0.8466420435543474,1.0
0.0997271762366907,1.0
0.23544466859334712,1.0
0.12724908470332474,1.0
0.08573966374972963,1.0
0.09422126736868952,1.0
0.26994219297727495,1.0
0.25698282437983133,1.0
0.6403810027309467,1.0
0.24858618073122285,1.0
0.40690869133364016,1.0
0.5543529924767161,1.0
0.0,0.0
0.09990833040482316,1.0
0.3769306646321704,1.0
0.25490552069253125,1.0
0.14336725695542496,1.0
0.6939265898818459,1.0
0.6179706097224678,1.0
0.4499637218985866,1.0
0.8330842847832796,1.0
0.09858937608363094,1.0
0.09943172805983735,1.0
0.23916263966214224,1.0
0.15018182026878524,0.0
0.23239006314837285,1.0
0.16884910474926818,1.0
0.128197386548361,1.0
0.778157550908249,1.0
0.11116195313180155,1.0
0.7677169981386824,1.0
0.2518778353775746,1.0
0.3427992009965357,1.0
0.526416410969031,1.0
0.41236732941369114,1.0
0.9681310147327129,1.0
0.3448164911007847,1.0
0.20332092346017694,1.0
0.48840751625996104,1.0
0.44555950559639657,1.0
0.4473855227248156,1.0
0.5564339305316248,1.0
0.15456481858666926,1.0
0.0,0.0
0.0,0.0
0.10497938863896517,1.0
0.34757552932410896,1.0
0.2660894581970301,1.0
0.2117644107359955,1.0
0.543838073723304,1.0
0.49099011208818855,1.0
0.18339690007009946,1.0
0.22645669342728025,1.0
0.0,0.0
0.5429966771065984,1.0
0.3329589661259944,1.0
0.7845273718655057,1.0
0.3715218923165571,1.0
0.7346033144926403,1.0
0.17660568354211126,1.0
0.5152658850372736,0.0
0.5342832452509043,1.0
0.32698091058967416,1.0
0.4402893314351295,1.0
0.2641640316609499,1.0
0.5611306338964046,1.0
0.1636808339341287,1.0
0.3193266112844997,1.0
0.20989251234250172,1.0
0.19344781221828988,1.0
0.6946466628445815,1.0
0.2995119950642309,1.0
0.0,0.0
0.09474372196783287,1.0
0.29641927427649106,1.0
0.5040425977254817,1.0
0.772766106112964,1.0
0.8491094420339276,1.0
0.6731031180302116,1.0
0.7490618242153899,1.0
0.8701519613128896,1.0
0.081305304104629,1.0
0.7560526058395247,1.0
0.15093605508659325,1.0
0.2811832119614781,1.0
0.7111822951864966,1.0
0.08437479715179341,1.0
0.4004561002300604,1.0
0.49975540245818983,1.0
0.1688972538677329,1.0
0.28058529396553356,1.0
0.6656844463914924,1.0
0.5913522892751018,1.0
0.3297700091246636,1.0
0.2923160642426583,1.0
0.3492106926344274,1.0
0.5359516050530297,1.0
0.2503927165288373,1.0
0.2369266082457564,0.0
0.17523810892515046,1.0
0.28408159662072663,1.0
0.6304158568565192,0.0
0.18184592243876763,1.0
0.4031384846086197,1.0
0.46109542974911877,1.0
0.29884732594990737,1.0
0.17448375606292243,1.0
0.4502973714505796,1.0
0.22674030915159316,1.0
0.15279748754176437,1.0
0.34187786129732833,1.0
0.3963830055285973,1.0
0.3956835133103751,1.0
0.22106358000409188,1.0
0.7841860684333657,1.0
0.2799962022909255,1.0
0.5495992716563252,1.0
0.569593862600903,1.0
0.3474000722998061,1.0
0.2960532815537955,1.0
0.2269316761628084,1.0
0.42516289637274207,1.0
0.30029266382910613,1.0
0.5744139373902257,1.0
0.13560691974829409,1.0
0.3882063016431019,1.0
0.308529905494908,1.0
0.3826042966142116,1.0
0.39345990256787644,1.0
0.17047795468386973,1.0
0.5952335097744945,1.0
0.26773252848273543,1.0
0.11684702341806519,1.0
0.6085733105281785,1.0
0.0951738048075752,1.0
0.13294326141632773,1.0
0.7713217195917603,1.0
0.4807931319747687,1.0
0.6555440615748265,1.0
0.49321684700631163,0.0
0.20343962612787259,1.0
0.31373649973111206,1.0
0.7358614539292523,1.0
0.6602436130113327,1.0
0.28936616519859815,1.0
0.3601303376859408,1.0
0.4916584245735085,1.0
0.6159781149486769,1.0
0.3685809766529333,1.0
0.28235182470928644,1.0
0.37994842021057673,1.0
0.5683704702395809,1.0
0.34783353241041226,1.0
0.37686012508821065,1.0
0.8007642968041231,1.0
0.0,0.0
0.0,0.0
0.6503053962703107,1.0
0.4140025077296561,1.0
0.505511756568485,1.0
0.1768245469001739,1.0
0.7008447641839175,0.0
0.5075138259451895,1.0
0.1618206439464962,1.0
0.933138459069009,1.0
0.17213280740329306,1.0
0.42363322475884324,1.0
0.4319842892560626,1.0
0.6066395608601121,1.0
0.4751019733974875,1.0
0.4551285684251698,1.0
0.3604259419215188,0.0
0.7378997449361195,1.0
0.23313911701659418,1.0
0.3553145074938553,1.0
0.431826716961766,1.0
0.23547409366597272,1.0
0.261833166558743,1.0
0.4074406955262857,1.0
0.3531803604164443,1.0
0.1217035789350498,1.0
0.5174948688016352,1.0
0.20414831880821938,1.0
0.3671739001714607,1.0
0.29129899952222127,1.0
0.1378216711570346,1.0
0.0,0.0
0.7808889807425641,1.0
0.25726183136988245,1.0
0.3340136189908125,1.0
0.5659150192558311,1.0
0.34358335507293036,1.0
0.8084717881253995,1.0
0.14856252893107413,1.0
0.08034948042913603,0.0
0.0,0.0
0.0,0.0
0.5793704395170196,1.0
0.4946910057307652,1.0
0.0,0.0
0.699571944223039,1.0
0.17061412792572428,1.0
0.7892698034377639,1.0
0.7247104878318607,1.0
0.22114705241467636,1.0
0.2471320395393466,1.0
0.44073755310049423,1.0
0.0600539692485742,1.0
0.7297631091282017,1.0
0.6401013114834098,1.0
0.30013743241568047,1.0
0.2170947175251099,1.0
0.4167212928057613,0.0
0.910878846799172,0.0
0.352170027229076,1.0
0.08172677570397058,1.0
0.13044424804009314,1.0
0.1044495722695955,1.0
0.19851852232143097,1.0
0.12061203518822916,1.0
0.29895771248825165,1.0
0.3428344412574109,0.0
0.27869370916406444,1.0
0.24189371236206814,1.0
0.25138895541253303,1.0
0.45064206315772415,1.0
0.0,0.0
0.33865999641799194,1.0
0.35215079199087507,1.0
0.17336654065588197,1.0
0.18360112291895314,1.0
0.14981567548887043,1.0
0.3421387384651453,1.0
0.819090719018476,1.0
0.12826244502980222,1.0
0.5199685806569323,1.0
0.07671474568208536,1.0
0.38907962527391105,1.0
0.2682038148273156,1.0
0.5077699103094795,1.0
0.2593112285559944,1.0
0.60990488159704,1.0
0.11979197460025004,1.0
0.7986809438404863,1.0
0.08098186439458965,1.0
0.6301612500482321,1.0
0.1977337059958324,1.0
0.406899980055595,1.0
0.3551290667126752,1.0
0.21770030440684796,1.0
0.07636142672851642,1.0
0.0,0.0
0.6761891192893992,1.0
0.1796562644726647,1.0
0.17344960491287909,1.0
0.4864933069449098,1.0
0.13313079198389266,1.0
0.6332665395655717,1.0
0.3771838739145701,1.0
0.22639788029595742,1.0
0.22360640886805072,1.0
0.24962567289108328,1.0
0.38938269131736014,1.0
0.41027686677469033,1.0
0.15731744039550355,1.0
0.7633754234084531,1.0
0.16545713335382395,1.0
0.4510157397718606,1.0
0.23982783597484936,0.0
0.20022776750868587,1.0
0.6752972036624412,1.0
0.4142562131987706,1.0
0.31679670328264864,1.0
0.37487564833159137,1.0
0.28153467521674935,1.0
0.6625347051470118,1.0
0.11200217930807144,1.0
0.5974212970366537,1.0
0.1889742758310211,0.0
0.17486856986797283,1.0
0.24447988353569494,1.0
0.31887485028728824,1.0
0.0719770568945326,1.0
0.1825443562587159,1.0
0.24142612040768308,1.0
0.32795303539926746,1.0
0.10126632941849367,1.0
0.5949106672891902,1.0
0.1254493254557194,1.0
0.4568305678858646,1.0
0.46181062287557717,1.0
0.09807109405462144,1.0
0.22201211693759149,1.0
0.2178690609097509,1.0
0.3104495278468793,1.0
0.3157703230567961,1.0
0.6891278511212491,1.0
0.66283957586956,1.0
0.685265736811496,1.0
0.6938861326578327,1.0
0.6159493501245024,1.0
0.5629934048552538,1.0
0.18462496018789354,1.0
0.5264092972921617,1.0
0.3703192827757893,1.0
0.4020247355059463,1.0
0.45554637364485595,1.0
0.3147205590316431,1.0
0.8774211356959412,1.0
0.9336603624607336,1.0
0.42805930828965,1.0
0.8433540512861453,1.0
0.08685086289285548,1.0
0.21058124751285812,1.0
0.19537843370922614,1.0
0.16335111085966547,1.0
0.0,0.0
0.3279557454190454,1.0
0.6301100217710824,1.0
0.0,0.0
0.07686999710303999,1.0
0.6235548940830888,1.0
0.27435161323770973,1.0
0.6611464577509052,1.0
0.31268557026740584,1.0
0.339462773502206,1.0
0.6433546717196132,1.0
0.5494717946868688,1.0
0.32753578838963504,1.0
0.322973776709202,1.0
0.09379557518114501,1.0
0.2718825071155453,1.0
0.2598073192344206,1.0
0.0,0.0
0.6904187198738696,1.0
0.25870059177398375,1.0
0.3322303339424324,1.0
0.6759154793189519,1.0
0.4915278534397216,1.0
0.47497153831489625,1.0
0.26193067725191943,1.0
0.0,0.0
0.18386135184283692,1.0
0.216120305854973,1.0
0.5997049973908131,1.0
0.4088774291677182,1.0
0.0,0.0
0.7102347206151327,0.0
0.24025878113908394,1.0
0.0,0.0
0.5862206282361844,1.0
0.4394779801244426,1.0
0.11635182407504763,1.0
0.4858331405249463,1.0
0.09935768719833504,1.0
0.6905595658740786,1.0
0.10320592828760855,1.0
0.0,0.0
0.2111660065571015,1.0
0.31242543537890777,1.0
0.463530832188622,1.0
0.643911514258904,1.0
0.530143132330553,1.0
0.4349921731197526,1.0
0.0,0.0
0.1258036817996575,1.0
0.2883868947000887,1.0
0.3173267107239184,1.0
0.7151773655274707,0.0
0.0,0.0
0.5654948281383336,1.0
0.2811023025153343,1.0
0.10416985901377673,1.0
0.4637374209277576,0.0
0.1699184181308242,1.0
0.2695682562652646,1.0
0.5513744606581712,1.0
0.3779573379683203,1.0
0.4258115634655204,1.0
0.18852732964561847,1.0
0.31504685181529135,1.0
0.0,0.0
0.2144514168537106,1.0
0.4835243427266436,0.0
0.29073791138531613,1.0
0.262245645774259,1.0
0.7119507293475031,0.0
0.6004443536098187,1.0
0.09429048741612389,1.0
0.7056793644391592,1.0
0.18249933431700427,1.0
0.2767803911844222,1.0
0.0,0.0
0.20350487067933143,1.0
0.22595477755684001,1.0
0.494343113819387,1.0
0.8599593508437633,0.0
0.1762596053132195,1.0
0.8195203206771504,1.0
0.2835576064437473,1.0
0.15599746769109446,1.0
0.39346425520576966,1.0
0.29521695384451485,1.0
0.5488431021104812,1.0
0.26157328976736594,1.0
0.0,0.0
0.7488873895758097,1.0
0.0,0.0
0.45990535492515283,1.0
0.608005115717039,1.0
0.3062393765711642,1.0
0.49152763635803387,1.0
0.0,0.0
0.23608150623471458,1.0
0.11544911938817659,1.0
0.5499901117290538,1.0
0.0,0.0
0.16593677184130717,1.0
0.5731495546042478,1.0
0.4793190712872062,1.0
0.36452644793783273,1.0
0.11261811308333503,1.0
0.24033160954434019,1.0
0.1821868817414125,1.0
0.41836231532089263,1.0
0.2592302140703242,1.0
0.41542635452178,1.0
0.45684629680464095,1.0
0.2335560419050129,1.0
0.9037752997415174,1.0
0.6557727056133493,1.0
0.1522346107317838,1.0
0.4457376876461234,1.0
0.2863354767535671,1.0
0.3357088759142979,1.0
0.7355768108183338,1.0
0.07790907910855926,1.0
0.14368444831421634,1.0
0.778162760868752,1.0
0.530034408417853,1.0
0.30587260555559803,1.0
0.1486106940555625,1.0
0.7960298572392492,1.0
0.4946489278969186,1.0
0.0,0.0
0.11012436468830789,1.0
0.5897647508859936,1.0
0.2948041785175719,1.0
0.21569952751650456,1.0
0.39001911180175197,1.0
0.7097312331533039,1.0
0.23649956354926394,1.0
0.19027284248035237,0.0
0.39229248126840854,1.0
0.6251237454402854,1.0
0.11388742872554225,1.0
0.4432056588462183,1.0
0.0,0.0
0.13707979899128064,1.0
0.4171751045746763,1.0
0.46206094207044046,1.0
0.6356725059283082,1.0
0.33935415062752705,1.0
0.5552279467211232,1.0
0.18316734969052106,1.0
0.3969873949597358,1.0
0.19492125967509466,1.0
0.24246309361966611,1.0
0.8481127429770692,1.0
0.6143377426782322,1.0
0.34965609723973534,1.0
0.3980942834807797,1.0
0.3024535019503305,1.0
0.3006459337642293,1.0
0.2673023115925499,1.0
0.27573433555473503,1.0
0.20401423935425456,1.0
0.6314218874248159,0.0
0.40727026739435024,0.0
0.2173114010629087,1.0
0.4651241947693676,1.0
0.5544281347526794,1.0
0.6763901599407953,1.0
0.5172296510004419,1.0
0.6747369338334646,1.0
0.5426892854354199,1.0
0.10715576660781867,1.0
0.4446203001743352,1.0
0.29172741473443686,1.0
0.3290753927412129,1.0
0.18720290526604844,1.0
0.7220352581456049,1.0
0.7488479907500709,1.0
0.607190973356083,1.0
0.6568080692196392,1.0
0.1394086773458767,1.0
0.901126148868693,0.0
0.0946649683329186,1.0
0.1521216812365278,1.0
0.41800858321185386,1.0
0.4655877892194953,1.0
0.07401265888952757,1.0
0.20309697318791375,1.0
0.7490915824133708,1.0
0.9783337190001262,0.0
0.19579209336894277,1.0
0.7172222019973895,1.0
0.48544395307409793,1.0
0.25012568504515675,1.0
0.8537113337211677,1.0
0.5899806641339329,1.0
0.37456312472927245,1.0
0.5543049083827194,1.0
0.9683742072458124,0.0
0.21353890647696838,1.0
0.7242440763216753,0.0
0.4258107391553332,1.0
0.49936999643028646,1.0
0.11874299086872098,1.0
0.21698459308539375,1.0
0.3214547280927267,1.0
0.1549507858257555,1.0
0.3565216507406519,1.0
0.5220049859542093,1.0
0.32376333782025846,1.0
0.578099423234864,1.0
0.0,0.0
0.1862337155609315,1.0
0.20222540221662877,1.0
0.2879673558280307,1.0
0.09835429262195916,1.0
0.9364642905760796,0.0
0.25755228266641517,1.0
0.3537618342244566,1.0
0.6326683834800351,1.0
0.49014005221150736,1.0
0.3393724915291898,1.0
0.32645761567432086,1.0
0.31829073748622516,1.0
0.08508690311655576,1.0
0.3572045737238878,1.0
0.430723677889266,1.0
0.6438239102936194,1.0
0.41276972683543844,1.0
0.34047861176112715,1.0
0.6325578208754377,1.0
0.12181506088559635,1.0
0.04943925394181914,0.0
0.8139131897193779,1.0
0.43279406497385553,1.0
0.8525575525544684,0.0
0.5716870872792561,1.0
0.5717340669576623,1.0
0.34956143962016784,1.0
0.4748006039924815,1.0
0.10984233155952339,1.0
0.5457197868100567,1.0
0.06356283162997967,1.0
0.14624151053417256,1.0
0.17449957001369665,1.0
0.4224227642637697,0.0
0.834496813316354,1.0
0.8451503682384174,1.0
0.3034365548721616,1.0
0.45891809442001197,1.0
0.13190587704962775,1.0
0.630279321478393,0.0
0.608153866691882,1.0
0.41636352217703143,1.0
0.17222566934714978,1.0
0.6302666407066311,1.0
0.10059535693221822,1.0
0.3163256660318017,1.0
0.2425997990617872,1.0
0.3894694299570234,1.0
0.5103499861894529,1.0
0.2192206144980151,1.0
0.10719103487923398,1.0
0.663672106149872,1.0
0.2989185637566232,1.0
0.5945086400067257,0.0
0.38902603710873773,1.0
0.23360571659755003,1.0
0.5070843993523919,1.0
0.5440864061705555,1.0
0.33790613374022005,1.0
0.6829152123114777,0.0
0.40339578342990867,1.0
0.6887215942471938,1.0
0.12681925996070387,1.0
0.6868979950286311,1.0
0.0,0.0
0.3539725835292096,1.0
0.0,0.0
0.590485731190161,1.0
0.3826289328848156,1.0
0.5013575643501071,1.0
0.32760866181183124,1.0
0.0,0.0
0.10042032906940879,1.0
0.4889871533768284,1.0
0.4525602919853138,1.0
0.3293534683807984,1.0
0.580131949072304,1.0
0.12530053546619513,1.0
0.1581799859705404,1.0
0.43470241208296434,1.0
0.4084463589564291,0.0
0.4331349232384798,1.0
0.40516174495946666,1.0
0.48117762766011074,1.0
0.5232589588229462,1.0
0.4056519384187749,1.0
0.7135042729444048,1.0
0.08903688148946731,1.0
0.597950050005867,1.0
0.18718758850236572,1.0
0.1295724659893791,1.0
0.8069551394120058,1.0
0.09414688137731542,1.0
0.3682318812886969,1.0
0.3237219132322271,1.0
0.3312370081549316,1.0
0.08071259506881212,1.0
0.7794935406398489,1.0
0.19298203694752125,1.0
0.6013246638696894,1.0
0.41652990178551175,1.0
0.14363459955617852,1.0
0.4380467915696209,1.0
0.12721163461089224,1.0
0.0,0.0
0.22542261530471652,1.0
0.6354955953570371,1.0
0.37104610527837023,1.0
0.6174168403396028,1.0
0.10678368259297599,1.0
0.26684297574492977,1.0
0.4072219822246894,1.0
0.7521240905431474,1.0
0.7634233514437248,1.0
0.12263152411989475,1.0
0.17318796645859003,1.0
0.295374129989741,1.0
0.0,0.0
0.7209498337014719,1.0
0.14811090998731746,1.0
0.5285439875739799,1.0
0.0,0.0
0.09170913105430634,1.0
0.185737166710096,1.0
0.2595531515913905,1.0
0.5427996459639766,1.0
0.33486085380442576,1.0
0.23664551847195536,1.0
0.27391060228572917,1.0
0.42996514345351633,1.0
0.4920980980221876,1.0
0.5064654864560878,1.0
0.17184796921896917,1.0
0.41327841625475825,1.0
0.3310047007378829,1.0
0.34085179318892544,1.0
0.11255117589493802,1.0
0.4790653067958819,1.0
0.515657923560978,1.0
0.7117967514057573,1.0
0.7134481138117792,1.0
0.5994542110201526,1.0
0.6697589446211016,1.0
0.10134709080892446,1.0
0.6831055419323233,1.0
0.19635036144466156,1.0
0.7897097519899643,0.0
0.0,0.0
0.671690748556991,1.0
0.8252693480303948,1.0
0.13672200935539847,1.0
0.22670179265787516,1.0
0.7979667300825635,0.0
0.48776575676650546,1.0
0.1272080532632347,1.0
0.27554821451757494,1.0
0.16367210665006038,1.0
0.547030316961242,1.0
0.06944100858208824,1.0
0.715446565827274,1.0
0.41022900276351093,1.0
0.09463161578238743,1.0
0.1923598008006815,0.0
0.5166613981674693,1.0
0.125014900982225,1.0
0.16813263014058943,1.0
0.11739049892735576,1.0
0.10039402717203094,1.0
0.2433434869107809,1.0
0.6123319348947689,0.0
0.4012920507974229,1.0
0.14077252656097228,1.0
0.26171794720181385,1.0
0.7797838248735158,1.0
0.5589291694875489,1.0
0.46242896455693394,1.0
0.287809163300341,1.0
0.1999000051720463,1.0
0.4135268567426653,1.0
0.3451081218411409,1.0
0.47148165707607603,1.0
0.10802525179422506,1.0
0.2529760796457947,1.0
0.48008696524493466,0.0
0.07761854278002955,1.0
0.4127842242908164,1.0
0.8493819605823854,1.0
0.17539189079311335,1.0
0.198570073720171,1.0
0.3712840838294609,1.0
0.32621647493330075,1.0
0.670178831624161,1.0
0.3839101950224766,1.0
0.34780482560807124,1.0
0.061367878671376275,0.0
0.30377581253448094,1.0
0.2957191568229933,1.0
0.10431672527940572,1.0
0.7752976837430947,1.0
0.7765513685034167,1.0
0.18424838848433822,1.0
0.517880283832926,1.0
0.10697146925690992,1.0
0.5546722025951643,1.0
0.22009199139627045,1.0
0.2118393769457052,1.0
0.12981252132196097,1.0
0.0844837231405342,1.0
0.27990848828423287,1.0
0.11313074998808981,1.0
0.21051289579217336,0.0
0.1654727992488847,1.0
0.4134657737571992,1.0
0.8040404896322078,1.0
0.2769760718188494,1.0
0.15365038048452595,1.0
0.441486430902462,1.0
0.9292194603537114,1.0
0.45615128127099114,1.0
0.5810912990747505,1.0
0.4063416399527724,1.0
0.9045905285112883,1.0
0.4189320997301964,1.0
0.0,0.0
0.32172095527374855,1.0
0.2960808879420518,1.0
0.1521895247659799,1.0
0.1499687280824089,1.0
0.39391939747535076,1.0
0.859035243102944,1.0
0.3172061503571735,1.0
0.8481197596174237,1.0
0.0,0.0
0.19823212955211833,1.0
0.28596480126875257,1.0
0.2749186726215891,0.0
0.615654998360228,1.0
0.8295542584378963,0.0
0.4031149487521004,1.0
0.37102933896922474,1.0
0.6990419357813926,1.0
0.3032947605150871,1.0
0.8738553388901686,1.0
0.6757886605971941,1.0
0.12023384387521618,1.0
0.11628661253601091,1.0
0.15194860910965913,1.0
0.3721366206382095,1.0
0.5032010270432754,1.0
0.5759772746724816,1.0
0.12311215598118386,1.0
0.12028773615482713,1.0
0.20299965656776697,1.0
0.22996716041249599,1.0
0.661208618141798,1.0
0.6153307073298375,1.0
0.27748488128334214,1.0
0.0950760290146424,1.0
0.6555545625263242,1.0
0.48156349286080014,1.0
0.47594011178812545,1.0
0.16989478123628432,1.0
0.31269853514607693,1.0
0.28523639817139523,0.0
0.8615218388064214,1.0
0.09415180322940353,1.0
0.4575081468581548,1.0
0.9171958788920311,1.0
0.6810973982698716,1.0
0.37236731744918883,1.0
0.11982497601865072,1.0
0.7058534329409625,1.0
0.12410858393602675,1.0
0.13437484812097322,1.0
0.11868010120340289,1.0
0.17066473897060952,1.0
0.06854240944012968,1.0
0.6584195396143375,1.0
0.12206036819449118,1.0
0.09275297285093087,1.0
0.0,0.0
0.4802066342762714,1.0
0.39456934404959654,1.0
0.5072083419918831,1.0
0.24983413033341018,1.0
0.30654466244993506,1.0
0.3028140906394938,1.0
0.375246667945901,1.0
0.3672875809494238,1.0
0.14282973868783833,1.0
0.2752694736276564,1.0
0.1147682731864319,1.0
0.48969632423711396,1.0
0.1943720099929882,1.0
0.0836258763336386,1.0
0.3114159064941977,1.0
0.9362917376445834,0.0
0.13110193552723715,1.0
0.4198544308024563,1.0
0.6048998211978169,1.0
0.30500109860840485,1.0
0.31489342608134097,1.0
0.16065465218496255,1.0
0.09740137604040244,1.0
0.27600109393564676,1.0
0.8098794688342426,1.0
0.6838768901899015,1.0
0.6307545503065257,1.0
0.752291316470096,1.0
0.6719904323276942,1.0
0.26927769192619433,1.0
0.13968248938107175,1.0
0.4865672257604867,1.0
0.15133712300805113,0.0
0.23719141689298562,1.0
0.6074502009031497,1.0
0.16684195145949232,1.0
0.0,0.0
0.8398200904602202,0.0
0.6198625226474097,1.0
0.37968860344178657,1.0
0.430587730732487,1.0
0.6115894605023975,1.0
0.6417135131532863,1.0
0.4065450094805225,1.0
0.6152102389977245,1.0
0.44847901220381337,1.0
0.4743426756745137,1.0
0.5557247146543998,1.0
0.3020919719069366,1.0
0.5098968836874347,1.0
0.1469099930834874,1.0
0.4993401111844986,1.0
0.38229823344294633,1.0
0.0,0.0
0.29521643364876526,1.0
0.7282145203958104,1.0
0.8944726501637836,1.0
0.32913678384262335,1.0
0.3498573029532439,1.0
0.6718070113065475,1.0
0.7729364612174194,1.0
0.09538772730639788,1.0
0.8248637914198476,1.0
0.4653433522381034,1.0
0.6016615336334445,1.0
0.8681025591248965,1.0
0.6696357732718461,1.0
0.4736082503109835,1.0
0.1889641070045016,1.0
0.20820925293366965,1.0
0.6290844948663334,1.0
0.35100035408224084,1.0
0.0,0.0
0.37171569724515763,1.0
0.2553068467111106,1.0
0.11045154080435315,1.0
0.35303728957903147,1.0
0.27150356552020183,1.0
0.43902473656934626,1.0
0.36691475265450935,1.0
0.7599500594474198,1.0
0.8325328922948376,1.0
0.09039987638308311,1.0
0.7081783768150167,1.0
0.0,0.0
0.53785020749523,1.0
0.29911113021919,1.0
0.2645049829605828,1.0
0.3234548397327366,1.0
0.4089638816997194,1.0
0.19132475531409998,1.0
0.2072455602970944,1.0
0.3491773841004595,1.0
0.1860841612838069,1.0
0.12227895244752673,1.0
0.1534852493458434,1.0
0.3253224865263573,1.0
0.3824685605368616,1.0
0.6567151012358798,1.0
0.6846957993445977,1.0
0.47563761896037704,1.0
0.36375239666311154,1.0
0.24673815732186188,1.0
0.7856658482730392,1.0
0.1909503414225271,1.0
0.5190321152659423,1.0
0.2113710217040965,1.0
0.43080662510221934,1.0
0.361040614222091,1.0
0.3054055157901865,1.0
0.26841418899090286,1.0
0.2192683314538577,1.0
0.47451434427323536,1.0
0.03649001015433129,0.0
0.568852760725008,1.0
0.0,0.0
0.38879034341743735,1.0
0.15913733922161155,1.0
0.3109115637105129,0.0
0.6057218555285133,1.0
0.7141060353870103,1.0
0.07191961728006291,1.0
0.8059334489509062,1.0
0.0,0.0
0.6893162610197057,1.0
0.6179487995153088,1.0
0.4359517712155565,1.0
0.0,0.0
0.6609734756579169,1.0
0.5307887052590003,1.0
0.46699417344047145,0.0
0.22278941543423825,1.0
0.4937577175353507,1.0
0.2451815095568648,1.0
0.08670897049888993,1.0
0.26926417183859863,0.0
0.7157950009430598,1.0
0.33249907907095544,1.0
0.6797006916905826,1.0
0.44048740396962627,1.0
0.904928836816365,1.0
0.18564916959687006,1.0
0.42971544849355237,0.0
0.24036264422265852,1.0
0.2577872540859252,1.0
0.4595658321630771,1.0
0.18087583639636007,1.0
0.8254590564174706,0.0
0.40422513251313985,1.0
0.4795861888032604,1.0
0.4762545631158459,1.0
0.9402465148232815,1.0
0.6230891008055441,1.0
0.5734198203049612,1.0
0.10273455290952516,1.0
0.13142166484105822,1.0
0.8601374038449294,1.0
0.186616341542706,1.0
0.6586991588347701,1.0
0.32480136242788005,1.0
0.43189344507148686,1.0
0.21917038659730625,1.0
0.16907705352616498,1.0
0.09774545151566016,1.0
0.1541099624247506,1.0
0.5087315721818806,1.0
0.30403988090314416,1.0
0.2154242969475173,1.0
0.8355751981114743,1.0
0.5639743199726315,1.0
0.8108412767616042,1.0
0.4722585834326871,1.0
0.16470071571462297,1.0
0.20598787703213928,1.0
0.724078213907815,1.0
0.2743384352788567,1.0
0.7390572425012962,1.0
0.2564690650527104,1.0
0.3561880442048464,1.0
0.18103026050599835,1.0
0.35877654425482675,1.0
0.40263258623956943,1.0
0.19034013580276232,1.0
0.47981161863227983,1.0
0.0,0.0
0.13301196426914252,1.0
0.4281647649728946,1.0
0.0,0.0
0.3402339056784731,1.0
0.3616360702916146,1.0
0.5288394677628796,1.0
0.5817843228589075,1.0
0.6433046619009688,1.0
0.4144343522323104,1.0
0.2917795513533945,1.0
0.23247356356949744,1.0
0.5312370899857246,1.0
0.6644586481248305,1.0
0.00204988737056766,0.0
0.3181150713832466,1.0
0.6683126133680979,1.0
0.2632683596204566,1.0
0.6746228439015369,1.0
0.696636924778157,1.0
0.29404122942058963,1.0
0.2494421888462206,1.0
0.43451350099591135,1.0
0.0,0.0
0.2777980991469109,1.0
0.1904172448188084,1.0
0.09515615516603271,1.0
0.32141193999160667,1.0
0.776365542577306,1.0
0.17662373533498288,1.0
0.11718218954074189,1.0
0.22618955390294415,1.0
0.43761267421169325,1.0
0.3436898831593429,1.0
0.2111206304821298,1.0
0.5172627064391704,0.0
0.20576877458410703,1.0
0.39415310942092185,1.0
0.9192189911871651,1.0
0.0,0.0
0.7961639486977314,1.0
0.8107075994589685,0.0
0.7297768823110369,1.0
0.7876108251658991,1.0
0.41618799212524893,1.0
0.760293898833837,1.0
0.4972299111183238,1.0
0.2964953639089436,1.0
0.8344784894210906,1.0
0.5011430106137507,1.0
0.13113726082010935,1.0
0.28235596526737394,1.0
0.6148564608713691,1.0
0.3218204917292171,1.0
0.2126309027960911,1.0
0.5872423947258927,1.0
0.11465540571451482,1.0
0.8468269171220859,1.0
0.6617517335155703,1.0
0.0,0.0
0.32920187333573425,1.0
0.07008325425849415,1.0
0.8316952660969368,1.0
0.38989729096069103,1.0
0.12033496092546114,1.0
0.31870293159445584,1.0
0.8519092726073727,1.0
0.9473194313546993,0.0
0.41429467467178416,1.0
0.07176440887529534,1.0
0.7978099971041002,1.0
0.46088963730962984,1.0
0.3106348395794991,1.0
0.3039616824771545,1.0
0.17567144098757215,1.0
0.44799222002440287,1.0
0.33540522965251274,1.0
0.19489164753207477,1.0
0.38923352718704685,1.0
0.30451904921369977,1.0
0.6768897029183187,1.0
0.30777747435582237,1.0
0.19246197324807124,1.0
0.37634601562933545,1.0
0.5985138571659374,1.0
0.6907939430699832,1.0
0.10782535057159492,1.0
0.4254851376318056,1.0
0.23325537076276248,1.0
0.788748977451466,1.0
0.3319961318124047,1.0
0.13910873947955738,1.0
0.304339557671212,0.0
0.4874908123051793,1.0
0.9809990259524666,0.0
0.4988185869354451,1.0
0.2946466262308043,1.0
0.7150340465967004,1.0
0.06368779965532267,1.0
0.2969116035395003,1.0
0.24669781013925762,1.0
0.4611070391177128,1.0
0.480358369374037,1.0
0.47523793756066635,1.0
0.4310257135449813,1.0
0.15643349776877669,1.0
0.5659639086528623,1.0
0.6128602727077594,1.0
0.2769954751202923,1.0
0.38507612376029465,1.0
0.2165054867981766,1.0
0.9211530179595049,1.0
0.192242928821873,1.0
0.8263729123005259,1.0
0.29288463519533936,1.0
0.4551360062240062,1.0
0.8155056179485283,1.0
0.13361327654234945,1.0
0.2325328038615604,1.0
0.4776295805335251,1.0
0.6577299321157248,1.0
0.6200565386554393,1.0
0.0,0.0
0.22980927600074974,1.0
0.44473225930444427,1.0
0.7045181274668475,1.0
0.3931983291380563,1.0
0.7703153999146726,1.0
0.17348355868965148,1.0
0.4137375100112797,1.0
0.2712454744007715,1.0
0.4078669429227548,1.0
0.13711549442343607,1.0
0.0,0.0
0.6298290800529949,1.0
0.36514278786593124,1.0
0.7745748297338544,0.0
0.7063651755091787,1.0
0.25909287438953976,1.0
0.6749517836812471,1.0
0.21742872721262163,1.0
0.1504275987549839,1.0
0.14517358167361039,1.0
0.5595330597308434,1.0
0.2926318450706682,1.0
0.07248557524948085,1.0
0.13106964937799104,1.0
0.35189716355074685,1.0
0.5945117601808443,1.0
0.6866567032307689,1.0
0.18230394579249776,1.0
0.09692584009670258,1.0
0.7825235188176074,0.0
0.7501349330251621,1.0
0.4057385360053605,0.0
0.8283314112817339,1.0
0.708472226390318,1.0
0.599943700214447,1.0
0.5670062558870841,1.0
0.6367986156822822,1.0
0.23970661035777097,1.0
0.4791497715798956,1.0
0.1579153814001053,1.0
0.4534296101088544,1.0
0.6603263691523855,1.0
0.6474395348495245,1.0
0.5368565065665645,1.0
0.30368589869999507,1.0
0.0,0.0
0.25615111941008273,1.0
0.12972253746112417,1.0
0.4695454945000348,1.0
0.6175137528076675,1.0
0.2174419241786265,1.0
0.2644452734919698,1.0
0.2710268791435948,1.0
0.14714477343109733,1.0
0.23204454312953526,1.0
0.08889118766502735,1.0
0.1594106800795032,1.0
0.4039929311359933,1.0
0.2891595044323587,0.0
0.6010087129776847,1.0
0.6989951711839213,1.0
0.17260072948190341,1.0
0.4071066848383982,1.0
0.07912359312897088,1.0
0.7255274842668022,1.0
0.14055861406591452,1.0
0.17159895851649098,1.0
0.2807486514367872,1.0
0.8407121871553138,0.0
0.1253200398056591,1.0
0.27147507780030145,1.0
0.0,0.0
0.2512776425256047,1.0
0.8105379976379736,1.0
0.6845725909814138,0.0
0.11304991256904984,1.0
0.4630417111328575,1.0
0.7644527528064282,1.0
0.4313715396790099,1.0
0.427383901134613,1.0
0.15727342683324386,1.0
0.320325167040032,1.0
0.578056555103629,1.0
0.7862125359910808,0.0
0.286986994919201,1.0
0.6528303964253444,1.0
0.5918712555615961,1.0
0.3758339599432925,1.0
0.5700112896782943,1.0
0.42942972497607856,1.0
0.5906151608944294,1.0
0.6758205405936049,1.0
0.0,0.0
0.9322311976674511,1.0
0.15857567386750082,1.0
0.42803168589537055,1.0
0.7194795524361024,0.0
0.5493188641392566,1.0
0.43326709297381916,1.0
0.0,0.0
0.629747766454769,1.0
0.40925465311671294,1.0
0.15988365205838573,1.0
0.3574059374968743,1.0
0.3225781788461215,1.0
0.3200280322284996,1.0
0.06369576865404847,1.0
0.5926453308453516,1.0
0.19374670769235802,1.0
0.6811346112730874,1.0
0.5774105720208405,1.0
0.06064715146244826,1.0
0.08978798112751019,1.0
0.5485943475043715,1.0
0.0,0.0
0.20491162303883792,1.0
0.6977578335750163,1.0
0.5102813233516956,1.0
0.6756831669000212,1.0
0.4473358620375487,1.0
0.5976950200383451,1.0
0.23724083148764796,1.0
0.36346761249911586,1.0
0.7255446327197479,1.0
0.22164364028019357,1.0
0.7916237172131639,1.0
0.23248661748167176,1.0
0.2882632651784234,0.0
0.45766238489777455,1.0
0.28756353086910247,1.0
0.20298841733845618,1.0
0.1938605115166232,1.0
0.3228602549910926,1.0
0.14976218335983615,1.0
0.51781806241907,1.0
0.3125707430580418,0.0
0.34014256530718256,1.0
0.36356043042640884,1.0
0.17407860660558683,1.0
0.5552020829886266,1.0
0.4082754196321319,1.0
0.3728893578924857,1.0
0.3458832155081124,1.0
0.8033837935181172,0.0
0.33047722725013706,1.0
0.484895689763162,1.0
0.15012013505670163,1.0
0.5318252733185242,1.0
0.14109944758102522,1.0
0.17245678531585762,1.0
0.3692699829253048,1.0
0.34105963539974127,1.0
0.7696976994746145,1.0
0.7420331883467415,1.0
0.11765802259624492,1.0
0.4102201824444336,1.0
0.3643307673034055,1.0
0.2067810745115577,1.0
0.0,0.0
0.5139801892312277,1.0
0.14990139574531725,1.0
0.31562202625285707,1.0
0.0,0.0
0.2818086613174451,1.0
0.5259205923929966,1.0
0.08404665867361194,1.0
0.27845772636397337,1.0
0.41729526479084544,1.0
0.5576646766601625,1.0
0.6007160098337843,1.0
0.15742537201006224,1.0
0.7542210996455756,1.0
0.17860635439255157,1.0
0.24416660064765727,1.0
0.5350897547396185,1.0
0.29588481415968326,1.0
0.9534758420058709,1.0
0.4552187033428492,1.0
0.18266785172993805,1.0
0.4462599811846597,1.0
0.38922709576690995,0.0
0.4609939465610968,1.0
0.6944539943436174,1.0
0.41047208923670775,1.0
0.3048878389889236,1.0
0.2882850533773009,1.0
0.6844915674923557,1.0
0.6832883657287354,1.0
0.21703076646038832,1.0
0.15554869881981714,1.0
0.1257585718248193,1.0
0.5627226779810015,1.0
0.23699038024309482,1.0
0.2327390664779765,1.0
0.15710526255319346,1.0
0.6033351304062369,1.0
0.2310740619384335,1.0
0.5855034033451751,1.0
0.80548426392303,1.0
0.5253517783488411,1.0
0.0,0.0
0.15693129709016373,1.0
0.07999425175694208,1.0
0.509147461680683,1.0
0.6054569528458988,0.0
0.48057518296077273,1.0
0.20490265666480045,1.0
0.1172114935678179,1.0
0.18449690400047825,1.0
0.36135552072109167,1.0
0.2220566877095287,1.0
0.3647718062659262,1.0
0.7959420622020645,1.0
0.47016470450814163,1.0
0.22081250552501652,1.0
0.47491859239139833,1.0
0.1861092727332201,1.0
0.47401884081578016,1.0
0.14010589870957846,0.0
0.4125045150365034,1.0
0.3966613752788559,1.0
0.4998755936860282,1.0
0.166819655069383,1.0
0.19398656795153357,1.0
0.20091643865494913,1.0
0.0,0.0
0.6970056245195009,1.0
0.25744919787571163,1.0
0.3866229498293978,1.0
0.20015637364324546,1.0
0.22527142941361689,1.0
0.10462507731196746,1.0
0.45646968508602814,1.0
0.2675990822670582,1.0
0.7793181996592136,1.0
0.3368521841400396,1.0
0.17960423189285724,1.0
0.39283539056463423,1.0
0.896652535452438,0.0
0.25741349043903883,1.0
0.6453669979559638,1.0
0.2301064098119059,1.0
0.1317402427215959,1.0
0.21168322618633084,1.0
0.14022001765242242,1.0
0.6154753387544978,1.0
0.3423381925195068,1.0
0.6552605238798752,1.0
0.2528217675783182,1.0
0.1413529549756043,1.0
0.2864037704524174,1.0
0.32229147696048877,1.0
0.1892441513849219,1.0
0.8008990995302541,1.0
0.4102225623399858,1.0
0.6952964323521975,1.0
0.42964251304801726,1.0
0.15629411932080606,1.0
0.6799452117032185,1.0
0.7514411315463594,1.0
0.18246038265953413,1.0
0.7289025052838358,1.0
0.09426309310767333,1.0
0.3086734495103771,1.0
0.08858338283837863,1.0
0.12443659536639995,1.0
0.5194135548012584,1.0
0.23819090399898357,1.0
0.7400893918980822,1.0
0.17462357267577433,1.0
0.0,0.0
0.0,0.0
0.1534567466202965,1.0
0.4028638242542031,1.0
0.3459822517753608,1.0
0.3701606020643964,1.0
0.9002890228590128,1.0
0.6130478703005462,1.0
0.7889569937277825,1.0
0.8089897550358298,1.0
0.10882301599209487,1.0
0.2844585144545304,1.0
0.27038373712989827,1.0
0.23127289776015392,1.0
0.0,0.0
0.522000324199996,1.0
0.25364187518398973,1.0
0.4773861949477727,1.0
0.5865110175093777,1.0
0.8820289236019221,1.0
0.22818563102476874,1.0
0.5468312860661153,1.0
0.5442464303875085,1.0
0.0,0.0
0.4027951494119284,1.0
0.26310483408596186,1.0
0.33311139548500934,1.0
0.27614324842824,1.0
0.1048541495116071,1.0
0.954456464012952,1.0
0.22937577587508606,1.0
0.823570535769039,1.0
0.11855747005742501,1.0
0.20715643175811405,1.0
0.29719532830484585,1.0
0.8029807008347434,1.0
0.0,0.0
0.35571204308610094,1.0
0.3549884067824838,1.0
0.5740085468421681,1.0
0.31398946892316637,1.0
0.33756911291962277,1.0
0.39238534921452395,1.0
0.5517126509188284,0.0
0.7134815383894142,1.0
0.3191582979483596,1.0
0.0,0.0
0.2305315597954194,1.0
0.49098681584781634,1.0
0.09377696217709008,1.0
0.0,0.0
0.19908483942599098,1.0
0.22018559561944606,1.0
0.5187094008288224,1.0
0.4602081768767503,0.0
0.7530113154049753,1.0
0.840473329273332,1.0
0.6394044672616261,1.0
0.9165230216965412,1.0
0.7649962563262589,1.0
0.3994020215813192,1.0
0.16141340970465867,1.0
0.19058388852666885,1.0
0.07522827932628218,1.0
0.0,0.0
0.4513223421460273,1.0
0.0,0.0
0.303520634511246,1.0
0.6049702657060148,1.0
0.07383118760206342,1.0
0.7075379948399205,0.0
0.7560870638060231,0.0
0.3906406326794367,1.0
0.5034133509405456,1.0
0.0,0.0
0.15856543601500706,1.0
0.5459507197098761,1.0
0.198618917099886,1.0
0.10685898292841722,1.0
0.441374334720781,0.0
0.5058998926236944,1.0
0.08537277168861346,1.0
0.991661204119449,0.0
0.39736749999287957,1.0
0.23964666079881214,1.0
0.5959491900842795,1.0
0.2986770558774494,1.0
0.16332557725139418,1.0
0.2933575221422249,1.0
0.4391700232405751,1.0
0.6629993239826151,1.0
0.6174415876519919,1.0
0.48276962672776813,1.0
0.0,0.0
0.3576067650680881,1.0
0.8063904149067387,1.0
0.2249857939292701,1.0
0.0,0.0
0.13638445033227553,1.0
0.13502724661787502,1.0
0.5290125298859834,1.0
0.20147887329854308,1.0
0.34272094754984206,1.0
0.17854880473667345,1.0
0.695884208531786,1.0
0.22477775464429461,1.0
0.2866558813214857,1.0
0.11685479434225643,1.0
0.3103488829743144,1.0
0.16698341369158864,1.0
0.31433485389118454,1.0
0.511238567561735,1.0
0.1159821269583925,1.0
0.19014902988979854,0.0
0.10180239313873551,1.0
0.1360777799325108,1.0
0.2564515334555879,1.0
0.0,0.0
0.23202765477446397,1.0
0.39051668103655723,1.0
0.0,0.0
0.21831116027129882,1.0
0.12936931654444628,1.0
0.6056360282317872,1.0
0.20727009052779533,1.0
0.5903968007257161,1.0
0.34072142913306136,1.0
0.8437248438150022,1.0
0.16699211896737554,1.0
0.636266008262643,1.0
0.12559856161313654,1.0
0.30057765807215464,1.0
0.25459107036518747,1.0
0.15088953358059687,1.0
0.8183423073919291,0.0
0.5882870158157645,1.0
0.5007584739129749,1.0
0.1780203238698519,1.0
0.5497059698067326,1.0
0.15820644992890154,0.0
0.0,0.0
0.08991061227348807,1.0
0.09840704847393367,1.0
0.6870020811961517,1.0
0.15208201230914975,1.0
0.5598579779972623,1.0
0.24002587449654733,1.0
0.21613216031579485,1.0
0.7142612427914008,1.0
0.17855108759571126,1.0
0.13109993577473178,1.0
0.4644799113261522,1.0
0.2986416035367694,1.0
0.15657271115463445,1.0
0.0,0.0
0.8375913988057788,1.0
0.7688230813566914,1.0
0.1156006494087718,1.0
0.2661838477157117,1.0
0.33121558709420773,1.0
0.3060159815078256,1.0
0.20142353047309314,1.0
0.4859723969269911,1.0
0.13205302742216585,1.0
0.4673758500650034,1.0
0.42401002654898035,1.0
0.622940767988053,1.0
0.11669746413905813,1.0
0.5706760898419314,1.0
0.12125254821263987,1.0
0.28038826482366463,1.0
0.3383162680733598,1.0
0.18843116445875463,1.0
0.500336223020386,1.0
0.3817499021064128,1.0
0.54808020603345,1.0
0.21424548536189603,1.0
0.4499367017309246,1.0
0.32842571826935885,1.0
0.37301682085667176,1.0
0.6069807172369153,1.0
0.6116013779869349,1.0
0.186376223186409,1.0
0.47358817975845513,1.0
0.1379612006618478,1.0
0.20016473478953634,1.0
0.31428356058956597,1.0
0.3553325042660225,1.0
0.32751044285213515,1.0
0.5570165337646391,1.0
0.36620422128226426,1.0
0.1883557410770118,1.0
0.40099370753115027,1.0
0.8579282345367276,1.0
0.3088461024795168,1.0
0.37215453037762636,1.0
0.7101105899048705,1.0
0.3758853302738965,1.0
0.32688488745626465,1.0
0.41271205113212917,1.0
0.0,0.0
0.25005161017085564,1.0
0.32903341894651605,1.0
0.17249129430155463,1.0
0.19207781669034274,1.0
0.8067304348559059,1.0
0.4429657055520333,1.0
0.7616347894096203,1.0
0.7312827499675296,1.0
0.11181881330762877,1.0
0.1779838111301446,1.0
0.11072657830068788,1.0
0.2118953870222411,1.0
0.2443413424028047,1.0
0.22778284945846838,1.0
0.6686914159111157,1.0
0.08326208243835964,1.0
0.43448772129503554,1.0
0.1936049103341535,1.0
0.40987305482065617,1.0
0.17651525451375827,1.0
0.7429270527070067,0.0
0.8048666175033001,1.0
0.4867156065960465,1.0
0.42842570216329845,1.0
0.2153204988884112,1.0
0.18171096365391204,1.0
0.22505224393434053,1.0
0.0,0.0
0.6791036920402109,1.0
0.863911661094158,1.0
0.29100826211802655,1.0
0.12711601863069477,1.0
0.36259929175088645,1.0
0.7271998615807127,1.0
0.172411881418566,1.0
0.6222051281675243,1.0
0.2962210656907982,1.0
0.42852523361688455,1.0
0.46949910304297626,1.0
0.10996209962812786,1.0
0.0913645153757714,1.0
0.2238166259725367,1.0
0.07356327178560962,1.0
0.5327187785436469,1.0
0.17508840459155905,1.0
0.0,0.0
0.5181455516529412,1.0
0.0,0.0
0.280316330754947,1.0
0.13255948600202272,1.0
0.3506385769458662,1.0
0.11319913972307871,1.0
0.12699209399797962,1.0
0.3274498420481131,1.0
0.2516540181553779,1.0
0.6522586852910162,1.0
0.40046857492427534,1.0
0.2949361971960687,1.0
0.0,0.0
0.2033362342216014,1.0
0.36670710551709895,1.0
0.3840503097475074,1.0
0.6293059441974957,1.0
0.2541103234606079,1.0
0.2067440935956757,1.0
0.08407853666927023,1.0
0.8295337557227445,1.0
0.6539727662979851,1.0
0.0,0.0
0.8137469711715051,1.0
0.2498891090218356,1.0
0.16648733401730365,1.0
0.8578888697237885,1.0
0.6045647000920797,1.0
0.2816934409601397,1.0
0.3965977703443828,1.0
0.5614831505480682,1.0
0.15691072634941428,1.0
0.8234426736546534,1.0
0.5439213500601063,1.0
0.4460339241196123,1.0
0.5637467403346412,1.0
0.6875501524348109,1.0
0.30150723287022174,1.0
0.31307592015567876,1.0
0.16833429802801358,1.0
0.6367043682170559,1.0
0.8512176213396923,1.0
0.110058682972344,1.0
0.7708319012736169,1.0
0.19995389945241016,1.0
0.13552591826751836,1.0
0.8553639235890826,1.0
0.8688613266483562,1.0
0.19990201792944484,1.0
0.20063670339084938,1.0
0.6680553915757943,1.0
0.8190142782538925,1.0
0.0,0.0
0.22432111481118255,1.0
0.8826261233275821,1.0
0.6518240037207761,1.0
0.3149648549599564,1.0
0.4192087448314714,1.0
0.6713971490758,1.0
0.14296602697298377,1.0
0.5154146800286803,1.0
0.14495322275276878,1.0
0.19133623963563862,1.0
0.5703041838940952,1.0
0.355191400168692,1.0
0.0,0.0
0.6054865269746137,0.0
0.3025774685988565,1.0
0.7549750663624972,1.0
0.09934912997826162,1.0
0.2939545648087831,1.0
0.37143762160557214,1.0
0.11379964669325116,1.0
0.16615704172864554,1.0
0.9039297148477674,0.0
0.35263620865267953,0.0
0.20367122627877743,1.0
0.3944540846776099,1.0
0.47622346141230576,1.0
0.09173562602433716,1.0
0.5474530030175822,1.0
0.27460609900044775,1.0
0.11526990795109215,1.0
0.7399574442463126,1.0
0.6136229266936919,1.0
0.40414815454640785,1.0
0.06754953682315712,1.0
0.47096792375874275,1.0
0.49580071331261877,0.0
0.7211108072756671,1.0
0.44015723872877643,1.0
0.20691730277411668,1.0
0.4445862643666949,1.0
0.7313260902764447,1.0
0.12318485833900805,1.0
0.3811468451766933,1.0
0.5472355832027236,1.0
0.46908801535108857,1.0
0.0,0.0
0.5141722485029394,1.0
0.18653877835575638,1.0
0.5349785889080274,1.0
0.9472512887126912,1.0
0.5344723244011997,1.0
0.10692071315744078,1.0
0.19517975794773612,1.0
0.29595231656076937,1.0
0.7260882492821166,1.0
0.876282831353155,1.0
0.17234054457458292,1.0
0.5342771859708035,1.0
0.331009110397233,1.0
0.0,0.0
0.38749413265462396,1.0
0.48738082191590637,1.0
0.0,0.0
0.6279690721338747,1.0
0.0,0.0
0.44927786881275633,1.0
0.43440840744931464,1.0
0.39189162442638015,1.0
0.48597569616849245,1.0
0.41311176154275664,0.0
0.9658581904712156,0.0
0.3744270065081219,1.0
0.5707349469898175,1.0
0.5339645373214292,1.0
0.8016219985564348,0.0
0.3455061856321473,1.0
0.2828561054696319,1.0
0.0,0.0
0.57040463769476,1.0
0.7463235368005745,1.0
0.8692991744100311,1.0
0.11749996712012756,1.0
0.4681215816830657,1.0
0.1415508644487411,1.0
0.869641815345473,1.0
0.12083025230311151,1.0
0.3119373757225472,1.0
0.4601715520948817,1.0
0.19768117522855722,1.0
0.3534891516142631,1.0
0.7663214790062289,1.0
0.42021606688575286,1.0
0.4112677786538397,1.0
0.2678365236160003,1.0
0.23383689058809143,1.0
0.39775365930424256,1.0
0.7498115243267924,0.0
0.3924827908817261,1.0
0.877617732675188,0.0
0.14672705424378485,1.0
0.361382434848851,1.0
0.0,0.0
0.3594740627303312,1.0
0.37231216469526274,1.0
0.5558782374248645,1.0
0.5743821474276949,1.0
0.11474474233179466,1.0
0.0,0.0
0.0,0.0
0.08095467316255611,1.0
0.35404296801482094,1.0
0.1063551713446218,0.0
0.4334861644101813,1.0
0.5368210982424473,1.0
0.5215278544100865,1.0
0.56831004049993,1.0
0.775186803018789,1.0
0.0,0.0
0.32370933449886286,1.0
0.39733288096577457,1.0
0.3731462135470114,1.0
0.3679430375971049,1.0
0.08131122733353413,1.0
0.22410849780361497,1.0
0.15105657943978645,1.0
0.34817535403754896,1.0
0.189389851211621,1.0
0.17914380963642262,1.0
0.0,0.0
0.31524208928295483,1.0
0.27150728091830256,1.0
0.517690760515491,1.0
0.4588049158310219,1.0
0.32093986835152055,1.0
0.21186584290481925,1.0
0.44557325977207896,1.0
0.0,0.0
0.23844775765275683,1.0
0.3029705505151883,1.0
0.23595129523644598,1.0
0.34245522055704036,1.0
0.8511195894503909,1.0
0.2668504375528009,1.0
0.408211133441303,1.0
0.6769365015285889,1.0
0.40176673342001923,1.0
0.1466017320851818,1.0
0.42327965571116444,1.0
0.3112942447129914,1.0
0.7120748310468481,1.0
0.1925141088666522,1.0
0.30011982779107793,1.0
0.6569467724135123,1.0
0.40862952788271256,1.0
0.4123828612583087,1.0
0.09647043072661221,1.0
0.24479014728763415,1.0
0.30402359877619567,1.0
0.938558168500248,1.0
0.10623636763890598,1.0
0.0,0.0
0.8304159466903238,1.0
0.12244339432684148,1.0
0.09725000908116721,1.0
0.5732653091625726,1.0
0.8668891255110407,1.0
0.7936148934908056,1.0
0.4824453637079178,1.0
0.37165680908560184,1.0
0.0,0.0
0.15327823444634392,1.0
0.0,0.0
0.5898508312779591,1.0
0.07076656738854137,1.0
0.12246384102091223,1.0
0.3028153901284898,1.0
0.33642128299236873,1.0
0.4632489191050104,1.0
0.36821407858955935,1.0
0.7574138850875443,1.0
0.42436355958310745,1.0
0.05250183838928413,0.0
0.6140028066421368,1.0
0.45388795558379824,1.0
0.6079722843626332,1.0
0.2580819499796956,1.0
0.20136576173477483,1.0
0.3347616304667831,1.0
0.44661399840098426,0.0
0.2654294098214862,1.0
0.4867601903728769,1.0
0.4751541660375258,1.0
0.5624530105054002,1.0
0.6255217662151047,1.0
0.48844262847265174,1.0
0.38493051496785213,1.0
0.5962130383701254,1.0
0.6191774828676255,1.0
0.33832146903047455,1.0
0.14070211606557326,1.0
0.7936493924727377,1.0
0.2882410848319812,1.0
0.08636032030216922,1.0
0.5473350046149017,1.0
0.7337531215658921,1.0
0.9117430169855489,1.0
0.5779946458072227,1.0
0.34240314296029295,1.0
0.6594586466292682,1.0
0.0,0.0
0.15010387893954125,1.0
0.2914465000265136,1.0
0.10657449487584714,0.0
0.2787695296952548,1.0
0.5080270200596213,1.0
0.5605573751797226,1.0
0.23871747114567476,1.0
0.15157162825213932,1.0
0.25083445875599564,1.0
0.21186563282576643,1.0
0.12265773698376936,1.0
0.2843654984527024,1.0
0.5965082364528689,1.0
0.3125205111558276,1.0
0.1864826312276482,1.0
0.23311657653463325,1.0
0.6186181824034205,1.0
0.5126456030277735,1.0
0.49098312545912703,1.0
0.19644037931829716,1.0
0.597790304893941,1.0
0.13109396952964003,1.0
0.28264436279107397,1.0
0.51124940363934,1.0
0.28509749890374003,1.0
0.6072893533763861,1.0
0.6531980417699201,1.0
0.25754978072493717,1.0
0.11209751418248937,1.0
0.3031694793719182,1.0
0.21410815268374694,1.0
0.6698406263578578,1.0
0.43034573566998713,1.0
0.5809019378182989,1.0
0.1236326538440089,1.0
0.0,0.0
0.2041965619620698,1.0
0.0,0.0
0.2188529771564509,1.0
0.280739304919702,1.0
0.3863220846141182,1.0
0.17876697883536874,1.0
0.05829410601379914,1.0
0.11837819959813034,1.0
0.0,0.0
0.87605499461842,1.0
0.45048874346367684,1.0
0.5881801095870576,1.0
0.3855643354738745,1.0
0.2047088107207653,1.0
0.18419776043305314,1.0
0.0,0.0
0.0,0.0
0.8393039242273828,1.0
0.2726013746246698,1.0
0.6257442259264718,1.0
0.12823090015949878,1.0
0.11240138953047873,1.0
0.06611683069727459,1.0
0.7642678372228788,1.0
0.2582602110591612,1.0
0.18198180857258395,1.0
0.14927166077667842,1.0
0.422849941009952,1.0
0.24430190456238465,1.0
0.4717511274775186,1.0
0.15012647844371196,1.0
0.7726082507121346,0.0
0.6461950935675143,1.0
0.2384523273723378,1.0
0.28471860632684187,1.0
0.08858250650861654,1.0
0.30873619912299377,1.0
0.15605159806029834,1.0
0.6491838102186014,1.0
0.5727828626184204,1.0
0.41121066016020746,1.0
0.13407624075532,1.0
0.1511044644588715,1.0
0.14666337328070211,1.0
0.19047593390345163,1.0
0.5623082910476129,1.0
0.33399481291410504,1.0
0.5415340277130944,1.0
0.08480192487953042,1.0
0.10977526032068319,0.0
0.2046623032200392,1.0
0.0,0.0
0.7637555724581606,1.0
0.32956303824172695,1.0
0.4796331494745143,1.0
0.08817764716044874,1.0
0.5195105172881447,1.0
0.31604576470521284,1.0
0.15561897726552587,1.0
0.44958542054416517,1.0
0.8291890360050598,1.0
0.6681585413909668,1.0
0.2974096549557501,1.0
0.2635609667282188,1.0
0.10995093542705003,1.0
0.6843311851406368,1.0
0.1834296503940136,1.0
0.07670364650547645,1.0
0.0,0.0
0.15379798302721515,1.0
0.7927166294749544,1.0
0.09873336326586335,0.0
0.26242890373404615,1.0
0.09224319002016124,1.0
0.4903248437483776,1.0
0.751655914368921,1.0
0.29480346024728776,1.0
0.48458802298846226,1.0
0.4048084340089093,1.0
0.49087226074084445,1.0
0.8426988427318212,1.0
0.33706997509455805,1.0
0.15521859460193044,1.0
0.17303360437229154,1.0
0.0,0.0
0.16433349052815238,1.0
0.6020833443603992,1.0
0.24946804757683516,1.0
0.12302907171665778,0.0
0.31356279336558046,1.0
0.6258083050393779,0.0
0.11796598248124157,1.0
0.24739942115478097,1.0
0.23887921901123477,1.0
0.6666607987919244,1.0
0.8182896325704467,1.0
0.42670934429955043,1.0
0.06893091163311649,1.0
0.5873389420565567,0.0
0.0,0.0
0.7124038628611911,1.0
0.636135351096482,1.0
0.3115426671941224,1.0
0.35284994308073125,1.0
0.15092978372668675,1.0
0.528490760544702,1.0
0.181564769641251,1.0
0.32621190521372023,1.0
0.3609256359558848,1.0
0.184366813047383,1.0
0.6841170345559862,1.0
0.0,0.0
0.11280007855676066,1.0
0.06701540482982216,1.0
0.7211967136021316,1.0
0.9231003987569513,0.0
0.6580478287399067,1.0
0.6169113991425861,1.0
0.1399071719288898,1.0
0.35101649215498165,1.0
0.036878161215187166,0.0
0.4827313643296658,1.0
0.5782214491530948,1.0
0.24665319735151003,1.0
0.3227551534414852,1.0
0.16102798967148546,1.0
0.09087043245286175,1.0
0.8505378445403622,1.0
0.31167511503411216,0.0
0.3282317582824099,1.0
0.16811038076817253,1.0
0.465612100367756,1.0
0.5755821539889641,1.0
0.7573060124951958,1.0
0.26919936945352596,1.0
0.49176655126147306,1.0
0.15212446428378534,1.0
0.7797304317817493,1.0
0.09641202474850097,1.0
0.5191909710432125,1.0
0.32683382824273366,1.0
0.4875730202399433,1.0
0.20574689335022045,1.0
0.18409375429564756,1.0
0.4926313516850076,1.0
0.21982837919926457,1.0
0.176713575141612,1.0
0.523056798750313,1.0
0.1306227932264683,1.0
0.13306862158923538,1.0
0.25053959579935947,1.0
0.2159373009904253,0.0
0.8111487004448286,1.0
0.13253898428724797,1.0
0.27222011615748976,1.0
0.09270785687383398,1.0
0.17790168722700184,1.0
0.5331411834942075,1.0
0.17885484189815148,1.0
0.6280468844145584,1.0
0.07868781914765721,0.0
0.5408751607821269,1.0
0.1380898180604464,1.0
0.36818730451450143,1.0
0.26939468395017574,1.0
0.4590297274274011,1.0
0.5354971230318997,1.0
0.4719151632039984,1.0
0.31300925907117927,1.0
0.1880225266887705,1.0
0.11602734097238043,1.0
0.10889537622117684,1.0
0.5854595688502986,1.0
0.32906131344318723,1.0
0.856496539791427,1.0
0.0,0.0
0.10095986909778176,1.0
0.32759292989192534,1.0
0.4085066586471422,1.0
0.641302598526523,1.0
0.7859918149339675,1.0
0.24997617678534834,1.0
0.2885797052545076,1.0
0.09779314046096221,0.0
0.3183388205798452,1.0
0.49244063491847934,1.0
0.0,0.0
0.5350762406542819,1.0
0.4573712423411216,1.0
0.14021657935859633,1.0
0.5487593435922347,1.0
0.12101628330639169,1.0
0.2522196169896538,1.0
0.32738025586290087,1.0
0.2986753292277129,1.0
0.5808880035748571,1.0
0.13670381150756628,1.0
0.20173907721301587,1.0
0.048349410834947815,0.0
0.279679919273943,1.0
0.23858690401339322,1.0
0.3093418380243067,1.0
0.6614815028280328,1.0
0.3606988956337278,1.0
0.08390458521151078,1.0
0.43946505726158236,1.0
0.6121111148003884,1.0
0.5052377404564958,0.0
0.44153140082459874,1.0
0.9118838389767232,1.0
0.5322389779951808,1.0
0.31400280294074356,1.0
0.5454376126281941,1.0
0.8994730067929826,1.0
0.20860570811935952,1.0
0.1482050484115125,1.0
0.4909753805447239,1.0
0.21036323447476946,1.0
0.22466640074193256,1.0
0.13888552248322483,1.0
0.6429943781415002,1.0
0.7121809909947299,1.0
0.6112805172473599,1.0
0.891668905117327,1.0
0.12718623905456994,0.0
0.0,0.0
0.24457819152889426,1.0
0.8086516708150757,1.0
0.411079626852505,1.0
0.14006956903875967,1.0
0.27540794873570107,1.0
0.40809992459352484,1.0
0.3847592955381516,0.0
0.2221782174410447,1.0
0.13881182675159476,1.0
0.505165318204075,1.0
0.33222789402429376,1.0
0.8271879860119484,1.0
0.6304153146524882,1.0
0.7422890996459075,1.0
0.14681017252110973,1.0
0.22942881783472258,1.0
0.21523552491278908,1.0
0.20384806182181547,1.0
0.0,0.0
0.3468183293905316,1.0
0.28445254620868576,1.0
0.26874002660327045,1.0
0.08860874538227881,1.0
0.42012142627258475,1.0
0.20395909160221093,1.0
0.6766659787311307,1.0
0.2025646358699129,1.0
0.21312224968943605,1.0
0.8012444114707922,1.0
0.4560439968999894,1.0
0.13591097916554906,1.0
0.3133027154985393,1.0
0.17005048582776627,1.0
0.16788529706940203,1.0
0.3343852118208228,1.0
0.6872031668644878,1.0
0.32029690540520717,1.0
0.5143278480548954,1.0
0.24320306106867706,1.0
0.7555378911529025,1.0
0.6158177305962056,1.0
0.8528534779108843,1.0
0.6538114856082227,1.0
0.3429914533409004,1.0
0.49570239531565496,1.0
0.39700976837883095,1.0
0.5835803477012598,1.0
0.0,0.0
0.12482122410180851,1.0
0.10820730330002437,1.0
0.22579499943249148,1.0
0.12074456305833436,1.0
0.9331041211476836,1.0
0.3201026292993028,1.0
0.6489850364202199,0.0
0.41821695962368954,1.0
0.3387620678273615,1.0
0.8027615443663834,1.0
0.3360934906444357,1.0
0.2871499832515476,1.0
0.10970959461074248,1.0
0.45759632603989253,1.0
0.5778094991367158,1.0
0.5589506085550484,1.0
0.6465632210935341,1.0
0.10260455699219184,1.0
0.9647718706901687,1.0
0.9608412536028892,1.0
0.2657137868322712,1.0
0.5405251970911404,1.0
0.30737743081984004,1.0
0.061574291344258736,1.0
0.46637112998984387,1.0
0.6057685931158208,1.0
0.0,0.0
0.16813100753000265,1.0
0.11873047515907187,1.0
0.9550381639060395,0.0
0.5718807881687069,1.0
0.24768481854953528,1.0
0.42684943101404116,1.0
0.3582964245862752,1.0
0.47154609532412417,1.0
0.40748392779454523,1.0
0.25731876479387283,1.0
0.4432562578865862,1.0
0.2560723767793096,1.0
0.07826213196199516,1.0
0.12926604868485425,1.0
0.12362954767516054,1.0
0.37320866104594286,1.0
0.18042413542173508,1.0
0.29522853020068585,1.0
0.435175967281312,1.0
0.6406701905520342,1.0
0.07326535568007708,1.0
0.1759476909401534,1.0
0.5249737290892824,1.0
0.07263148615560899,1.0
0.2983536941967726,1.0
0.5042009022953327,1.0
0.26475880247261196,1.0
0.49251663351667574,1.0
0.7478591816622004,1.0
0.36109564793122084,1.0
0.425587416119098,1.0
0.4047305987195675,1.0
0.6013745186299859,1.0
0.5634257235363407,1.0
0.3210055150543094,1.0
0.12099501330251083,1.0
0.36316600100301155,1.0
0.5809191773055007,1.0
0.37901145563174277,1.0
0.35466834934518987,1.0
0.06738724675356611,1.0
0.21488567626509303,1.0
0.2249744246510219,1.0
0.1336097682221724,1.0
0.43118669412181143,1.0
0.4910808222223215,1.0
0.440095481489589,1.0
0.40599399113286916,1.0
0.7060008154008344,1.0
0.8339007340123077,1.0
0.0,0.0
0.23677987102868814,1.0
0.09377406008503586,1.0
0.5020828422714638,1.0
0.5839861003855886,0.0
0.21245257569178033,1.0
0.8815717855813427,1.0
0.5696838034455527,1.0
0.6381198648670297,1.0
0.16961341035670374,1.0
0.9151115655670115,1.0
0.2893498560614862,1.0
0.6107370487407038,1.0
0.36677396267538054,1.0
0.4183137740548628,1.0
0.15582726064235253,1.0
0.7925955899278945,1.0
0.8496785381842402,1.0
0.31276659875834634,1.0
0.27277271610029574,1.0
0.24228410326577476,1.0
0.12154206215644736,1.0
0.27422689730722993,1.0
0.3016299150353978,1.0
0.0,0.0
0.5142062863113326,1.0
0.707653609345543,0.0
0.5629864942548015,1.0
0.46611677627679615,1.0
0.36092615715201015,1.0
0.1980334127751937,1.0
0.6948314993983922,1.0
0.4233838929355276,1.0
0.35467012301261924,1.0
0.4016489741073075,1.0
0.8855308733821223,0.0
0.12649937658891108,1.0
0.0,0.0
0.8460656596616651,1.0
0.8684800441721419,1.0
0.5949689692281517,0.0
0.35828523837691595,1.0
0.13065600772505093,1.0
0.0,0.0
0.5383852588345142,1.0
0.6975783080197293,0.0
0.11371958456595266,1.0
0.0,0.0
0.4181510058053335,1.0
0.20477670326866315,1.0
0.5717145196020117,0.0
0.5839341468355199,1.0
0.9077084957992607,1.0
0.0,0.0
0.3299530209918462,1.0
0.15623217100971853,1.0
0.615948329740533,1.0
0.0,0.0
0.0,0.0
0.1219739546771712,1.0
0.8796549602818993,1.0
0.34704124827468474,1.0
0.7826443522871211,1.0
0.6813402796658976,1.0
0.8927433064134598,1.0
0.4632864092125004,1.0
0.1700434261712247,1.0
0.44641461937485616,1.0
0.5341922420064744,1.0
0.6767437950133197,1.0
0.23953245782434696,1.0
0.16261468674400703,1.0
0.6738830024999576,1.0
0.8520224011775408,1.0
0.4714061316559359,1.0
0.3645427330659099,1.0
0.14830002915267038,1.0
0.39167360738678614,1.0
0.0,0.0
0.07757173516637161,1.0
0.603178008281338,1.0
0.10665004030351621,1.0
0.9702467148685581,0.0
0.4632208105277811,1.0
0.1664107702064177,1.0
0.817177608116757,1.0
0.19415093780374448,1.0
0.16427237853176901,1.0
0.6095140985457683,1.0
0.1918987713157474,1.0
0.12181834111994494,1.0
0.31973304022330273,1.0
0.15177246682749468,1.0
0.24212923098749117,1.0
0.5586561737595295,1.0
0.0,0.0
0.25226359853986713,1.0
0.6137240247367846,1.0
0.5713695087747825,1.0
0.2941945821270595,1.0
0.7265018439173643,1.0
0.48921444390602753,1.0
0.0,0.0
0.30480346824029514,1.0
0.4059858850825706,0.0
0.7887050099065229,0.0
0.2439071690237964,1.0
0.19621369201609218,1.0
0.8887996214087361,1.0
0.8975986224640344,1.0
0.9214143543001088,1.0
0.7322670993772284,1.0
0.34429253893810996,1.0
0.2207572577353285,1.0
0.44600846253844484,1.0
0.23201130962380034,1.0
0.44439762738278654,1.0
0.3176283732392218,1.0
0.6405552192884629,1.0
0.577263530689335,0.0
0.2333101383717593,1.0
0.1976244468817372,1.0
0.9116602928565416,1.0
0.47637645798476314,1.0
0.17242894884102,1.0
0.6233371821583087,1.0
0.16405855006833248,1.0
0.6980342315833106,1.0
0.18434760181821686,1.0
0.3306879505451019,1.0
0.12917629691135168,1.0
0.34892568938799107,1.0
0.7589355266797542,1.0
0.28980400695801434,1.0
0.7363390286401383,1.0
0.6449907743834093,1.0
0.32757264926034413,1.0
0.2489957838644723,1.0
0.3396928730884503,1.0
0.3153338248029396,1.0
0.6487327905003322,1.0
0.13613602785114454,1.0
0.7072537468776963,1.0
0.5542298691455296,1.0
0.21145563154269365,1.0
0.0,0.0
0.20219171253923696,1.0
0.23461027861323203,1.0
0.0,0.0
0.11960249930088418,1.0
0.8283853215681205,0.0
0.41715916157534183,1.0
0.0,0.0
0.2008476257607259,1.0
0.7605504043566085,1.0
0.2046224602271609,1.0
0.08411561362128994,1.0
0.09465112112222718,1.0
0.35634667689817023,1.0
0.3366199837632702,1.0
0.5704818537510845,1.0
0.39863306022192857,1.0
0.4150396740142921,1.0
0.1467301544103745,1.0
0.7686103863197618,1.0
0.14320977169387872,1.0
0.22922456997645746,1.0
0.2891742759908813,0.0
0.5974536001922988,1.0
0.8159121369212112,1.0
0.08801534608671702,1.0
0.5412300773368717,1.0
0.2796746973089226,1.0
0.33274900211674785,1.0
0.10207235472501086,1.0
0.831358019191264,1.0
0.85775470123632,1.0
0.40139307881416464,1.0
0.3077848451294374,0.0
0.2703004487885785,1.0
0.4496274583629547,1.0
0.26065698296203177,1.0
0.35887304156666877,1.0
0.8668198834553245,1.0
0.6283010040395189,1.0
0.5201158080584567,1.0
0.14219761882176485,1.0
0.2743662707533181,1.0
0.4381627842175382,1.0
0.2911115930013346,1.0
0.4594748669329518,1.0
0.3515889205592173,1.0
0.18670339530094804,1.0
0.9587636938192201,1.0
0.4077829403126567,1.0
0.6753479837709451,1.0
0.13852603420814624,1.0
0.5057663963891947,1.0
0.0,0.0
0.2504214503413418,1.0
0.47537570740332,1.0
0.24452969828093307,1.0
0.22421410154219634,1.0
0.2048876090023799,1.0
0.35849768932199444,1.0
0.21275730135974458,1.0
0.5527579532650555,1.0
0.5803624888241821,1.0
0.13297660896497687,1.0
0.28749390867033897,1.0
0.6820800740497845,1.0
0.5777367367563047,1.0
0.7030538734695324,1.0
0.0855891070954109,1.0
0.3338788542789861,1.0
0.5306332287533464,1.0
0.3728141175796309,1.0
0.09425446986275521,1.0
0.41876797697096624,1.0
0.46039958790452884,1.0
0.39437357138053697,1.0
0.49793138108076906,1.0
0.08630284867565363,1.0
0.16985163400002268,1.0
0.521026865888607,1.0
0.5555952139234042,1.0
0.4089473114643565,1.0
0.0,0.0
0.0,0.0
0.08477283693376547,1.0
0.3324113260495811,0.0
0.0,0.0
0.5011818112143782,1.0
0.6986993788775719,1.0
0.3366619855685071,1.0
0.6512943354071195,1.0
0.4256202454727509,1.0
0.2272431023521717,1.0
0.1128248208672673,1.0
0.4749831356789729,1.0
0.4718273851732131,1.0
0.6588148413659911,1.0
0.15911225678311514,1.0
0.31524060372394036,1.0
0.7058049236869781,1.0
0.10728952594132224,1.0
0.6893352911807358,1.0
0.7540492849918934,1.0
0.6890645653068606,1.0
0.08499952823747625,1.0
0.11940311627325073,1.0
0.28592807444848667,1.0
0.2219416444188531,1.0
0.6088901987729081,1.0
0.49239029297485626,1.0
0.6880323608893701,1.0
0.16022866488636822,1.0
0.2992841523272367,1.0
0.8558262305547317,1.0
0.33522971460637674,1.0
0.48250927175645275,1.0
0.12178426429687095,1.0
0.7340235183159187,1.0
0.29094363779996035,1.0
0.5886216027204818,1.0
0.6391065031380245,1.0
0.11924881420953826,1.0
0.2518473589093104,0.0
0.8603104769721743,0.0
0.10887181835637572,1.0
0.06919967576879227,1.0
0.1372717512227135,1.0
0.18657653056187407,1.0
0.6617474138900992,1.0
0.4954872753662327,1.0
0.6800545558493112,1.0
0.5720019027440006,1.0
0.49943048619252384,1.0
0.6199240097849579,1.0
0.31097772460679174,1.0
0.1319547974583286,1.0
0.30497519586122745,1.0
0.0,0.0
0.21895404318749723,1.0
0.69664396442717,1.0
0.5655029982127244,1.0
0.08766432899933818,1.0
0.5814164904439374,1.0
0.0,0.0
0.5416007898356145,1.0
0.3342183320241223,1.0
0.44186693008392375,1.0
0.19434224079086748,1.0
0.742877734148482,1.0
0.45583825648007537,1.0
0.19747764864170625,1.0
0.12757724418941097,1.0
0.4487320774320058,1.0
0.5080552646880467,1.0
0.6960263560217448,1.0
0.20383283509201222,1.0
0.14722022982526273,1.0
0.28175669476248233,1.0
0.4039254067266258,1.0
0.634430592597564,1.0
0.1831979301979354,1.0
0.341606507187048,1.0
0.3007510893341654,1.0
0.16975659323627834,1.0
0.06163293141045667,1.0
0.48249726323765874,1.0
0.7647098115373714,1.0
0.025254426215330472,0.0
0.6646342912191514,1.0
0.0,0.0
0.09082544052244312,1.0
0.0903023066676969,0.0
0.4439534612435123,1.0
0.2260932476630022,1.0
0.48761253510934877,1.0
0.4910196882176563,1.0
0.42822870803460455,1.0
0.6753561628487237,1.0
0.4482785407666121,1.0
0.28142777799143026,1.0
0.1817626130895431,1.0
0.0,0.0
0.18783011828568075,1.0
0.3810977226919512,1.0
0.1512946710334151,1.0
0.3911571020263356,1.0
0.6111876322948451,1.0
0.5175658835244041,1.0
0.5958078328917091,1.0
0.0,0.0
0.13332465193319765,1.0
0.18239830429950965,1.0
0.2325294275910732,1.0
0.35065579942666814,1.0
0.7019326275458129,1.0
0.0,0.0
0.0,0.0
0.6008086066778842,1.0
0.17952595843863461,1.0
0.4127125043026565,1.0
0.40811102877201577,1.0
0.1998720956697282,1.0
0.504344121188459,1.0
0.6118101365425708,1.0
0.29337352816527495,1.0
0.10047037490160537,1.0
0.45993298832357343,1.0
0.11806738163764274,1.0
0.23025372824768597,1.0
0.38031772117816187,1.0
0.6755466335226479,1.0
0.5130312541479043,1.0
0.32249741945644406,1.0
0.45091308914453165,1.0
0.3933768833278193,1.0
0.16091270328933494,1.0
0.33946369384853137,1.0
0.35660730897375936,1.0
0.2922568259513487,1.0
0.22599504570970552,1.0
0.5413250180629721,1.0
0.222673628863868,1.0
0.6324471662362074,1.0
0.5514751705552046,0.0
0.47012879599580426,1.0
0.28181432044696964,1.0
0.27171515414078806,1.0
0.36409953028914854,1.0
0.3138953905215578,1.0
0.19794102601014663,1.0
0.3755271654968495,1.0
0.19445154592227887,0.0
0.46107450487511015,1.0
0.17120281444787366,1.0
0.23908817464102938,1.0
0.27591294976708447,1.0
0.6011745513825106,1.0
0.6106283458359099,1.0
0.39563291927188926,1.0
0.29242799936373265,1.0
0.0,0.0
0.6216491399497137,1.0
0.12824534959680767,0.0
0.7346136994004704,1.0
0.18500687890352463,1.0
0.6160189323082084,1.0
0.22467296521213642,1.0
0.37458472285662614,1.0
0.313810611619342,1.0
0.0,0.0
0.2559785074563772,1.0
0.8164248268459176,0.0
0.26108217396097944,1.0
0.1389226614585839,1.0
0.22447749665751449,1.0
0.2033604833465228,1.0
0.3643455238562816,1.0
0.8095704535521007,0.0
0.31037659640284954,1.0
0.11617383209684418,1.0
0.12991364637521707,1.0
0.6756697898662565,1.0
0.23055406626458153,1.0
0.43425263683298754,1.0
0.2595633984472725,1.0
0.32831599698134806,1.0
0.33782529532080385,1.0
0.4197407330180938,1.0
0.20009747547992562,1.0
0.5316723847867229,1.0
0.41897758884770564,0.0
0.29239940460355296,1.0
0.789654179077933,1.0
0.6119693144410547,1.0
0.1951229275625188,1.0
0.9588357539353698,0.0
0.801821019447797,1.0
0.5567909528787771,1.0
0.41398257122757043,1.0
0.4200360181335876,1.0
0.6279729916087695,1.0
0.5051934387858217,1.0
0.17233902700352255,0.0
0.10179352180045997,1.0
0.2360744525804317,1.0
0.28024085135212307,1.0
0.28273132351430696,1.0
0.35279479032680516,1.0
0.40193992259093125,1.0
0.25353308624682125,1.0
0.47343475202375185,1.0
0.9078773603428192,1.0
0.6957158751881174,1.0
0.35374298513156166,1.0
0.4880722991180857,1.0
0.26611932343528943,1.0
0.5032511358991876,1.0
0.1068830099697684,1.0
0.33185625617734305,1.0
0.3122362041713935,1.0
0.3615363567695158,1.0
0.2575025359467742,1.0
0.20316353223401595,1.0
0.24219936137748688,1.0
0.7369368225894037,1.0
0.08077977034680162,1.0
0.5063645554758609,1.0
0.6604775820536495,1.0
0.6502425756309673,1.0
0.10719555457999297,1.0
0.4380057251163558,1.0
0.3799067635352116,1.0
0.1122901026533385,1.0
0.43628785168230033,1.0
0.27325886103614927,1.0
0.32953461954780083,1.0
0.3216857700335778,1.0
0.20249117922825244,1.0
0.31675444037916023,1.0
0.32570291468109147,1.0
0.20480873932379895,1.0
0.4662759881880789,1.0
0.624717096418665,1.0
0.650784922715633,1.0
0.4642711627742808,1.0
0.39589781395149215,1.0
0.10694032153605404,1.0
0.0,0.0
0.22583670912780818,1.0
0.40978312798127625,1.0
0.6035277648944017,1.0
0.21006991409860554,1.0
0.3818536221361559,1.0
0.5695243774537113,1.0
0.2611459729684822,1.0
0.8233804692471973,1.0
0.896729576442886,1.0
0.23803524842594737,1.0
0.2925549801464742,1.0
0.0,0.0
0.7033851711365133,1.0
0.3466568436235984,1.0
0.885878552213319,1.0
0.11196974810424187,1.0
0.9967293162449735,0.0
0.03558565384595669,0.0
0.07527709469545707,1.0
0.6702168359251419,1.0
0.7251473562249999,1.0
0.8971706344125585,1.0
0.27456978833678125,1.0
0.8119672974820751,1.0
0.10818020410262363,1.0
0.33755159732852347,1.0
0.0,0.0
0.2565153924856767,1.0
0.121527690748501,1.0
0.35551071432629033,1.0
0.3035013822666457,1.0
0.0,0.0
0.1421906071832928,1.0
0.18895285977217924,1.0
0.2056041266272457,1.0
0.3010384974855653,1.0
0.8681322673040537,0.0
0.9432285099450639,1.0
0.09470709618558759,1.0
0.218801087630474,1.0
0.5629819005261862,1.0
0.3683121885082232,1.0
0.0,0.0
0.0,0.0
0.2756267840832236,1.0
0.6312429240810888,1.0
0.8246349773173294,1.0
0.16896089781688772,1.0
0.15867834150122828,1.0
0.5923538591648496,1.0
0.28695936652266285,1.0
0.19019465705925676,1.0
0.8429267875072117,1.0
0.5761202984922025,1.0
0.6671389087042066,1.0
0.37597471791037496,1.0
0.1601866940928005,1.0
0.5845086240107067,1.0
0.06947810854276648,1.0
0.5523889944262135,1.0
0.2062077657760537,1.0
0.7855258515924284,1.0
0.7121973731593227,1.0
0.1009640346652807,1.0
0.2531129511504049,1.0
0.34102637088233667,1.0
0.43640541592160575,1.0
0.7151499171986919,1.0
0.5497249059323774,1.0
0.7327046350214541,1.0
0.37751601589926675,1.0
0.6269542232472536,1.0
0.1396285610879091,1.0
0.0,0.0
0.2288358627063003,1.0
0.8892922948012414,1.0
0.4502231265122836,1.0
0.3460955474083942,1.0
0.15222915467867626,1.0
0.7587273433405715,1.0
0.5707954307497958,1.0
0.1459947276700273,1.0
0.5752200117151887,1.0
0.6347709396698269,1.0
0.3997409051028491,1.0
0.256657816079533,1.0
0.4451637236640509,0.0
0.3739296953704381,1.0
0.29618024733089054,1.0
0.15406068488166058,1.0
0.6954580291609149,1.0
0.416200163705402,1.0
0.5261237218304009,1.0
0.6188470315191132,1.0
0.4259967701586138,1.0
0.6676241272914756,0.0
0.22977773913345834,1.0
0.6273612364058985,1.0
0.42713909801544414,1.0
0.3746981415359616,1.0
0.4939210539986987,1.0
0.11462741818283462,1.0
0.6483805129386382,1.0
0.7387689700246516,0.0
0.4151078116544178,1.0
0.14407488923674494,1.0
0.07561240787347057,0.0
0.11627500016628733,1.0
0.4590583231879575,1.0
0.8097914006942899,1.0
0.2982369302586192,1.0
0.6226576994696527,1.0
0.7136572455078269,0.0
0.7991465680544123,1.0
0.07467186894961397,1.0
0.5152432855331024,1.0
0.48591877875052525,1.0
0.6448168779463543,1.0
0.1667088103586294,1.0
0.48814555068257626,1.0
0.1543360775116316,1.0
0.6231078838735935,1.0
0.5127006167293748,1.0
0.2167766358312866,1.0
0.5566917785595802,1.0
0.3635228342790162,1.0
0.29787191290295345,1.0
0.17118468462563996,1.0
0.15485872018154545,1.0
0.13043106808048766,0.0
0.24589207294115578,1.0
0.2186731414844676,1.0
0.19740077771525355,1.0
0.3110702254147535,1.0
0.20915216575081974,1.0
0.14562141219178626,1.0
0.35910713865716914,1.0
0.2435584508014781,1.0
0.5935607593201713,1.0
0.4813540370427849,1.0
0.3409278868228838,1.0
0.8872569429003567,1.0
0.30214346728459596,1.0
0.9683289792265537,0.0
0.5708696126643762,1.0
0.6987273093877953,1.0
0.25740354269571286,1.0
0.13797177464082555,1.0
0.4070786933052122,1.0
0.3882542356806322,1.0
0.4643970681523486,1.0
0.5559044212778224,1.0
0.3218441346260157,1.0
0.5848538359136004,1.0
0.313252806717915,1.0
0.4059364704879078,0.0
0.19442716974954966,1.0
0.5279022801000992,1.0
0.2523882674526541,1.0
0.4413559888172358,1.0
0.10120654292089482,1.0
0.446437472974643,1.0
0.5553600804429104,1.0
0.1966793712507222,1.0
0.5177399880397595,1.0
0.5483097854239452,1.0
0.6221808680384622,0.0
0.2840540242452696,1.0
0.10421518206879732,1.0
0.3683129127807665,1.0
0.5648357031102447,1.0
0.3974021550335367,1.0
0.10928078424983223,1.0
0.6326445385071957,1.0
0.6732725727958702,1.0
0.27552050509054515,1.0
0.4050922458070052,1.0
0.7034803629571003,1.0
0.5660386337718499,1.0
0.34630535035703414,1.0
0.32161292062041635,1.0
0.4260472611583266,1.0
0.6377346969287196,1.0
0.18504844654538655,1.0
0.31470902869278783,0.0
0.37344302023507137,1.0
0.8461359361066205,1.0
0.5388084220704168,1.0
0.6074207598245014,1.0
0.5470784110590032,1.0
0.9768191640746218,0.0
0.13729430971145007,1.0
0.15308830397569784,1.0
0.45643622849634724,1.0
0.0,0.0
0.39603918715008524,1.0
0.10012958966446117,1.0
0.08166059379978607,1.0
0.38053476485147897,1.0
0.2608952996403593,1.0
0.07117944175275204,1.0
0.499285620679776,1.0
0.29079503588120703,1.0
0.12951123494819994,1.0
0.6843162115060735,1.0
0.1486812345998989,1.0
0.5622553671323964,1.0
0.8516403184001735,1.0
0.7972396594866251,1.0
0.30512963797764137,1.0
0.4471611332872949,1.0
0.39772564176126934,0.0
0.7562267703774661,0.0
0.4061619413323614,1.0
0.22957879627145816,1.0
0.3697218109477376,1.0
0.2856860783856101,1.0
0.1794512053091064,1.0
0.10090856579239915,1.0
0.32285534014163986,1.0
0.4621722369505923,1.0
0.5579787968632806,1.0
0.0,0.0
0.7487688109547932,1.0
0.0,0.0
0.0,0.0
0.6217646033984945,1.0
0.2637705635993117,1.0
0.3257708372402828,1.0
0.6954376805037357,1.0
0.34669927258957633,1.0
0.30532114104005226,1.0
0.48675038268225324,1.0
0.4130084136530492,1.0
0.13106579092605974,1.0
0.2825124701600088,1.0
0.0,0.0
0.5956510829068469,1.0
0.6257204519803596,1.0
0.43586041183711366,1.0
0.0,0.0
0.4238899523651849,1.0
0.5252128750796796,1.0
0.5260271244809149,1.0
0.4164185898989605,1.0
0.3757293385743763,1.0
0.7103192884379199,1.0
0.3953259317527924,1.0
0.7138846370750467,1.0
0.15018186828685476,1.0
0.22135408832208148,1.0
0.7509783854154533,1.0
0.19108611051229962,1.0
0.32883098577111447,1.0
0.5733276826336473,1.0
0.34720223285302065,1.0
0.37977017913863964,1.0
0.4768573189322569,1.0
0.3054435951193999,1.0
0.31642090086857566,1.0
0.9711920866109991,0.0
0.14091028239835612,1.0
0.3044784789471491,1.0
0.12827104626643893,1.0
0.6511467708787348,1.0
0.5431071116630117,1.0
0.8646888075335859,1.0
0.112182162035392,1.0
0.9128397406815787,0.0
0.3054638957585101,1.0
0.10617823476356314,1.0
0.1497378952202335,0.0
0.3940958388700708,1.0
0.9239225811433616,1.0
0.17162178210498436,1.0
0.5961109579573685,1.0
0.6257715522093248,1.0
0.1489942854006019,0.0
0.4911107854974719,1.0
0.5466279335447646,1.0
0.399459682278982,1.0
0.49950020342704926,1.0
0.635349722465214,1.0
0.18520884790425773,1.0
0.800579152134369,1.0
0.22978964761460796,1.0
0.10779092161601334,1.0
0.4449100712148879,1.0
0.8283930534776305,1.0
0.1293081145141839,1.0
0.6322172427162167,1.0
0.4231150957874297,1.0
0.7711707877962768,1.0
0.6238240413629406,1.0
0.18059038398090177,1.0
0.36100832607209243,1.0
0.8265521807590672,1.0
0.0,0.0
0.4680552937389786,1.0
0.31345594415833045,1.0
0.4358887655065713,1.0
0.8666255093125286,1.0
0.37061608246121436,1.0
0.41775296602336187,1.0
0.24059232265042096,1.0
0.3303725168477172,1.0
0.159751385286532,1.0
0.3517076142235247,1.0
0.4857786600239882,1.0
0.14902811713144848,1.0
0.0,0.0
0.9653942198795464,1.0
0.0,0.0
0.7602146920283954,1.0
0.6070142378506889,1.0
0.27346431234727175,1.0
0.38734427926494286,1.0
0.9029722535560407,0.0
0.20772164644783642,1.0
0.22906707671189963,1.0
0.3034037065113564,1.0
0.6807794286182096,1.0
0.3287326017493055,1.0
0.2018426531885522,1.0
0.6572999052970632,1.0
0.5999350889740458,1.0
0.16256949974018253,1.0
0.7515380870306112,1.0
0.1705713398246047,1.0
0.08821422292387204,1.0
0.3483349871073136,1.0
0.1269135454402357,1.0
0.43950184910631673,1.0
0.21074078854798994,1.0
0.41588263521975044,1.0
0.2028444931799389,1.0
0.140373035232785,1.0
0.531748871568622,1.0
0.25728176987272144,1.0
0.40859128849326876,1.0
0.6912624393646705,1.0
0.33813465573281754,1.0
0.37803226116184296,1.0
0.46783611826346627,1.0
0.39814369707506536,1.0
0.33503421504008557,1.0
0.4138238274924615,1.0
0.3424216479236919,1.0
0.39966013570940717,1.0
0.26412913652994696,1.0
0.46736437174572343,1.0
0.6302725919460763,1.0
0.5580106308423751,1.0
0.11446506508952803,1.0
0.5406093907731386,1.0
0.46931014593860665,1.0
0.1213412876051847,1.0
0.4141277558604024,1.0
0.397432246356872,0.0
0.2418831243778201,1.0
0.21435532469432728,1.0
0.9247197311100965,1.0
0.08402634402923193,0.0
0.21500210707789114,1.0
0.6334251152374386,1.0
0.9994514195697324,0.0
0.8339779590720209,1.0
0.4325506543786921,1.0
0.32304812968815355,1.0
0.34124656173993584,1.0
0.19120347267556426,1.0
0.11650983053271968,1.0
0.15186267777378326,1.0
0.15745750410133574,1.0
0.2507736038563575,1.0
0.9623692695937787,1.0
0.4018608358306621,1.0
0.3022092210276637,1.0
0.2631969907644276,1.0
0.4027855848127797,1.0
0.426790277754729,1.0
0.8119019518925947,0.0
0.43515041266513554,1.0
0.19022891995234925,1.0
0.5053533929764238,1.0
0.14564176385009509,1.0
0.4762722177592704,1.0
0.3562003358301724,1.0
0.8638107191097899,1.0
0.44952181260856294,1.0
0.22228870401703293,1.0
0.2780520116939482,1.0
0.249501712244816,1.0
0.09901333161767445,1.0
0.2758621546529336,1.0
0.12252082846523038,1.0
0.7046804635537551,1.0
0.09796212905119983,0.0
0.6080150954724113,1.0
0.49374560197627826,1.0
0.9661533825517004,1.0
0.11920705849690538,1.0
0.5644458834214854,1.0
0.3945514853293779,1.0
0.07058739796726776,1.0
0.6028038244763465,1.0
0.0,0.0
0.4047415808521331,1.0
0.5404059102036034,1.0
0.17706562861898378,1.0
0.3445323441765811,1.0
0.8353028296194829,0.0
0.21602450380475702,1.0
0.36556171250685443,1.0
0.8534380228745695,1.0
0.0,0.0
0.571507681769142,1.0
0.5065832407669171,1.0
0.4018762906462938,1.0
0.43777143295244825,1.0
0.05355426541652175,0.0
0.12491348782055312,1.0
0.14494617410036792,1.0
0.28083742384175414,1.0
0.24379420251461204,1.0
0.40060811243210015,1.0
0.59376490213891,1.0
0.1349786673375406,1.0
0.2846649681428475,1.0
0.19952490902374054,1.0
0.39059015968649957,1.0
0.2856599225431933,1.0
0.4084301998757831,1.0
0.6785556998312909,1.0
0.15159414072356014,1.0
0.1484013662857322,1.0
0.27247957979339654,1.0
0.6481368502486116,1.0
0.22449392583979932,1.0
0.48351810237840676,1.0
0.6149181510853352,1.0
0.0,0.0
0.0,0.0
0.569192440546185,0.0
0.35719726097210636,1.0
0.5045624943620659,0.0
0.11087114270012721,1.0
0.28155304412895266,1.0
0.2749579273931202,1.0
0.09036217219503495,1.0
0.5051114169210758,1.0
0.34068018161166025,1.0
0.1771804048091492,1.0
0.5148216468708955,1.0
0.18128215429337846,1.0
0.4641447081895471,1.0
0.4928613242234441,1.0
0.6164387222747534,1.0
0.3803385980341014,1.0
0.891543188810406,0.0
0.1263545580938561,1.0
0.9221964065856016,1.0
0.08049545736010888,1.0
0.21069239433729647,1.0
0.439700415826775,1.0
0.6373156082260598,1.0
0.49757724882115406,1.0
0.2501586964673219,1.0
0.3778422436584461,1.0
0.46427402185014843,1.0
0.16597059556914173,1.0
0.2901291583121437,1.0
0.6753570711905317,1.0
0.39416055622314605,1.0
0.34218440264853234,1.0
0.401541555685863,1.0
0.8991993228059725,1.0
0.42505221572372465,0.0
0.8253205202864633,1.0
0.3164563582111386,1.0
0.3894033200799427,1.0
0.5579424942026261,1.0
0.3131497519385049,1.0
0.6224236553991029,1.0
0.1725317915406248,1.0
0.40557905299206176,1.0
0.825100925653222,1.0
0.33530537507733627,1.0
0.058239940631419795,1.0
0.7903064595304143,1.0
0.05281313052820469,1.0
0.2450887256423706,1.0
0.5149702377855085,1.0
0.43391225274679623,1.0
0.3608981816248473,1.0
0.4522646917512416,1.0
0.4621595291686664,1.0
0.5287704728001441,1.0
0.9333839744562034,1.0
0.1946505508076184,1.0
0.09561684252222413,1.0
0.4659011261278607,1.0
0.2261781196002275,1.0
0.49262743521124275,1.0
0.35271498829738146,1.0
0.2413729524006154,1.0
0.2472501559864475,1.0
0.0,0.0
0.5859587366866563,1.0
0.17977256823765542,1.0
0.5144658779954234,1.0
0.2651587039551395,1.0
0.645679129410718,1.0
0.24742022198211178,1.0
0.0,0.0
0.0,0.0
0.5719975070899204,0.0
0.25048003338608327,1.0
0.22612577490297037,1.0
0.11480256909194697,1.0
0.48778215793824975,1.0
0.30613768530484275,1.0
0.22338678822502223,1.0
0.0,0.0
0.31806789463068164,1.0
0.4082149868913518,1.0
0.2242788238971536,1.0
0.500646716858907,1.0
0.30536159326218293,1.0
0.43066058914903627,1.0
0.2521210288910507,1.0
0.6620410183731726,1.0
0.8587424119108595,1.0
0.3310415726127327,1.0
0.0,0.0
0.022880433884389983,0.0
0.2672202577157581,1.0
0.2607126269007902,1.0
0.2285656820375852,1.0
0.3963940846976777,1.0
0.12912913716518615,1.0
0.4300862380212811,0.0
0.6563886864063058,1.0
0.06814486484449622,1.0
0.7627393590580742,1.0
0.0954523266150531,1.0
0.06773485955991765,1.0
0.32128533334965415,1.0
0.09242258452613461,1.0
0.4176123771198976,1.0
0.535628296392304,1.0
0.1336822655028267,1.0
0.2619488470892106,1.0
0.3777520027008645,1.0
0.6315796287827316,0.0
0.15696642530887717,1.0
0.5565427974981554,1.0
0.4812350652738271,1.0
0.5247757525909242,1.0
0.28699304219478483,1.0
0.0559217583017273,1.0
0.6399988349215824,1.0
0.5660955231792766,1.0
0.4050100228665947,1.0
0.5140570081381055,0.0
0.4397164818724124,1.0
0.299786768461185,1.0
0.29983422832028284,1.0
0.7972155124001001,1.0
0.43676606863486134,1.0
0.3989676071115884,1.0
0.18191924002810334,1.0
0.0,0.0
0.5712762796927717,1.0
0.0,0.0
0.4143553915194733,1.0
0.8325554017651289,1.0
0.4218069255242676,0.0
0.5786381869711192,1.0
0.15691820116217903,1.0
0.11946132917870855,1.0
0.7697469440052824,1.0
0.5752623586502978,1.0
0.0,0.0
0.077419502881515,1.0
0.0,0.0
0.2322361692382482,1.0
0.33931422960528623,1.0
0.2719981496317083,1.0
0.0,0.0
0.14919255300850454,1.0
0.18535940956045804,1.0
0.516417669452597,0.0
0.06948670577789784,1.0
0.5801942175038524,1.0
0.16879504240566234,1.0
0.5062522522162567,1.0
0.17245738254059262,1.0
0.5019857607397804,1.0
0.31635480899827106,1.0
0.5304832123023062,1.0
0.12429948877332597,1.0
0.3707777222861184,1.0
0.10801819613918884,1.0
0.0,0.0
0.38645270676710375,1.0
0.0,0.0
0.5389062068667378,1.0
0.30727297651378915,1.0
0.20704200770045578,1.0
0.12190668336304311,1.0
0.3153599816457331,1.0
0.546129398946694,1.0
0.16299093132446618,1.0
0.9010695545723162,0.0
0.6634017033975868,1.0
0.8114667171141834,1.0
0.12070143482922502,1.0
0.7283398765672122,1.0
0.171852965098914,1.0
0.24963812057513435,1.0
0.13592571371014328,1.0
0.47653123822841437,1.0
0.667409219421859,1.0
0.08256338651978412,1.0
0.3176425085583281,1.0
0.3310294570536598,1.0
0.10399190504987832,1.0
0.6063175877019344,1.0
0.23670224081651714,1.0
0.6690274913759771,1.0
0.48842019202984055,0.0
0.35665476383097516,1.0
0.3826900458815752,1.0
0.5224354489369993,1.0
0.144274654408179,1.0
0.0,0.0
0.7275348956536991,1.0
0.3048904109567525,1.0
0.2405314247345962,1.0
0.2047726567459609,1.0
0.0,0.0
0.2673411191958124,1.0
0.3911257382241682,1.0
0.10471562638549337,1.0
0.32541634184401946,1.0
0.7043710291138847,1.0
0.0,0.0
0.26901561130551865,1.0
0.16462210413316303,1.0
0.31401135816006454,1.0
0.5496321590318112,1.0
0.6526879268141719,1.0
0.35235973961765854,1.0
0.2765359962188412,0.0
0.40170250625140014,1.0
0.3274395321685155,1.0
0.19008046508893273,1.0
0.6386031437243802,1.0
0.4424566059783732,1.0
0.39860173643481867,1.0
0.31953255278007875,1.0
0.9534285532111446,1.0
0.3419990228903145,1.0
0.15363315800372357,1.0
0.11901055055116183,1.0
0.5354289933947856,1.0
0.658612910379563,1.0
0.0,0.0
0.37290892725641767,1.0
0.15293281146402116,1.0
0.432146340235684,1.0
0.13730329309188738,1.0
0.13374765610924655,1.0
0.2998926883187214,1.0
0.605325526390255,1.0
0.3680980689352422,1.0
0.2967118373676896,1.0
0.4003073372507,1.0
0.5272139370773079,1.0
0.11182629212189887,1.0
0.0,0.0
0.26347590371909346,1.0
0.12391729395379736,1.0
0.0,0.0
0.1553065116850405,1.0
0.20825703291322828,1.0
0.30814134127858184,1.0
0.1581339926633052,1.0
0.46343749506595566,1.0
0.35928404222580523,0.0
0.32194979738680685,0.0
0.23166470019501872,1.0
0.4571244634784821,1.0
0.13489141850589226,1.0
0.4517963985329714,1.0
0.11993219236405439,1.0
0.19231905246712433,1.0
0.17049797521757615,1.0
0.0,0.0
0.47116586024204343,1.0
0.5015672692618556,1.0
0.7953910888713516,0.0
0.213614160795093,1.0
0.16835349425153368,1.0
0.10200584969923598,1.0
0.1304712461994737,1.0
0.10251203917783025,1.0
0.2718215551793923,1.0
0.8960882110977475,1.0
0.06214688080910191,1.0
0.21908962020499345,1.0
0.4981244447304274,1.0
0.29691711061180603,1.0
0.15150711997774025,1.0
0.1005013725659949,1.0
0.652562565640888,1.0
0.50928858078366,0.0
0.12619999793302217,1.0
0.25467064530915895,1.0
0.22608853388921402,1.0
0.24990172176799952,1.0
0.13419995931048856,1.0
0.07374192801376944,1.0
0.09971943032191088,1.0
0.16478445122421137,1.0
0.12460349517062896,1.0
0.1733497733463607,1.0
0.12171318354925642,1.0
0.5144637822067804,1.0
0.11645128150077744,1.0
0.2552428266204143,1.0
0.7450244399517296,1.0
0.5315944124458087,1.0
0.4351960128244299,1.0
0.0,0.0
0.9133653924838256,1.0
0.10625966640620899,1.0
0.1194572996624057,1.0
0.20252596431784653,0.0
0.14533979922110696,1.0
0.7078539257243959,0.0
0.4975944432914159,1.0
0.29163349439230624,1.0
0.428891454425409,1.0
0.6077129287673824,1.0
0.11826439677424183,1.0
0.27171924668080694,1.0
0.3914919490289277,1.0
0.29411253925440883,1.0
0.46886077484071187,1.0
0.8063750801362799,1.0
0.34405912010283535,1.0
0.5826794296867117,1.0
0.3262633135586288,0.0
0.4659481568254651,1.0
0.12857548682711784,1.0
0.5478203842627778,1.0
0.504043236966027,1.0
0.34582230058588825,0.0
0.5633487485707387,1.0
0.09393573192198668,1.0
0.18587437834269593,1.0
0.24949762270592668,1.0
0.6701997514962881,1.0
0.18572969789958993,1.0
0.562684906767732,1.0
0.08047685335944266,1.0
0.19839278500660518,1.0
0.7711960713104382,0.0
0.24267240138196744,1.0
0.1721316079519406,1.0
0.1540926469089392,1.0
0.09396581124080416,1.0
0.0,0.0
0.4749990706752958,1.0
0.38756446111915466,1.0
0.12403445103989164,1.0
0.6329186356496761,1.0
0.31023739502150915,1.0
0.5439958560966534,1.0
0.7408372623209738,0.0
0.0,0.0
0.7765097278340742,1.0
0.30878476639881125,1.0
0.17097242475246155,1.0
0.7020699172077753,1.0
0.6826492592336,1.0
0.25832849075274167,1.0
0.2352055176010679,1.0
0.21438221881455766,1.0
0.0,0.0
0.5531456771651717,1.0
0.4148982307893476,1.0
0.3611004717464179,1.0
0.6543406617366707,1.0
0.4378886030434366,1.0
0.9859304166298473,1.0
0.8843756196613026,1.0
0.09560368657165341,1.0
0.5822256139162909,1.0
0.7967467319985042,1.0
0.15262731550619746,1.0
0.0,0.0
0.49678919127588816,1.0
0.1619101606315354,1.0
0.8337060537543217,1.0
0.0,0.0
0.42351818747042724,1.0
0.593504712229707,1.0
0.24225050862414488,1.0
0.14683419456057933,1.0
0.6987141194244253,1.0
0.5482497118183076,1.0
0.22873411241776864,1.0
0.7294873473593237,1.0
0.1306932217286434,1.0
0.0,0.0
0.35887076270913676,1.0
0.795487814269022,1.0
0.12861574397584263,1.0
0.45286569790925757,1.0
0.3977618934027256,1.0
0.18259990116020663,1.0
0.1942662471945531,1.0
0.27102362992091544,1.0
0.33527870204029897,1.0
0.21635423188110225,1.0
0.20751864305786416,1.0
0.0,0.0
0.2293966267212384,1.0
0.07488459199708375,1.0
0.7057647905849325,1.0
0.07914577147466018,1.0
0.0,0.0
0.4687741852571383,1.0
0.7535283209536461,1.0
0.3125826205275217,1.0
0.6966876928821439,1.0
0.0,0.0
0.11581204495670505,1.0
0.3537309245931932,1.0
0.848453019022605,1.0
0.9191381197553254,1.0
0.24197627943197375,1.0
0.4552045500169668,1.0
0.46166840335851544,1.0
0.6570202450611964,1.0
0.8107085968342798,1.0
0.09956676387367924,1.0
0.4941311690647878,1.0
0.5354929364564955,1.0
0.1177108264662885,1.0
0.4616569490482698,1.0
0.7514426631226905,1.0
0.10418566096003357,1.0
0.440125979966135,1.0
0.10409325818896287,1.0
0.5282097347949937,1.0
0.17988382810463177,1.0
0.30759580099231787,1.0
0.10096685172533748,1.0
0.34074189983616643,1.0
0.9761425954825373,0.0
0.6850041103617248,1.0
0.6464497123803188,1.0
0.2759654565253249,1.0
0.38105318193130744,1.0
0.36942842354635186,1.0
0.8923233783949667,1.0
0.5248018334051086,1.0
0.7158168441626418,0.0
0.19624557001175003,1.0
0.7964019252480687,0.0
0.3015922538635363,1.0
0.1250005415787956,1.0
0.21358186364170662,1.0
0.5777441635509999,1.0
0.3202499137222836,1.0
0.08562959032921125,1.0
0.16674354242827238,1.0
0.3947367760540925,0.0
0.2898312241998351,1.0
0.44554403377436547,1.0
0.4296944916074974,1.0
0.4294001578499991,1.0
0.650340945647506,1.0
0.7853334922077839,1.0
0.28848525971474537,1.0
0.6227665734388181,1.0
0.3244201959953328,1.0
0.6661540220923592,1.0
0.21269926352016322,1.0
0.13986335644116554,1.0
0.47524830646247374,1.0
0.21646952726664104,1.0
0.5900481425259843,0.0
0.3013373309362941,1.0
0.1552986887412744,1.0
0.3728939486199718,1.0
0.13980819968573366,1.0
0.09120196620868226,1.0
0.13594177175276867,1.0
0.2175379082973543,1.0
0.0,0.0
0.3025513697778961,1.0
0.529779641549335,1.0
0.7178472331960042,0.0
0.023319963278861877,0.0
0.27282167252254874,1.0
0.6614781765763675,1.0
0.3877682518053862,1.0
0.24751874005436347,1.0
0.08380824195764047,1.0
0.48238456282860787,1.0
0.5662804957842833,1.0
0.6834486090281287,1.0
0.22879103083611252,1.0
0.0,0.0
0.6855945295358694,1.0
0.7184106902243204,1.0
0.07560900359244282,1.0
0.0,0.0
0.6707434991079704,1.0
0.8271730854048647,1.0
0.7521841651491616,1.0
0.4460259201077106,1.0
0.8138881282887871,1.0
0.11131490368694275,1.0
0.0,0.0
0.21850115876754295,1.0
0.07524756558368173,1.0
0.7361879757991052,1.0
0.0,0.0
0.34951773117272245,1.0
0.8982486960860885,1.0
0.3940372148098956,1.0
0.959101066772325,0.0
0.17365586152703694,1.0
0.2631158942478895,1.0
0.29696591897834557,0.0
0.5171174867931629,1.0
0.6335667205233659,1.0
0.0,0.0
0.3966898629987563,1.0
0.1960626061626365,1.0
0.9647471703954724,1.0
0.0,0.0
0.12493821812654282,1.0
0.7452093055164566,1.0
0.6827316112225712,1.0
0.20019159689772126,1.0
0.22563405586958973,1.0
0.3145191722499985,1.0
0.8063659607046474,1.0
0.45981370043566017,1.0
0.8733992532656045,1.0
0.6014810227073637,1.0
0.13131445549828946,1.0
0.3755608701798878,1.0
0.3756326111759529,1.0
0.6871183149347915,1.0
0.3698930633898607,1.0
0.34535797986246397,1.0
0.13122532795968578,1.0
0.2487537697948201,1.0
0.2902541483457681,1.0
0.5022336910357033,1.0
0.2900292337106163,1.0
0.5865815350450561,1.0
0.37695039705746236,1.0
0.3016484650157367,1.0
0.629924742050509,0.0
0.11469777065640008,1.0
0.7428452609288416,1.0
0.5149721855184382,1.0
0.4491169152460901,1.0
0.3594986559847486,1.0
0.16879144005009916,1.0
0.2348189501361171,1.0
0.7592583421548942,1.0
0.39543585111533863,0.0
0.8855749659741212,1.0
0.0,0.0
0.5696296600714552,1.0
0.5605134306434376,1.0
0.3756525216682509,1.0
0.7022248885233267,1.0
0.2976999101785003,1.0
0.451901775186101,1.0
0.20334368402495473,1.0
0.18579908200876094,1.0
0.3969239790964103,0.0
0.0,0.0
0.5796762635983157,1.0
0.417507226551844,1.0
0.14245720750472657,1.0
0.2160854667450507,1.0
0.33902775680585817,1.0
0.3339713490846892,1.0
0.37104416554845177,1.0
0.27640687763164573,1.0
0.5782978328962209,1.0
0.11730010591255491,1.0
0.098700330835793,1.0
0.3755423772210058,1.0
0.6935098180510226,1.0
0.9536641478651773,1.0
0.1209637755477746,1.0
0.3961185540157577,1.0
0.4280139652271009,1.0
0.38838940454454063,1.0
0.1311374638965268,1.0
0.0,0.0
0.08225782453711528,1.0
0.20448529061037135,1.0
0.3371321304835688,1.0
0.2601880685099922,1.0
0.8662566925271413,1.0
0.0,0.0
0.29639644268498566,1.0
0.3460068860452119,0.0
0.21794986331561583,1.0
0.10532047598979455,1.0
0.2258041488754179,1.0
0.0,0.0
0.8357061063721218,1.0
0.41150070130239946,1.0
0.1699045929284142,1.0
0.0,0.0
0.2874714292113407,1.0
0.2616331482920691,1.0
0.22548486873061835,1.0
0.3278384202697091,1.0
0.46964203882956923,1.0
0.13124633286381027,1.0
0.8170616554838968,1.0
0.476758746839677,1.0
0.5659045793272961,1.0
0.402322604593786,1.0
0.6538346953420224,1.0
0.35657801294969493,1.0
0.8888242326699296,1.0
0.2874918889103051,1.0
0.3858571366546659,1.0
0.29584775221331006,1.0
0.2038637777356982,1.0
0.7173553400971229,1.0
0.6186482327113212,1.0
0.5893464564822275,1.0
0.12058182081859226,1.0
0.07964003646608209,1.0
0.4643690816210446,0.0
0.19592733425995457,1.0
0.23987727157741734,1.0
0.450254189201142,1.0
0.15540243878231141,1.0
0.40586510663376085,1.0
0.0,0.0
0.19951696103291994,1.0
0.1029726615095532,1.0
0.3724079357338086,1.0
0.47402167988411836,1.0
0.7644045956849514,1.0
0.22877075120490753,1.0
0.25837924885296415,0.0
0.5609163242518997,1.0
0.24353708876296443,1.0
0.13829365076248834,1.0
0.48170101861160264,1.0
0.13989685804778684,1.0
0.1724188440385932,1.0
0.2855687542366505,1.0
0.5433430334401406,1.0
0.20452798067459987,1.0
0.10825535138046893,1.0
0.4350364257719814,1.0
0.0,0.0
0.4436979280866411,1.0
0.6019639224220432,1.0
0.5402474935915911,1.0
0.5217052051469917,1.0
0.4021538751010465,1.0
0.6127901573234107,1.0
0.32384606995227694,1.0
0.1997377251062198,1.0
0.17781876002157748,1.0
0.5047207779240117,1.0
0.08392047519089374,1.0
0.1334466418378768,1.0
0.5683973833669635,1.0
0.0696546659811541,1.0
0.601367258898156,1.0
0.1417216847282412,1.0
0.16651859277994419,1.0
0.43061278215931376,1.0
0.4609432474830846,1.0
0.24524337883821312,1.0
0.3525219836699329,1.0
0.2899251015257791,1.0
0.7792236690874539,1.0
0.3430258862979878,1.0
0.9028269458769063,0.0
0.12357269528166182,1.0
0.6437962678918114,1.0
0.5015437924275465,1.0
0.3950430122904822,1.0
0.4371229919447459,1.0
0.3782935494843773,1.0
0.4921604164725579,1.0
0.3101012277819133,1.0
0.23667553076555148,1.0
0.14735310282524017,1.0
0.23899113112365056,1.0
0.0,0.0
0.17300494858914917,1.0
0.5953522534576239,1.0
0.23415788437773344,1.0
0.40298782591590454,1.0
0.43924627893551715,1.0
0.3655890978119176,0.0
0.1742541596660283,1.0
0.923646736343239,1.0
0.6111389759855244,1.0
0.5671144816123164,1.0
0.10129483514517057,1.0
0.34824727710212633,1.0
0.16940026014849385,1.0
0.18300518366760876,1.0
0.4516442372748424,1.0
0.4802185887747372,1.0
0.6138388919612061,1.0
0.05977384283728604,1.0
0.3393082733639585,1.0
0.0,0.0
0.3256805102503266,1.0
0.7320525266337197,1.0
0.2158060636059287,1.0
0.2503384451065549,1.0
0.06547218311703462,1.0
0.6644119865661327,1.0
0.13867163899908386,1.0
0.5864425147318513,1.0
0.3843874065967148,1.0
0.6480104656902288,1.0
0.4691056739960189,1.0
0.4696937963058563,1.0
0.33574584682641495,1.0
0.7648071941823638,1.0
0.28697263951727736,1.0
0.46173068579533405,1.0
0.302272846970042,1.0
0.19428982906838854,1.0
0.945018753611965,0.0
0.42407786607692666,1.0
0.6499607545819885,1.0
0.2521448228446914,1.0
0.7931126174848466,0.0
0.187146011857116,1.0
0.15366891545921835,1.0
0.3170041783553108,1.0
0.3126801192161808,1.0
0.36233293151979806,1.0
0.5889009788494399,0.0
0.6360310158352278,1.0
0.1973194951286974,1.0
0.4939167953961907,1.0
0.596770994328395,0.0
0.7426656353359107,1.0
0.5622890237973661,1.0
0.5020896388290019,1.0
0.14402726931741672,1.0
0.13012240993273538,1.0
0.19271722629953913,1.0
0.37734236255368625,1.0
0.5829392724652895,1.0
0.23649152152305764,1.0
0.18770030743798838,1.0
0.16735082694882975,1.0
0.3965981064708668,1.0
0.2604779085765192,1.0
0.40093494942053187,1.0
0.2749514249462557,1.0
0.34949061997080433,1.0
0.5589918460726855,1.0
0.5307588490241288,1.0
0.6075380309535094,1.0
0.0,0.0
0.36570836269117235,1.0
0.22436088077507454,1.0
0.42794752822692406,0.0
0.7909828380509758,1.0
0.564062455137806,0.0
0.21611686956189935,1.0
0.0,0.0
0.2146783812601898,1.0
0.1347707440962327,1.0
0.16434755081902575,1.0
0.5571259049208961,1.0
0.5221516711517027,1.0
0.6148442392723941,1.0
0.2278143293043029,1.0
0.14169528379359653,1.0
0.13229846177886895,1.0
0.5772921264498909,1.0
0.2855972039422463,1.0
0.1123742923338309,1.0
0.36773926191651984,1.0
0.15315169883111857,1.0
0.4188065935023282,1.0
0.43472806773716144,1.0
0.23486410012601322,1.0
0.1397215300720447,1.0
0.630362926939044,0.0
0.6860741180045307,1.0
0.3785516736162302,1.0
0.16154198908895223,1.0
0.6083879857906651,1.0
0.3880529449351262,1.0
0.16371833604613562,1.0
0.5505249840009543,1.0
0.3217463788406114,1.0
0.4365961146813584,1.0
0.0,0.0
0.5721143340517894,1.0
0.4903210063043515,1.0
0.1370769109044967,1.0
0.2714059057709357,1.0
0.24379407446642753,1.0
0.16372982136805092,1.0
0.5766303844370335,1.0
0.52446322198597,1.0
0.6952103569621144,0.0
0.6138083044511564,1.0
0.3511015391580834,0.0
0.6151723407366467,1.0
0.18087652465535164,0.0
0.5304540693358368,1.0
0.17712601834357677,1.0
0.21748662900100646,1.0
0.5827344864044992,1.0
0.3408302320754997,1.0
0.7928688967729864,1.0
0.3874602619090961,1.0
0.6068119607340123,1.0
0.43733109025193073,1.0
0.5843266295263638,1.0
0.2657262945389087,1.0
0.22871861558632656,1.0
0.40784668229870213,1.0
0.566332554373878,1.0
0.24143301700286512,1.0
0.4928553979934098,1.0
0.13946035479204788,1.0
0.06624765292554802,1.0
0.13068534276379662,1.0
0.46009037154672283,1.0
0.3185556581756157,1.0
0.3093758208119959,1.0
0.4232336203881184,1.0
0.2266476973018472,1.0
0.5599089321712674,1.0
0.38457905471371,1.0
0.17353494602665487,1.0
0.13443918333024785,1.0
0.39999605211441436,1.0
0.6759102973689894,1.0
0.21337358026487996,1.0
0.2919705922418898,1.0
0.0,0.0
0.563899828941731,1.0
0.9709934578672015,1.0
0.10451495087149798,0.0
0.7036065404375598,1.0
0.4263765700769433,1.0
0.5048070633931481,1.0
0.0,0.0
0.25941023181082024,1.0
0.7113462708903895,1.0
0.4678713115066486,1.0
0.16987647134629125,1.0
0.4021291037796231,1.0
0.4582763559344616,1.0
0.18568759705708482,1.0
0.14024925865578286,1.0
0.590693945541013,1.0
0.1200377931015062,1.0
0.2513750941965709,1.0
0.544374464566642,1.0
0.6871296522009933,1.0
0.20116494316694888,1.0
0.26515319388170466,1.0
0.8100980360808787,1.0
0.255745798888376,1.0
0.26567199110458084,1.0
0.30550992407892075,1.0
0.4965578812341507,1.0
0.09247414192713288,1.0
0.22106860989683552,1.0
0.16218179584759573,1.0
0.13994621862212098,1.0
0.7335434946835058,0.0
0.17176934463261606,1.0
0.5307385333793722,1.0
0.9706548304420406,1.0
0.4756117732346561,1.0
0.24526142762995606,1.0
0.0,0.0
0.22969291921580792,1.0
0.28660050748436605,1.0
0.37257209350621423,1.0
0.19048038257748345,1.0
0.42538215788062805,1.0
0.07626614287329714,1.0
0.102117988897104,1.0
0.8978497009446156,1.0
0.15047148426905865,1.0
0.9476163490845444,1.0
0.16243485007164704,1.0
0.1818827542985595,1.0
0.34398805536124444,1.0
0.1289290028548451,1.0
0.8921294684268397,1.0
0.9011541504056431,0.0
0.8222928879914582,1.0
0.40455125423241656,1.0
0.30156177839564835,1.0
0.6744447748943481,1.0
0.9600342949451535,1.0
0.09700259898099395,0.0
0.3615478420914311,1.0
0.25167861941280645,1.0
0.16403199007383273,1.0
0.22306679681257346,1.0
0.6541913415476328,1.0
0.307755104938233,1.0
0.19787815035009837,1.0
0.2998740092898218,1.0
0.3331777764641055,1.0
0.49192769289891025,1.0
0.841580589934412,1.0
0.21565003289172724,1.0
0.21530496304228786,1.0
0.3176868242342725,1.0
0.6132464490255218,1.0
0.24039916596575361,1.0
0.6953164398810108,1.0
0.18805101340829466,1.0
0.5405310562959533,1.0
0.7347106288749345,1.0
0.28975051082747383,1.0
0.30740673484691605,1.0
0.9175715462552843,0.0
0.12791981309774858,1.0
0.5952997476997597,1.0
0.3688445418322468,1.0
0.35512388176158316,1.0
0.29532725535086124,1.0
0.2529503289558357,1.0
0.5886140698858839,1.0
0.7360271972983163,1.0
0.491716919585123,1.0
0.0,0.0
0.40361157863342845,1.0
0.0,0.0
0.320910544316916,1.0
0.0,0.0
0.3391136291195238,1.0
0.21368299969910387,1.0
0.05886624130773788,1.0
0.1517180083348184,1.0
0.15944968475692445,1.0
0.3334565823784925,1.0
0.793141823475032,1.0
0.27921578862204255,1.0
0.1528246697704101,1.0
0.2927993320958686,1.0
0.3502268600171976,1.0
0.65101711809052,1.0
0.16370147470122864,1.0
0.2976520301612977,1.0
0.3274051172182042,1.0
0.18177672139848555,1.0
0.2681465282704414,1.0
0.0,0.0
0.0,0.0
0.6099326850594551,1.0
0.0,0.0
0.43611501264314256,1.0
0.698846125098028,0.0
0.21710816858673132,1.0
0.2802059602226259,1.0
0.2460056566826041,1.0
0.39675847981919743,1.0
0.13915709167444001,1.0
0.6299256083765061,0.0
0.4255038216625877,1.0
0.39919751562593264,1.0
0.3688499018492162,1.0
0.5979027121926954,1.0
0.22207109813215586,1.0
0.08264117479143307,1.0
0.25081128003386555,1.0
0.7103327915191158,1.0
0.18569129444840948,1.0
0.32108890443364935,1.0
0.3452997299430778,1.0
0.24680176825859368,1.0
0.585761908620452,1.0
0.6810850986415335,1.0
0.8580236584446492,1.0
0.0,0.0
0.10953461576637835,1.0
0.4788317619131761,1.0
0.08308702756538588,1.0
0.17202083826941994,1.0
0.21640290819795194,1.0
0.6153024376920011,1.0
0.3418790927607267,1.0
0.3442666111815207,1.0
0.0,0.0
0.8820128385491333,1.0
0.5886291565629853,1.0
0.3944689482707653,1.0
0.860425801368629,1.0
0.4703283680945858,1.0
0.2949310722675631,1.0
0.7742554785623272,1.0
0.3387741823860577,1.0
0.2945977618431841,1.0
0.27942865972522624,1.0
0.16712798909516824,1.0
0.07849788367512911,1.0
0.2508126205382961,1.0
0.4819449814145611,1.0
0.2652538097433528,1.0
0.25978275799205,1.0
0.2668694477063025,1.0
0.37501028199410413,1.0
0.5774040075506375,1.0
0.41119357473097784,1.0
0.10741163389042141,1.0
0.22041228792353307,1.0
0.4636386677670421,1.0
0.09341022317356984,1.0
0.0611146593852121,1.0
0.322498738952969,1.0
0.0846838634531335,1.0
0.0,0.0
0.04804016946773082,0.0
0.4749870441497266,1.0
0.2904780045826465,1.0
0.2665978965218634,1.0
0.434768092798552,1.0
0.5082155189915807,1.0
0.3269189012556235,1.0
0.35511884686695705,1.0
0.3224295369123107,1.0
0.6402762643179867,1.0
0.381523152780868,1.0
0.7235658661118518,1.0
0.22994303833538243,1.0
0.2012232541092982,1.0
0.7787267941138984,1.0
0.11185724476934933,1.0
0.21386159390392434,1.0
0.35961143542353824,1.0
0.10904521660596345,1.0
0.5188642380939306,1.0
0.2731805425649867,0.0
0.32203237245972405,1.0
0.6905983594720708,1.0
0.688123557206453,1.0
0.09229091097750963,1.0
0.3558473940185216,1.0
0.19594105742396772,1.0
0.14424539039616047,1.0
0.22197738186681892,1.0
0.9304713554405808,1.0
0.06471824541102977,1.0
0.22965264906218952,1.0
0.31810391418480366,1.0
0.19263840063752147,1.0
0.20831945540274877,1.0
0.5281839911076696,1.0
0.3592739724365539,1.0
0.5321158196508189,1.0
0.28551093247838066,1.0
0.46136568844719683,1.0
0.0,0.0
0.4833382016819545,1.0
0.20635020237480362,0.0
0.0,0.0
0.780892300991971,1.0
0.5452617864649847,1.0
0.13496384275906648,1.0
0.1644912458913379,1.0
0.3065504146144691,1.0
0.12587888309783102,1.0
0.1694403932505395,1.0
0.44474884854695906,1.0
0.09655494052756586,1.0
0.08836248971651806,1.0
0.34934582648516077,1.0
0.39814345098246084,1.0
0.4607474938211773,1.0
0.29707490799080194,1.0
0.3010035423319759,0.0
0.0,0.0
0.7390642031205701,1.0
0.0,0.0
0.3927534007119342,1.0
0.9390853588814618,1.0
0.0,0.0
0.7869433169832374,1.0
0.2450617795025649,1.0
0.34683835892762627,1.0
0.21739225148684227,1.0
0.2836898892216242,1.0
0.37593683665569655,1.0
0.14936116945870603,1.0
0.33214236383937035,1.0
0.41369895750400953,1.0
0.5987197306359184,1.0
0.11806099923595115,1.0
0.7968438405403515,1.0
0.36114243053546824,1.0
0.12726407534428796,1.0
0.42290761771363794,0.0
0.5714119287373718,1.0
0.11774268445441738,1.0
0.6539536210936636,1.0
0.15658115733292322,1.0
0.4153944625208523,0.0
0.32731273845616826,1.0
0.22227850918072622,1.0
0.6090556100169939,1.0
0.22542536934105772,1.0
0.43619244278002567,1.0
0.0,0.0
0.6412401100121574,1.0
0.49961459847379075,1.0
0.0,0.0
0.13107961612846974,1.0
0.29997446209011036,1.0
0.45472876097802706,0.0
0.7548144129087628,1.0
0.2083418078139383,1.0
0.24237048877255463,1.0
0.41492018805184383,1.0
0.2407418279091007,1.0
0.09101544902245173,1.0
0.1846141801313692,1.0
0.26512971604701896,1.0
0.898854524058549,0.0
0.1681346979186924,1.0
0.8180803038002393,1.0
0.6747055350181217,0.0
0.35979447630163763,1.0
0.9289645234211985,1.0
0.9019946296771528,1.0
0.461685079633781,1.0
0.2738509358333032,1.0
0.596820919115042,1.0
0.429225025948039,1.0
0.747970605590913,1.0
0.0,0.0
0.6259284502499005,1.0
0.4768335799993202,1.0
0.22417606122766376,1.0
0.47092466047881354,1.0
0.0,0.0
0.7912498595308919,1.0
0.8418379777892038,1.0
0.8155741717452534,1.0
0.3967667519319851,1.0
0.1079388362761522,1.0
0.1693095510147371,1.0
0.0,0.0
0.5248142290695843,1.0
0.46922810606708465,1.0
0.06513875364785893,1.0
0.9022708726270987,1.0
0.5793526408193879,1.0
0.4771108113211895,1.0
0.6208403726113731,1.0
0.5008232302807314,0.0
0.45677522806154425,1.0
0.7416418510869223,1.0
0.16484564625183884,1.0
0.4669272472562156,1.0
0.40503314956914993,1.0
0.5110922915182061,0.0
0.1206142830340915,1.0
0.15379018509286047,1.0
0.8760782383650181,1.0
0.3287318104515409,1.0
0.0,0.0
0.29610628049724497,1.0
0.5171553620455822,1.0
0.5478359561224528,1.0
0.3194961910972136,0.0
0.1364479682339983,1.0
0.5531052179404057,1.0
0.3607957230697951,1.0
0.43511016852130435,1.0
0.10771974983414268,1.0
0.14669351962474098,1.0
0.5102583967244292,1.0
0.5463098058336251,1.0
0.5548486249827325,1.0
0.5472345758236474,0.0
0.3613866394310312,1.0
0.6852562522424623,0.0
0.3139845500722078,1.0
0.3674907504018856,1.0
0.7629716834815219,1.0
0.43556375620589627,1.0
0.7071326853223541,1.0
0.18441360165388865,1.0
0.5953830820583956,1.0
0.9367181831155884,0.0
0.5048293487791162,1.0
0.0,0.0
0.19989215821924589,1.0
0.3721328972370972,1.0
0.3878295558740459,1.0
0.21051911613288166,1.0
0.5698152839215243,1.0
0.15578584305695653,1.0
0.3450602138133978,1.0
0.18271435022727633,1.0
0.7200942427434502,1.0
0.2630753539926318,1.0
0.37775105334362236,1.0
0.23939351153899846,1.0
0.26717200055663737,1.0
0.2524108639556957,1.0
0.3572471417421905,1.0
0.8759412007979188,1.0
0.4679500661419391,1.0
0.18691917149731507,1.0
0.5422705958829601,1.0
0.6340886559271368,1.0
0.15869072115968175,1.0
0.1317759601620332,1.0
0.2593372133340406,1.0
0.40711093743864746,1.0
0.18403312147957962,1.0
0.43556246672066434,1.0
0.10476899046634358,1.0
0.11934656899456586,1.0
0.7961160886880574,1.0
0.15135089318975625,1.0
0.45312402411715125,1.0
0.9744880608828224,0.0
0.20223168057917018,1.0
0.5137215429028728,1.0
0.17724209302236194,0.0
0.15616280390694737,1.0
0.07997784058143287,1.0
0.5976649887375971,1.0
0.252579602451823,1.0
0.2830660814833963,1.0
0.5496717759396144,1.0
0.3478293028188215,1.0
0.5554338371975036,1.0
0.5601272363188996,1.0
0.11077470941237699,1.0
0.49030127888094155,1.0
0.9346368259029503,1.0
0.09724099869056602,1.0
0.8280014201063843,1.0
0.34972106468692044,1.0
0.6068143536344581,1.0
0.3144876043710374,1.0
0.7897311830544522,1.0
0.811276182416167,1.0
0.6667269947013792,1.0
0.41801687233104134,1.0
0.38641440135281435,1.0
0.10321664932192309,1.0
0.45683350299034187,1.0
0.48858189787959017,1.0
0.0,0.0
0.3564640820776215,1.0
0.6146743383388422,1.0
0.367231046675633,1.0
0.5701562262177693,1.0
0.0,0.0
0.7173408716526617,1.0
0.44118169523073325,1.0
0.13061967705385547,1.0
0.09379225393136226,1.0
0.3185420600586579,1.0
0.0,0.0
0.432881030698971,1.0
0.17269084139092472,1.0
0.9369247068302555,1.0
0.41916160709358774,1.0
0.5463596705976861,1.0
0.19889269412190558,0.0
0.7788892002271561,1.0
0.572444862429287,1.0
0.0,0.0
0.9612296867699017,1.0
0.6124444922499892,1.0
0.37246368171096433,1.0
0.2290471091981443,1.0
0.32673030428677263,1.0
0.2891164212201889,1.0
0.5705811621207251,1.0
0.7812785143236614,1.0
0.1280385577812546,1.0
0.5289639976233418,0.0
0.0,0.0
0.3718694751116147,1.0
0.7875754318474288,1.0
0.5532488329826024,0.0
0.5369483441249461,1.0
0.33072027971053464,1.0
0.23525318953997054,1.0
0.5127150121463555,1.0
0.2522097972945123,1.0
0.3727428887763038,1.0
0.13829282045004243,1.0
0.3553774941956882,1.0
0.0,0.0
0.14907480169880438,1.0
0.20703400568930697,1.0
0.7308481804394509,1.0
0.2652147670516265,1.0
0.5871567394939148,1.0
0.8619696753268555,1.0
0.7638571006631221,1.0
0.09919081840577526,1.0
0.7105589996410058,1.0
0.09096894152172563,1.0
0.4492291844928955,1.0
0.33196116265354547,1.0
0.09601510638851884,1.0
0.7481429874580376,1.0
0.2102651955828323,1.0
0.12316601224724266,1.0
0.0,0.0
0.1048321202220075,1.0
0.36286128833994136,1.0
0.9078421851064133,1.0
0.6046301017026403,1.0
0.5790614322378898,1.0
0.32443424128055964,1.0
0.5496016235413368,1.0
0.5785513683013401,1.0
0.07489911846337893,1.0
0.3116891093001404,1.0
0.1774197418714465,1.0
0.254192732471036,1.0
0.21539582823476877,1.0
0.6678295695992107,1.0
0.0,0.0
0.14962433848894907,1.0
0.2916942302471477,1.0
0.9370725914791009,1.0
0.0,0.0
0.6731417605713612,1.0
0.2295668197647105,1.0
0.0876713416381869,1.0
0.1438303642222265,1.0
0.15279944427808267,1.0
0.66176969027268,1.0
0.5193584960827176,1.0
0.14122470971704182,1.0
0.6216576271434362,1.0
0.3200051556200547,1.0
0.1660192108630283,1.0
0.6468799382738926,1.0
0.6103860386559599,1.0
0.12315891157526693,1.0
0.466787331606096,1.0
0.4775785713388161,1.0
0.8730748081772419,1.0
0.5533168705850842,1.0
0.7066831151495476,1.0
0.7833286507879627,1.0
0.14605824357099717,1.0
0.5513201122069034,1.0
0.6128680936507727,1.0
0.19983150739640188,0.0
0.10674914559673887,1.0
0.5791296999269524,1.0
0.21534052342362386,1.0
0.16622444709321682,1.0
0.25868699365702597,1.0
0.23204763029123088,1.0
0.23334201036515845,1.0
0.5455204167873169,1.0
0.38641110111093724,1.0
0.31266144919066896,1.0
0.0,0.0
0.39315489779488555,1.0
0.494335263865457,1.0
0.2706018722139123,1.0
0.08423675820787668,1.0
0.45168330597635586,1.0
0.1848648874722909,1.0
0.9884288057711825,0.0
0.20694443598431667,1.0
0.5101600987349939,1.0
0.8694452363730019,1.0
0.10942522260183996,1.0
0.5351982445642309,1.0
0.28240061006716743,1.0
0.2889555176723446,1.0
0.0,0.0
0.6625732996700924,1.0
0.6322983362316252,1.0
0.36256779890015833,1.0
0.29510206261105854,1.0
0.0,0.0
0.19717677642379128,1.0
0.36116477794477575,1.0
0.09516982931160012,1.0
0.11040382084738098,1.0
0.41622197991482013,1.0
0.6176050641680413,0.0
0.07389080203491494,1.0
0.24750894336788054,1.0
0.43023785107312085,1.0
0.562342230819115,1.0
0.06870921620935055,1.0
0.5469750871783301,1.0
0.0,0.0
0.48014624355130175,1.0
0.1341350438828779,1.0
0.31052826047388793,1.0
0.23636223187149108,1.0
0.09862894197223504,1.0
0.2493230250049865,1.0
0.2810457682415435,1.0
0.14797372136337517,1.0
0.6836723852348916,1.0
0.7365377744279793,1.0
0.16451107435276757,1.0
0.8854101639592873,1.0
0.20181003991621038,1.0
0.526161677112936,1.0
0.2787441071287682,1.0
0.5233292992919942,1.0
0.79778929731479,1.0
0.2119959288560329,1.0
0.2473366535353887,1.0
0.706794985246153,1.0
0.6683884779158511,1.0
0.26100563215837536,1.0
0.10269313832525873,1.0
0.4840189858603603,1.0
0.4626889403855783,1.0
0.5469726892760018,1.0
0.12364221044014645,1.0
0.23152018881553138,1.0
0.3807242381500915,1.0
0.763154477266641,1.0
0.24101333407659942,1.0
0.1615941827293672,1.0
0.17664254541319613,1.0
0.6965248526055108,1.0
0.19961295715616467,1.0
0.10945558502719033,1.0
0.4597419024181377,1.0
0.49858163777171205,1.0
0.2547620527056713,1.0
0.1125674170064519,1.0
0.12142097559169418,1.0
0.7786473812309098,1.0
0.16583598791641707,1.0
0.3340083209971829,1.0
0.34080999746123464,1.0
0.09830670171354816,1.0
0.14681077274697385,1.0
0.29163322529104363,1.0
0.3716689016360166,1.0
0.3400388272706629,1.0
0.6391919162789037,1.0
0.14261697162380482,1.0
0.8956824564126658,1.0
0.08001457340395746,1.0
0.06738343131782143,1.0
0.5331225824946699,1.0
0.8233668311151816,1.0
0.6917555129077515,0.0
0.08450428387751874,1.0
0.6746686041210621,0.0
0.4982747362849893,1.0
0.614444818970934,0.0
0.2707595145345598,1.0
0.7392442628768761,1.0
0.2215949759678617,0.0
0.4480322891023567,0.0
0.4499334915229265,1.0
0.2691244982795782,1.0
0.008456210063390479,0.0
0.6274179417440604,1.0
0.2605587870109938,1.0
0.12883134710708521,1.0
0.12080591314431022,1.0
0.21510814497984798,1.0
0.3614778197420909,1.0
0.6225768810577654,1.0
0.5116715745018134,1.0
0.6595325234290339,1.0
0.19163102456291226,1.0
0.4645873347494791,1.0
0.7989757427730302,1.0
0.2929829681979501,1.0
0.06615992591396136,1.0
0.44081121181819594,1.0
0.4952357407139947,1.0
0.5042766387949018,1.0
0.12787660683927715,1.0
0.6918865622214776,1.0
0.2517965347842428,1.0
0.6043469361477256,1.0
0.20308551487616233,1.0
0.3436123219731462,1.0
0.09161335501387802,1.0
0.45424800807118926,1.0
0.550985176170808,1.0
0.4359371697210288,1.0
0.31564597526484617,0.0
0.7403522318044753,0.0
0.08685036370501154,1.0
0.28701726430954233,1.0
0.23729218581222877,1.0
0.3077763399289388,1.0
0.4327020983669132,1.0
0.39265029591370215,1.0
0.47859729568376874,1.0
0.5291250042099591,1.0
0.22310964193515082,1.0
0.6795878702359821,1.0
0.4708949843117014,1.0
0.0,0.0
0.11556930261300424,1.0
0.08479842656311698,1.0
0.09038622424579756,0.0
0.19674268907715708,1.0
0.14586554705949295,1.0
0.7264813131916723,1.0
0.33417036797529853,1.0
0.32666588404550057,1.0
0.587614785856303,1.0
0.4729999093929047,1.0
0.5614926311155961,1.0
0.0,0.0
0.9134476054204721,1.0
0.2964652445750682,1.0
0.16412680275174862,1.0
0.27643584953374356,1.0
0.9091711251852357,1.0
0.30281608839124585,1.0
0.6013286153566297,1.0
0.12891126017829402,1.0
0.6028693151204103,0.0
0.26276986503744393,1.0
0.11279830288857884,1.0
0.3382639603900306,1.0
0.0,0.0
0.7045798106781782,1.0
0.48487064033708815,1.0
0.8445004496747122,1.0
0.1664473499713468,1.0
0.3532317017361315,1.0
0.3443085939796058,1.0
0.45643599540863633,1.0
0.12305221642598907,1.0
0.1879344985638749,1.0
0.5299145493149924,1.0
0.3384010649823521,1.0
0.6761084139200495,1.0
0.4119121961474983,1.0
0.3757456977303102,1.0
0.07079985191347538,1.0
0.21270314998263506,1.0
0.5497525023168692,1.0
0.4570818224326998,1.0
0.40757359453605035,1.0
0.5381489489113265,1.0
0.6115401089314507,1.0
0.46458093834251724,1.0
0.8496277150595493,1.0
0.2761869408696622,1.0
0.5485385204967246,1.0
0.3990393250989954,1.0
0.4968880124622017,1.0
0.2438754981060618,1.0
0.22534432784522362,1.0
0.38484195364231333,1.0
0.09278200377523849,1.0
0.7971320680000566,1.0
0.5720628426756358,1.0
0.0,0.0
0.2785611192706203,1.0
0.802848081930382,1.0
0.3447135703718174,1.0
0.4062696108482924,1.0
0.632162101966808,1.0
0.7095641472790573,1.0
0.5213927235604832,1.0
0.2845140753620443,1.0
0.0,0.0
0.5513382360268788,1.0
0.10937826193058608,1.0
0.16671672533702742,1.0
0.3439809066711996,1.0
0.06659325997713639,1.0
0.6651524472007293,1.0
0.7381732978738169,1.0
0.41310663561387484,1.0
0.8311899339409519,1.0
0.706155138472452,1.0
0.1465372548224524,1.0
0.16539390556126854,1.0
0.1932326862666094,1.0
0.0,0.0
0.0,0.0
0.4238005257140256,1.0
0.0,0.0
0.18400270803503105,1.0
0.2663958564944031,1.0
0.2856761686565892,1.0
0.3651218069708415,1.0
0.46559467080903083,1.0
0.7362644845892863,0.0
0.6328660958790131,1.0
0.10704995879244361,1.0
0.18641347720505896,1.0
0.44105549274086275,1.0
0.4010900958019601,1.0
0.19862930700959858,1.0
0.2663509616004993,1.0
0.4264252914107325,1.0
0.7857055322060638,0.0
0.5821271758741542,0.0
0.8009436092792281,1.0
0.43196284318592815,0.0
0.7224720184980886,1.0
0.6524786630684338,1.0
0.4522277568526758,1.0
0.14618215619919583,1.0
0.2715084933745482,0.0
0.6909132879793534,1.0
0.8078805506433264,1.0
0.7496275691046264,1.0
0.6308729618646769,1.0
0.46725761357272955,1.0
0.0,0.0
0.12596233149938074,1.0
0.7913288922708324,1.0
0.6625905121471303,1.0
0.44289061629602156,1.0
0.45910417944362036,1.0
0.830436613467211,1.0
0.44027584135882725,1.0
0.0,0.0
0.4167792206039338,1.0
0.4958942465090672,1.0
0.0,0.0
0.1188984953849146,1.0
0.08366790314828698,1.0
0.3189393355530292,1.0
0.7533901739690743,0.0
0.5754038438910523,1.0
0.16909854861474516,1.0
0.08592612991676152,1.0
0.6700268424307798,1.0
0.24919274097923783,1.0
0.5721099784127666,0.0
0.3715451230582616,1.0
0.5506187682918893,1.0
0.9721902102039093,0.0
0.20633292987517926,1.0
0.29492935362083816,1.0
0.5236021859789814,0.0
0.21800395066863265,1.0
0.28274180946015814,1.0
0.5629736344156568,1.0
0.43397181015819086,1.0
0.2926041336428855,1.0
0.8895945835521961,1.0
0.6128205387559134,1.0
0.3110985550751759,1.0
0.0,0.0
0.7967883476584356,1.0
0.6522212762140178,1.0
0.8214335846364653,1.0
0.4511511297189621,1.0
0.44818694429895256,1.0
0.8091301628711585,1.0
0.16181587915350937,1.0
0.5759632233849965,1.0
0.4354566929180881,1.0
0.6345120012315513,1.0
0.14723769439716383,1.0
0.30690415672727234,1.0
0.7797745573861694,1.0
0.804269800921817,1.0
0.31449544132007334,1.0
0.4920474019453045,1.0
0.5826840444232322,1.0
0.2062134569176246,1.0
0.11060201942930936,1.0
0.2236404046606335,1.0
0.8088626882207142,1.0
0.24854554744095614,1.0
0.38332249587187395,1.0
0.10211547895261441,1.0
0.7950620220438331,1.0
0.19023768725147505,1.0
0.09166321977793945,1.0
0.7326736053450178,1.0
0.251519288456727,1.0
0.0,0.0
0.3004483053968725,1.0
0.5938336880229693,1.0
0.0,0.0
0.2943701561954062,1.0
0.4593404503521272,1.0
0.14261523797143338,1.0
0.32144551062420224,1.0
0.12455538406646882,1.0
0.31058323316005465,1.0
0.11423792461679527,1.0
0.6525564293318009,1.0
0.41460059779034797,1.0
0.5735778357660211,1.0
0.24632519392414842,1.0
0.8418496781920539,0.0
0.4739985341744113,1.0
0.6959420643028551,1.0
0.11139480275288127,1.0
0.06534081968510685,1.0
0.6817319590544599,1.0
0.1305221483539034,1.0
0.26746063516955365,1.0
0.45525609341269524,1.0
0.7897400784017625,0.0
0.11210940065535713,1.0
0.2087264515549938,1.0
0.9398646071117915,1.0
0.7250931628320805,1.0
0.48370896319914314,1.0
0.5493426410864983,1.0
0.0,0.0
0.9985197159705996,0.0
0.35656517912033747,1.0
0.5264251722658981,1.0
0.608602232411454,1.0
0.5199874407539684,1.0
0.61717360380994,1.0
0.24168992067546036,1.0
0.6578319274964848,1.0
0.09190720458917934,0.0
0.1119714347389209,1.0
0.8523964969494058,1.0
0.33471128752278334,1.0
0.35208425195192516,1.0
0.285630782577853,0.0
0.0,0.0
0.0,0.0
0.40029207250659216,1.0
0.08125321350298798,1.0
0.14958570595156395,1.0
0.44854092049984295,1.0
0.7821849073984688,1.0
0.29191779437410537,1.0
0.39329051682819216,1.0
0.0,0.0
0.740678624625768,1.0
0.34185587302316245,1.0
0.7341154959270013,1.0
0.11771825126023083,1.0
0.25669421077482024,1.0
0.6767336061792717,1.0
0.4271314211266386,1.0
0.44797021074233223,1.0
0.34351437011395936,1.0
0.4166578469311424,0.0
0.824534470496713,0.0
0.9880231491229918,1.0
0.8761555414540934,1.0
0.40348970777354554,1.0
0.10669481115074131,1.0
0.7344469576557184,1.0
0.7770770813286267,1.0
0.5614705257973869,0.0
0.3873484328279244,1.0
0.6426396946744664,1.0
0.26502401127041697,1.0
0.471390226670906,1.0
0.5240916131499365,1.0
0.6449859805795057,1.0
0.09190314406120725,1.0
0.7198814686767818,1.0
0.2997136709546666,1.0
0.11041433080226648,1.0
0.47224121889842996,1.0
0.11002573957577644,1.0
0.08889629958863887,1.0
0.7516824063378222,1.0
0.6727015289126284,1.0
0.1705107610288641,1.0
0.25458021327967684,1.0
0.8942047643586233,1.0
0.21421826411856948,1.0
0.9008071378251565,1.0
0.8985090200457337,1.0
0.12805933059804486,1.0
0.509042399145756,1.0
0.17592069578190195,1.0
0.32715392469470883,1.0
0.8164584494980875,1.0
0.29464100811671345,1.0
0.24083279313922556,1.0
0.48533935571421605,1.0
0.2539839188946962,1.0
0.5532792704361857,1.0
0.19494752155741457,1.0
0.0817766224612555,1.0
0.47411864637251133,1.0
0.20633094912982664,1.0
0.3442005853360617,1.0
0.38428656765112024,1.0
0.9019911383633752,1.0
0.802634965734971,1.0
0.7809692019297167,1.0
0.49031350448142286,1.0
0.09482875496566479,0.0
0.7386458687017465,1.0
0.4023781294877482,1.0
0.24784669146215066,1.0
0.5422889717977988,1.0
0.21946764445514066,1.0
0.5495685520965852,1.0
0.11599002693114446,1.0
0.20736520631977307,1.0
0.2618360576466561,1.0
0.3515492266224287,1.0
0.33690342342132995,1.0
0.15307606236919336,1.0
0.09162693512406017,1.0
0.6082263979853351,1.0
0.38799807728848545,1.0
0.35258290759554534,1.0
0.46182329064244554,1.0
0.33281361242954377,1.0
0.27860470667251613,1.0
0.9234977112652514,1.0
0.06156864722038069,1.0
0.10290444183855962,1.0
0.11784339135032162,1.0
0.0912485817500639,0.0
0.626098349182699,1.0
0.4302563830466837,1.0
0.6769380631162125,1.0
0.6819072770264376,1.0
0.6310637706658375,1.0
0.10679096833459356,1.0
0.0,0.0
0.5282994975726374,1.0
0.799406675932747,1.0
0.27892887365622787,1.0
0.0962449688855469,1.0
0.16503722134135357,1.0
0.5141103832230964,1.0
0.11710067586722817,1.0
0.7508641804402356,1.0
0.26133779515097766,1.0
0.08387265119477183,1.0
0.08207447754382491,1.0
0.29475886646669247,1.0
0.0,0.0
0.7740073101768123,1.0
0.0,0.0
0.2913851089251036,1.0
0.20752350588774204,1.0
0.35410640088454626,1.0
0.09126161965621504,1.0
0.6644978738854452,1.0
0.31557365104931634,1.0
0.37560731465689834,1.0
0.3579360299701415,1.0
0.8319233159118538,1.0
0.47489041979007673,1.0
0.5500347125122835,1.0
0.0,0.0
0.4165730710300557,1.0
0.4554427686584033,1.0
0.15106950830490584,1.0
0.4000474324487828,1.0
0.3060834378915951,1.0
0.10514309924310172,1.0
0.11514449875973876,1.0
0.6049205479972906,1.0
0.279103225264564,1.0
0.07523472275093646,0.0
0.3654072653885585,1.0
0.5162308111380005,1.0
0.36735318363564895,1.0
0.2603176222609389,1.0
0.4975643269586705,1.0
0.5133126330304969,1.0
0.2267467835879171,1.0
0.21822380740050074,1.0
0.37439074286214824,1.0
0.4671063916680782,1.0
0.49335401362197207,1.0
0.5587407695928572,1.0
0.09019832654007853,1.0
0.32934352063747196,1.0
0.7172878617050715,1.0
0.38540813769680726,1.0
0.6231420157173724,1.0
0.13683416155816008,1.0
0.2389679694079203,1.0
0.6498721852534386,1.0
0.13971479953935173,1.0
0.48635169665710043,1.0
0.6504201174397726,1.0
0.23065075164719406,1.0
0.5150324692031285,1.0
0.26511869590014836,1.0
0.2626236800281707,1.0
0.8759901412141486,1.0
0.799191414930247,1.0
0.24646420723471785,1.0
0.6364640867993985,1.0
0.1833271088077173,1.0
0.7315382801232722,1.0
0.1015543988187213,1.0
0.24510360624192495,1.0
0.1449097894088447,1.0
0.5952707898029321,1.0
0.24354372025838966,1.0
0.1609390041863361,1.0
0.3624727661394256,1.0
0.8433548195752509,1.0
0.8897476301434755,1.0
0.3117838739599872,1.0
0.6109970685859119,1.0
0.15398561763393026,1.0
0.0,0.0
0.911260483408646,1.0
0.335740714895274,1.0
0.8318387500898199,1.0
0.3750426121599131,1.0
0.5340106696809905,1.0
0.19811158319064326,1.0
0.4547628267969608,1.0
0.0,0.0
0.11353280328034154,1.0
0.0,0.0
0.276334147263281,1.0
0.617458671080469,1.0
0.5545241918988872,0.0
0.12977097668875714,0.0
0.5671992785213082,1.0
0.12208834072052488,1.0
0.5645612698412803,0.0
0.6105866901609209,1.0
0.21909514228294613,1.0
0.4010054379452934,1.0
0.3986911010626386,1.0
0.17990033031439667,1.0
0.1072049761253111,1.0
0.3770975994495753,1.0
0.2914152142537083,1.0
0.6244509052511953,1.0
0.6310588308069738,1.0
0.47214940534908356,1.0
0.0,0.0
0.082191272493648,1.0
0.0,0.0
0.6222961134051781,1.0
0.135193938343805,1.0
0.10687774398818517,1.0
0.5637920053678278,1.0
0.11849842583914505,1.0
0.20130734275177042,1.0
0.0,0.0
0.1949511469216354,1.0
0.5567908638452739,1.0
0.9217340656071542,1.0
0.0,0.0
0.26357792911114686,1.0
0.08281015437828243,1.0
0.5463397461001178,1.0
0.36900935385084477,1.0
0.22487942190158217,1.0
0.44024487370573073,1.0
0.38717985339165173,1.0
0.47015691757792766,1.0
0.5146390011414903,1.0
0.7012049567240104,1.0
0.5935829336643548,1.0
0.11881889743228458,1.0
0.4876161434671702,1.0
0.28796072033109965,1.0
0.20172387349187115,1.0
0.6369006840905223,1.0
0.5832381559348399,1.0
0.2392895804298263,1.0
0.07113233802766761,1.0
0.5911015809338038,1.0
0.7600596887007982,1.0
0.4357314092935858,1.0
0.17967464038750292,1.0
0.2812261061025003,1.0
0.4858611540664137,1.0
0.4098557002901635,1.0
0.6129938409693629,1.0
0.18645364632065675,1.0
0.4148326281031225,1.0
0.924304636910565,1.0
0.09160652744467113,1.0
0.35122776965849445,1.0
0.7527621126302204,0.0
0.2593604120636992,1.0
0.4213156636629205,1.0
0.4855045758864014,1.0
0.0,0.0
0.08427518866922101,1.0
0.5187210542139797,1.0
0.3033029095815727,1.0
0.6784643244468249,1.0
0.4223563172598288,1.0
0.574435656563129,1.0
0.2799249974966327,1.0
0.1609550152112691,1.0
0.6814327884768709,1.0
0.7215713595810387,0.0
0.3402304053613068,1.0
0.7392589934199645,1.0
0.4737014363768073,1.0
0.13296906912774364,1.0
0.0,0.0
0.5848516240812898,1.0
0.6761612307949867,1.0
0.3960142817782186,1.0
0.5693810145063778,1.0
0.7826558896286113,1.0
0.08675957554151648,1.0
0.11707121278029797,1.0
0.3367896646140047,1.0
0.7876479251265769,1.0
0.2782467529748973,1.0
0.20964089165789002,1.0
0.26405405027506434,1.0
0.44947579329153964,1.0
0.32470756313129856,1.0
0.8667256930115546,1.0
0.4373015151228392,1.0
0.20873400339674442,1.0
0.11948274723830288,1.0
0.1617024684771855,1.0
0.27263921886541986,1.0
0.061007687131659605,1.0
0.07985154405617667,1.0
0.4539503140492265,1.0
0.7891591978169794,1.0
0.7295747742579786,1.0
0.6774659507598049,1.0
0.1334083434262232,0.0
0.49956569807261886,1.0
0.10070308547035944,1.0
0.2708613958724051,1.0
0.2593142636981156,1.0
0.17799389792579579,1.0
0.3029868186368665,1.0
0.5932435939711675,1.0
0.6342750710749705,1.0
0.188680254190972,1.0
0.40559276515193377,1.0
0.29148296975003385,1.0
0.1451917865240775,1.0
0.0,0.0
0.2505929828888682,1.0
0.28001624883442,1.0
0.06776397551622271,1.0
0.18695115653325223,1.0
0.38303479661093,1.0
0.11806292896210557,1.0
0.17529235333726856,1.0
0.6352538944052104,1.0
0.7297595577918372,1.0
0.2664087543478524,1.0
0.9370815568527617,0.0
0.46128833233817046,1.0
0.40637627398552434,1.0
0.1702589532738581,1.0
0.41457886061066906,1.0
0.21301604472461388,1.0
0.46940759760957285,1.0
0.6798719311278116,1.0
0.3609831525993399,1.0
0.20915821602753315,1.0
0.36073073961658686,1.0
0.2112030064801358,1.0
0.490315139096527,1.0
0.7443746964539009,1.0
0.3967828419866568,1.0
0.24500109566729833,1.0
0.5980092132689436,1.0
0.5659827837555444,1.0
0.3711234303757269,1.0
0.0726687121637184,1.0
0.0,0.0
0.25817419969317035,1.0
0.12827335313451105,1.0
0.7844482700995905,1.0
0.13507359405837072,1.0
0.6191242298285604,1.0
0.3171849023615736,1.0
0.46075859199741,1.0
0.24755761268209442,1.0
0.14292594489013632,1.0
0.0,0.0
0.22893960374394906,1.0
0.41644123041856496,1.0
0.34792501283440425,1.0
0.8252125616617407,1.0
0.19776294199731081,1.0
0.5031683137332896,1.0
0.7160617573232191,1.0
0.1562136450384144,1.0
0.539683374314071,1.0
0.2474215264729902,1.0
0.5819906715076977,1.0
0.5596737766824917,1.0
0.0,0.0
0.7570358728419144,0.0
0.28828036161179416,1.0
0.21903221960520503,1.0
0.1129838957269782,1.0
0.9665626025407734,0.0
0.6222327315546514,1.0
0.27919211871508054,1.0
0.18741198394214553,1.0
0.23414818472776489,1.0
0.16003804315560144,1.0
0.0,0.0
0.24000533876897379,1.0
0.591396865048921,1.0
0.0,0.0
0.9217888532236791,1.0
0.11802917025873905,1.0
0.09973446297868449,1.0
0.3955598287680058,1.0
0.13715618673591257,1.0
0.8372019852698549,0.0
0.0,0.0
0.5714384117028852,1.0
0.6030361218896312,1.0
0.38571215209712184,1.0
0.1295562308801239,1.0
0.6386708442000018,1.0
0.7067625750502291,1.0
0.3337508331047463,1.0
0.37760234338421306,1.0
0.10386948098182414,1.0
0.0,0.0
0.46835258160810644,1.0
0.291698058687786,1.0
0.11205090564374265,1.0
0.13712336838640038,1.0
0.16773385608231006,1.0
0.13894473876625302,1.0
0.7884785857033214,1.0
0.720122318308257,1.0
0.0,0.0
0.4253739037746165,1.0
0.16966261587269038,1.0
0.14011797825509964,1.0
0.46987969625982284,1.0
0.20474018052519138,1.0
0.3635375648221051,1.0
0.1642782337350761,1.0
0.48875765401644866,1.0
0.2591635139711439,1.0
0.2783794048916812,1.0
0.24799284545975375,1.0
0.48545039849950467,1.0
0.8528932358717651,1.0
0.397874044605111,1.0
0.8276208579012074,1.0
0.585495121228623,1.0
0.22349935458363035,1.0
0.15113519002086973,1.0
0.19170851272162848,1.0
0.38267946790109164,1.0
0.256433828793341,1.0
0.3694733104372441,1.0
0.32196249216383865,1.0
0.10747818093200667,1.0
0.2144497342205378,1.0
0.7845958386294805,1.0
0.6897654480483348,1.0
0.2588557281516475,1.0
0.11302254327000982,1.0
0.6859495041124477,1.0
0.1913190501672588,1.0
0.6036092035396825,1.0
0.3058411487184216,1.0
0.0,0.0
0.3025373404986924,1.0
0.29165944315680026,1.0
0.0,0.0
0.2241007508884585,1.0
0.2333754839612392,1.0
0.5535537977405358,1.0
0.0,0.0
0.18884542434433538,1.0
0.6938480713353954,1.0
0.4470939450044109,1.0
0.11509815031886683,1.0
0.3127597551831154,1.0
0.39237626679681936,1.0
0.27220388204861123,1.0
0.0,0.0
0.12062344048002904,1.0
0.3685604019106785,1.0
0.7978021831637219,1.0
0.5569170303215931,1.0
0.4532642508843434,1.0
0.12271099202358737,1.0
0.8797682519134264,0.0
0.16495834766126682,1.0
0.4607462963705782,1.0
0.15981807938345405,1.0
0.4987854484654717,1.0
0.10417764994549694,1.0
0.7726971751743208,0.0
0.4226740338162509,1.0
0.32966103411747705,1.0
0.7081796372893323,1.0
0.1028272727999271,1.0
0.0,0.0
0.49036584917868,1.0
0.29371346008131516,1.0
0.35012791078269956,1.0
0.3247404795177018,1.0
0.30449989000410893,1.0
0.40105849090907064,1.0
0.56678350306542,1.0
0.8726591007469517,1.0
0.0,0.0
0.4933946789242847,1.0
0.34808161176242436,1.0
0.5445806391499315,1.0
0.2123781246759373,0.0
0.3193537244871707,1.0
0.2828457065565315,1.0
0.5453775930428844,1.0
0.6617828702322854,1.0
0.38627018908588306,1.0
0.29023573941850733,1.0
0.5944227937028477,1.0
0.42707536103128074,1.0
0.24581016912082987,1.0
0.0,0.0
0.2290601571080595,1.0
0.7078402145649001,1.0
0.904504256047046,0.0
0.2026780525484959,1.0
0.0,0.0
0.48236956618538596,1.0
0.6611135103528323,1.0
0.47022624666639423,1.0
0.2952602401331017,1.0
0.1255610414943531,1.0
0.33453757115348726,1.0
0.21784657844962396,1.0
0.5462035098345472,1.0
0.6800774314573799,1.0
0.466586736122216,1.0
0.06803690221826786,1.0
0.2589303202205686,1.0
0.43187182293509885,1.0
0.4435568560013565,1.0
0.0,0.0
0.7400992706154335,1.0
0.21247931975554435,1.0
0.2994562520882047,1.0
0.5139025940322317,1.0
0.7205094759953079,1.0
0.5488842756040255,0.0
0.6403922899783265,1.0
0.4175007851279431,1.0
0.6872057518372108,1.0
0.47351164195735684,1.0
0.4224503466429912,0.0
0.5382115584712408,1.0
0.40127766238307716,1.0
0.08998475417301055,1.0
0.25562764442697006,1.0
0.6499278672065016,1.0
0.7153112389038885,1.0
0.15494565889649703,1.0
0.5476187423851409,1.0
0.7406923207796168,1.0
0.5294774818469414,1.0
0.16118901126374974,1.0
0.06828017976336476,1.0
0.8810563546251888,1.0
0.35533294143052707,1.0
0.1866702448264581,1.0
0.4364064363055751,1.0
0.1069863728651228,1.0
0.10608917825168707,1.0
0.13352502733426075,1.0
0.0,0.0
0.45123010243631656,1.0
0.15920946436223016,1.0
0.4943722637884913,1.0
0.18633171743894072,1.0
0.4201687800917795,1.0
0.20975789268525924,1.0
0.5160649187128463,1.0
0.8336004720240222,1.0
0.5491915382266428,1.0
0.4236153800438953,1.0
0.6717054991076084,1.0
0.7899564058055484,1.0
0.3698522970495275,1.0
0.8412287615417395,1.0
0.43857135196117136,1.0
0.6862317573240491,1.0
0.7157991364992657,1.0
0.0,0.0
0.06880465412254155,1.0
0.0,0.0
0.6812932099536124,1.0
0.7304063901942235,1.0
0.33586443645157216,1.0
0.17859427384665416,1.0
0.20679621520898683,1.0
0.4476663313928366,1.0
0.7685947634408881,1.0
0.28279684717079334,1.0
0.37909933870205403,1.0
0.19086826253632427,1.0
0.12503149422624604,1.0
0.7424452864188344,1.0
0.0,0.0
0.5650375190533823,1.0
0.5450485022063316,1.0
0.6894646438560184,1.0
0.6919858245738011,1.0
0.7534914080633626,1.0
0.5777850429338707,1.0
0.0,0.0
0.3345946166196394,1.0
0.8904632524314264,1.0
0.20505749192915523,1.0
0.31861259159960653,1.0
0.509406419126111,1.0
0.20245795072439954,1.0
0.0,0.0
0.8630028981275624,1.0
0.28127495948597936,1.0
0.25216543760200416,1.0
0.3948713366891248,1.0
0.5005616718565578,1.0
0.6526231614430276,1.0
0.5371661170726885,1.0
0.5322107623776717,1.0
0.3578427008504872,1.0
0.15794544871440586,1.0
0.8462087324998313,1.0
0.5142230776298891,0.0
0.0,0.0
0.6014301425612154,1.0
0.3023705557377534,1.0
0.1934946258342065,1.0
0.5169227685208715,1.0
0.14674579729677717,1.0
0.6557469279132269,1.0
0.5205901185410169,1.0
0.3683937191881368,1.0
0.12975760565725114,1.0
0.15013331801743668,1.0
0.38053177272554484,1.0
0.4501349873456033,1.0
0.2397240799315541,1.0
0.09162013956689874,1.0
0.8629444581366519,1.0
0.5903385468048241,0.0
0.05529788553903048,1.0
0.8260066074603802,1.0
0.4674503541007975,1.0
0.45499727101808674,1.0
0.27036371159430894,1.0
0.49742521561120956,1.0
0.44047620675612587,1.0
0.8321311711275636,1.0
0.34937704523274427,1.0
0.2897229584595453,1.0
0.2656399080317522,1.0
0.5403989335783068,1.0
0.8541893055815013,1.0
0.7092720753726907,1.0
0.4031733227181653,1.0
0.3013008051916928,1.0
0.23624328311119136,1.0
0.27889816910213483,1.0
0.25828941304784037,1.0
0.33022611875826247,1.0
0.0,0.0
0.5032067842096914,1.0
0.374952017069071,1.0
0.7350786013426065,1.0
0.40204500613376304,1.0
0.36267729810459937,1.0
0.367096175923904,1.0
0.8846827642395008,1.0
0.20627240610014308,1.0
0.13332269319612688,1.0
0.0,0.0
0.19057489814359663,1.0
0.6224864430260242,1.0
0.22556632038079316,1.0
0.22731872280807375,1.0
0.7707497173478886,1.0
0.1824276673487959,1.0
0.0,0.0
0.30187228223793383,1.0
0.8772980423760481,1.0
0.7184516086218724,1.0
0.5098704827527891,1.0
0.42233031847651237,1.0
0.0785714433555631,1.0
0.19886361718028134,1.0
0.3172058702517697,1.0
0.20515473852295107,1.0
0.19185700559935004,1.0
0.29054531090995006,1.0
0.16134847226876614,0.0
0.07635535644427449,1.0
0.7709540882524548,0.0
0.18445770825115693,1.0
0.4867932408097233,1.0
0.7800390759242313,1.0
0.6928622443696941,1.0
0.32848407923053013,1.0
0.573426476809797,1.0
0.5328627477191037,1.0
0.8237537647179094,1.0
0.11888904382830345,1.0
0.11060113409615902,1.0
0.5279447310743586,1.0
0.5026000438939171,1.0
0.18195058882462423,1.0
0.6311456154639536,1.0
0.6588049926599329,1.0
0.18424419890780452,1.0
0.6529689065465645,1.0
0.28736052247724775,1.0
0.2837171664860314,1.0
0.18025098526550432,1.0
0.12233598390840861,1.0
0.08158406500207604,1.0
0.20906403258639816,1.0
0.5642866505022974,1.0
0.6608056144919279,1.0
0.19836843884516897,1.0
0.062052429267080544,1.0
0.5316514008905036,1.0
0.6272891052630212,1.0
0.11729421969757814,1.0
0.1579629122859303,1.0
0.3151896265412777,1.0
0.7366466794088145,1.0
0.2678667189784849,1.0
0.2720734379626317,1.0
0.3596378443611954,1.0
0.25630227328913646,1.0
0.1210106841994536,1.0
0.298465278185716,1.0
0.908608353414782,1.0
0.2066638504002416,1.0
0.17462396382296275,0.0
0.8191774456536223,1.0
0.7701951366597299,1.0
0.0,0.0
0.17444406512726296,1.0
0.11102561982971615,1.0
0.39969872122909944,1.0
0.12546493633007616,1.0
0.6565193215641854,1.0
0.2318363837993873,1.0
0.11506059618728504,1.0
0.0,0.0
0.29112842733607813,1.0
0.11080779686315179,1.0
0.9934975011161726,0.0
0.5229692147925569,1.0
0.21489318509065658,1.0
0.6520341367936413,1.0
0.1272076140979772,1.0
0.4019835239980969,1.0
0.15416548231683036,1.0
0.5703772834013665,0.0
0.09394937805701353,1.0
0.5556836101868297,1.0
0.5509592304074431,1.0
0.2897554716942432,1.0
0.5919830736386271,1.0
0.6133952450173048,1.0
0.7313298526922378,1.0
0.39681387466422224,0.0
0.8175450693920672,1.0
0.6540968950074943,1.0
0.6225518686456195,1.0
0.36056666787655534,1.0
0.16340172790680985,1.0
0.5691898695787327,1.0
0.32243093643895104,0.0
0.11408819727454622,1.0
0.6035438109325102,1.0
0.2235071685240082,1.0
0.2787435289111855,1.0
0.47741210069607964,1.0
0.15791526735719108,1.0
0.33781580675026435,1.0
0.06452973447455301,1.0
0.634900889569844,1.0
0.503994822747805,1.0
0.0,0.0
0.13673072963683186,1.0
0.5334939522407343,1.0
0.27557043187794505,1.0
0.13305440123813117,1.0
0.0,0.0
0.1487161267297723,1.0
0.3810798079506523,1.0
0.7107018223850616,0.0
0.3966789018740964,1.0
0.7051018891357796,1.0
0.16892994516943727,0.0
0.5504632167580028,1.0
0.5747828992301973,1.0
0.0,0.0
0.2851388594676787,1.0
0.36816998699793757,1.0
0.6624903944729494,1.0
0.5007905719914496,1.0
0.33160795374138496,1.0
0.586931149604665,1.0
0.41392160328539473,1.0
0.4736043668496408,1.0
0.0,0.0
0.2034437196682677,1.0
0.0,0.0
0.1451037203848773,1.0
0.31088510275328085,1.0
0.23322620278688255,1.0
0.22294808113998466,0.0
0.7210054606338314,1.0
0.2798500142805236,1.0
0.09588604382240451,1.0
0.491613548686757,1.0
0.2673202843556828,1.0
0.7431436172000088,1.0
0.35444675095793876,1.0
0.5302307773112713,1.0
0.8966624331769415,1.0
0.8198811704645643,1.0
0.13773361202046974,1.0
0.0,0.0
0.4598592775862964,1.0
0.6116950152225331,1.0
0.0,0.0
0.1076673961334973,1.0
0.11040706806930745,1.0
0.25561497465934924,1.0
0.27791741504536427,1.0
0.11717091729900897,1.0
0.5088727613112085,1.0
0.10015819542878157,1.0
0.5322713911922343,1.0
0.8571166521390832,1.0
0.0,0.0
0.36403324334543763,1.0
0.22867864054375797,0.0
0.0,0.0
0.29998661066160537,1.0
0.0,0.0
0.5516460828693375,1.0
0.20530693579463266,1.0
0.17266718648960877,1.0
0.17528693029658404,1.0
0.3159715867921382,1.0
0.21308043695534584,1.0
0.0,0.0
0.6264781631062988,1.0
0.6890536862130685,1.0
0.5850431641576295,1.0
0.3852879094550401,1.0
0.174820680847382,1.0
0.45375614198247183,1.0
0.34557080494833103,1.0
0.5943812110553388,1.0
0.7211678297331603,1.0
0.17925607788285136,1.0
0.6679259488666327,1.0
0.28448069079946725,1.0
0.34253762956746847,1.0
0.2143405581376867,1.0
0.9021794832373629,1.0
0.6016243526422751,1.0
0.16038630620663907,1.0
0.6808795302863673,0.0
0.17156538588314252,1.0
0.20101716255725322,1.0
0.24627148371304974,1.0
0.30071881719018956,1.0
0.6423509600239057,1.0
0.46720715058355733,1.0
0.16330683819990766,1.0
0.8373186181586947,1.0
0.16665024131915818,1.0
0.8980471782551303,1.0
0.3779613164654245,1.0
0.5076164535638594,1.0
0.024854662784751014,0.0
0.2987442001437701,1.0
0.12610705195754468,1.0
0.10232585111544878,1.0
0.19194279888327692,1.0
0.0,0.0
0.4864548884880828,1.0
0.44028929442120157,1.0
0.17105876424192523,1.0
0.6795259659414574,1.0
0.5567204773589096,1.0
0.4189291886347539,1.0
0.5793796549847912,1.0
0.0,0.0
0.7604355891517618,1.0
0.24166263840917068,1.0
0.12340714198412117,1.0
0.8232910375941556,1.0
0.747106543445192,1.0
0.0,0.0
0.688561501004266,1.0
0.5451216907471061,1.0
0.15828104199782267,1.0
0.32212886076817826,1.0
0.6168177378979531,1.0
0.42619389733737423,1.0
0.5169899357958498,1.0
0.0720920431637504,1.0
0.4108519101629424,1.0
0.47875542218661327,1.0
0.19803130098052746,1.0
0.1836957895419089,1.0
0.39618073241342655,1.0
0.31672134092386806,1.0
0.0,0.0
0.6325992744743854,1.0
0.0,0.0
0.6062682951531979,1.0
0.11690929885224888,1.0
0.0,0.0
0.44503857357019605,1.0
0.6433877731756579,1.0
0.2028084256077478,1.0
0.20741939971269252,1.0
0.07081853194275167,0.0
0.9235596765827383,1.0
0.7778932514526287,1.0
0.46097624590035613,1.0
0.2275137541981911,1.0
0.2867177746118683,1.0
0.13913076076614583,1.0
0.6484153490474309,1.0
0.5336331566232042,1.0
0.21516362185574067,1.0
0.19384569494116066,1.0
0.25093488554649657,1.0
0.2113189571122427,1.0
0.7031052427997602,1.0
0.12064574187202082,1.0
0.38226175671679075,1.0
0.2600956497328988,1.0
0.07582994673312538,0.0
0.41960483588013675,1.0
0.30564596727183835,1.0
0.275989972750756,1.0
0.2532209357849151,1.0
0.30467274604966565,1.0
0.6370723216775751,1.0
0.5418511940624744,1.0
0.5896289427815398,1.0
0.46723453688899674,0.0
0.13577523808631664,1.0
0.15572955287501733,1.0
0.4220008504980415,1.0
0.15077469036520963,1.0
0.14778586667384364,1.0
0.19520729230888856,1.0
0.2364640001667988,1.0
0.3017808938485742,1.0
0.5931265019095422,1.0
0.5409677156104165,1.0
0.28618564837329696,1.0
0.9195929459059511,1.0
0.7407766465113053,1.0
0.47050183436977155,1.0
0.38426914209390084,1.0
0.2360702209880876,1.0
0.6403462776639386,1.0
0.16788299720396482,1.0
0.4044559983877374,0.0
0.26812786724831783,1.0
0.6320103128487147,1.0
0.0,0.0
0.21329272083755857,0.0
0.16423906999780113,1.0
0.8464308730911134,1.0
0.5805632203592581,1.0
0.5945225062245698,1.0
0.4502843185387819,1.0
0.48265125518467444,1.0
0.5577465614733357,1.0
0.6789770233749186,1.0
0.18770716301773627,1.0
0.08353074053413234,1.0
0.6078776187400541,1.0
0.4251666297776189,1.0
0.08295930350294878,1.0
0.1274832768295875,1.0
0.6253455218945434,1.0
0.19602446581045996,1.0
0.5440739904985503,1.0
0.5033534704075606,1.0
0.08092893147598534,1.0
0.0014947224625680988,0.0
0.44240325590279284,1.0
0.7283664885812868,1.0
0.199329683560594,1.0
0.5787841779073624,0.0
0.5169207167487917,1.0
0.4538305629870214,1.0
0.0,0.0
0.14480197183720023,1.0
0.45739874969211014,1.0
0.6989110255199922,1.0
0.7358140210803183,1.0
0.3224259165499719,1.0
0.05093023299574595,0.0
0.25156613808619577,1.0
0.566537414462525,1.0
0.2212248086742794,1.0
0.21015379266202494,1.0
0.49640524079570625,1.0
0.20509571431220008,1.0
0.8109978746892481,1.0
0.20535595223947167,1.0
0.5124506196557257,1.0
0.3512863947190463,1.0
0.4741454024407932,1.0
0.29724797011390613,1.0
0.3514607373239942,1.0
0.4261476819465688,1.0
0.20001590678570746,1.0
0.33266588584017587,1.0
0.5831113722262571,1.0
0.6426277591831528,0.0
0.5193494216680241,1.0
0.5939364546939649,1.0
0.2518163942573426,1.0
0.7975441580691371,1.0
0.3679633832531546,1.0
0.6304873917750373,1.0
0.0,0.0
0.44477358885671325,1.0
0.22949010189585328,1.0
0.1975723972955299,1.0
0.12785786978854352,1.0
0.9107392162563381,0.0
0.24626330163414156,1.0
0.0,0.0
0.0,0.0
0.34675975534917836,1.0
0.19312186956639588,1.0
0.5570314263687113,1.0
0.5470912588936301,1.0
0.14586466972935463,1.0
0.22023198507575215,1.0
0.3792509457516351,1.0
0.0,0.0
0.41211575274564227,1.0
0.9398191239965406,1.0
0.5983528875932485,1.0
0.0,0.0
0.758850712764362,1.0
0.5056757622836714,1.0
0.3267448037429035,1.0
0.16804044445120647,1.0
0.5695868449601718,1.0
0.4426914503500754,1.0
0.49012644809229045,1.0
0.721346274881892,1.0
0.8096161747569446,0.0
0.3359676722991183,1.0
0.5479454653306584,1.0
0.8256423703983384,1.0
0.20523368523051833,1.0
0.27017085002069186,1.0
0.23168272397735024,1.0
0.57029488239395,1.0
0.1003414743964739,1.0
0.7673799062913575,1.0
0.13604311388771295,1.0
0.7351289462873591,1.0
0.4339013156311706,1.0
0.21511796067348365,1.0
0.19795894875445752,1.0
0.0,0.0
0.6735834707864736,1.0
0.0,0.0
0.2606308431256372,1.0
0.14946560075609883,1.0
0.4771545467787983,1.0
0.38921377475422636,1.0
0.09931882357399235,1.0
0.08854738729329092,1.0
0.12324878239356574,1.0
0.07558810772935054,1.0
0.6411633631323834,1.0
0.48786481904354106,1.0
0.7422647184712958,0.0
0.08917323379870545,1.0
0.9016808215914836,1.0
0.09687950165959514,1.0
0.4585578758701323,0.0
0.3238398896266266,0.0
0.17683332320268752,1.0
0.07917528358003612,1.0
0.7640933965810399,1.0
0.20097915225401408,1.0
0.7396323709215453,1.0
0.658958389382966,1.0
0.2177603610060861,1.0
0.0,0.0
0.6007562909915438,1.0
0.12292522764023595,0.0
0.0,0.0
0.3869847509748072,1.0
0.21540054701043942,1.0
0.2042408096124162,1.0
0.5145076217035394,0.0
0.6642094873658859,1.0
0.3959678763158898,1.0
0.31069528132366697,1.0
0.5057646667383291,1.0
0.0,0.0
0.37647211808156156,1.0
0.18297396492002527,1.0
0.3558463946424575,1.0
0.6812946034779941,1.0
0.36212109380547775,1.0
0.33895300867821243,1.0
0.1034435807159797,1.0
0.15436478931585462,1.0
0.7961045183341442,1.0
0.4276981693934445,1.0
0.4479183672336715,1.0
0.45032508387873804,1.0
0.08308512284864289,1.0
0.7635778945981593,1.0
0.17180275820611035,1.0
0.17895040285764496,1.0
0.8971109189416864,1.0
0.7264759921893851,1.0
0.20544463160943005,1.0
0.7938011625836792,1.0
0.533821286416257,1.0
0.1673215159191188,1.0
0.6190617153044076,1.0
0.4135825937164328,1.0
0.5272786124145732,1.0
0.5497876355374651,1.0
0.25508483016650674,1.0
0.3406009007783619,1.0
0.086640517740185,1.0
0.15881863229251314,1.0
0.08298532429454664,1.0
0.16486837480457073,1.0
0.08046205979263821,1.0
0.1165365065708861,1.0
0.5833210621323595,1.0
0.6881750465818537,1.0
0.9426865289981752,1.0
0.2917441290240075,1.0
0.10300403431510885,1.0
0.29814493163963096,1.0
0.49786907563529237,0.0
0.07165480563170412,1.0
0.25279068088042456,1.0
0.3895832177752654,1.0
0.4732961388637582,1.0
0.9698573253416689,1.0
0.0,0.0
0.24380465544804064,1.0
0.2872992674270338,1.0
0.5809379603735505,1.0
0.7259783139135472,1.0
0.252638772717535,1.0
0.10984739446468961,1.0
0.3264952048190781,1.0
0.3512861826392406,1.0
0.32362608917373015,1.0
0.4231515224947633,1.0
0.1316276663592233,0.0
0.43798380686854044,1.0
0.2842067317089354,1.0
0.48224045660157877,1.0
0.10639236834181443,1.0
0.4917525770029738,1.0
0.5403013568602852,1.0
0.605713863521129,1.0
0.33723714299967344,1.0
0.7560232688000261,1.0
0.0,0.0
0.221433676270947,1.0
0.52820510405245,1.0
0.19375371733007762,1.0
0.7851324145424599,1.0
0.6418285354360562,1.0
0.6342391345520926,1.0
0.19538672282841363,1.0
0.13051729452741334,1.0
0.14806960644483524,1.0
0.22324888733305448,1.0
0.5350967903871258,1.0
0.6043711362542012,1.0
0.27942970711935944,1.0
0.3199879931618388,1.0
0.24193434465195818,1.0
0.6485419426844903,0.0
0.13119629903613106,1.0
0.5943524462311642,1.0
0.7180634145448295,0.0
0.4777079250144749,1.0
0.27197782598394005,1.0
0.10926779036024481,1.0
0.8378907604552688,1.0
0.0,0.0
0.20362298212455032,1.0
0.21981379771226495,1.0
0.5305454277139035,1.0
0.5141967937392873,1.0
0.6006282728184331,1.0
0.4220904432116903,1.0
0.1031325046583702,1.0
0.14138615046703462,1.0
0.3919005017669144,1.0
0.21735456530556974,1.0
0.7914742259597545,1.0
0.19811632797610113,1.0
0.30830982367834014,1.0
0.4613998222917286,1.0
0.3426610990289034,1.0
0.49495937671849966,1.0
0.34156728742869236,1.0
0.3712062825529183,1.0
0.23243661366528556,1.0
0.0,0.0
0.40612610284637496,1.0
0.7325642471936544,1.0
0.20557298190751894,1.0
0.16452353904321804,1.0
0.1142156792458846,1.0
0.0,0.0
0.6045881829286479,1.0
0.5243107366058739,1.0
0.7283593759047937,1.0
0.11239967488525959,1.0
0.4912122086629078,1.0
0.2839058274789745,1.0
0.2867282125396504,1.0
0.2238468563481968,1.0
0.875660401133286,1.0
0.3563836358057699,1.0
0.28686508704539015,1.0
0.6287487845388733,1.0
0.2578614610099166,1.0
0.5092557214187141,1.0
0.1351327933349995,1.0
0.2375243161626477,1.0
0.5330319884042045,1.0
0.20084980458061397,1.0
0.22653542705466512,1.0
0.08545218157047252,0.0
0.5816551192397146,1.0
0.4548364835139096,1.0
0.6389452394546615,1.0
0.19257024999250172,1.0
0.20532315189673556,1.0
0.2747814389807073,1.0
0.19460938231595604,1.0
0.5413309212843482,1.0
0.34046386921352134,1.0
0.6844051009550842,1.0
0.771328865280676,1.0
0.1702821600065283,1.0
0.7595029662066803,1.0
0.09570921228087226,1.0
0.3024637448047063,1.0
0.5201789958359537,1.0
0.3941380037366682,1.0
0.0,0.0
0.27247021827066487,1.0
0.40384562070322483,1.0
0.3162018164273195,1.0
0.36566913793093425,1.0
0.3690300396348847,1.0
0.11250257160519261,1.0
0.5615441545037956,1.0
0.0,0.0
0.24845788845496752,0.0
0.5082261019739467,1.0
0.5288205096289529,1.0
0.28016414448740656,1.0
0.0,0.0
0.19105190464066446,1.0
0.15777138021260262,1.0
0.09062921068135044,1.0
0.1232464665221058,1.0
0.6111510645344334,1.0
0.36865028073198935,1.0
0.23568014120145397,1.0
0.3214696116934106,1.0
0.6944155418739917,1.0
0.1826772532677272,1.0
0.2099422500587549,1.0
0.3265230322905275,1.0
0.0,0.0
0.11833599271572304,1.0
0.2826505871332876,0.0
0.2917334700130323,1.0
0.7042526035504637,1.0
0.5406892578270308,1.0
0.3167941793328888,1.0
0.07399243627977947,1.0
0.6145582086393526,1.0
0.11615518207886133,1.0
0.9475576820081821,1.0
0.8053449154863523,1.0
0.7242842294312504,0.0
0.21047315383731613,1.0
0.3833648248002075,1.0
0.0,0.0
0.25577447067754155,1.0
0.23253952038898262,1.0
0.9955112778983617,1.0
0.0,0.0
0.66686818583146,1.0
0.2194544905053224,1.0
0.12387002716735296,1.0
0.12736688403109397,1.0
0.3040522865713844,1.0
0.21030071895023994,1.0
0.31005820359195324,1.0
0.23416020024919382,1.0
0.5823546344665949,1.0
0.29771598622790174,1.0
0.10583554280892349,1.0
0.469460888662943,1.0
0.8399827496687173,1.0
0.5052205169753172,1.0
0.2776831478908681,1.0
0.21173206256341048,1.0
0.0,0.0
0.6106623166190812,1.0
0.11245330806737242,1.0
0.06406443438259357,1.0
0.4323556399949742,1.0
0.1587094992258491,1.0
0.23238550743406172,1.0
0.4856955897647328,1.0
0.7427696854898804,1.0
0.45868007685424006,1.0
0.24314629070604665,1.0
0.3173791554588199,1.0
0.3764716869193161,1.0
0.3867527376684321,1.0
0.08668340487857229,1.0
0.519306003329747,1.0
0.6928281225296797,1.0
0.2680493897173015,1.0
0.17722725944050044,1.0
0.331418653507896,1.0
0.2581701831817611,1.0
0.2308687296721068,1.0
0.3142913435182746,1.0
0.093358321643076,1.0
0.08381246554697297,1.0
0.16572677582001427,1.0
0.42830232773762544,1.0
0.12473133427635696,1.0
0.5019965287917878,1.0
0.5493184639886803,1.0
0.5578115469272968,1.0
0.2981101125372376,1.0
0.3744829445575544,1.0
0.662881939811069,1.0
0.5153258005834336,1.0
0.6139106909791048,1.0
0.34876062827565946,1.0
0.5251318305827164,1.0
0.31063535577374246,1.0
0.18814378731902437,1.0
0.7728412914051148,1.0
0.4053299342489276,1.0
0.41491739500082137,1.0
0.26373811538908276,1.0
0.4552217684962634,1.0
0.17287838896488905,1.0
0.5867706221983622,0.0
0.16976521147931445,1.0
0.541784189848856,1.0
0.15684492458827748,1.0
0.3516044273944239,1.0
0.10868786013308052,1.0
0.3578270549629554,1.0
0.8601447165967109,1.0
0.13207010084687854,1.0
0.11458395582799419,1.0
0.38584055241403314,1.0
0.5036965835206821,1.0
0.12741985396362665,1.0
0.48414872768207795,1.0
0.30941968531816544,1.0
0.09223481887010587,1.0
0.12843491493005343,1.0
0.3204410086311067,1.0
0.31997647682825425,1.0
0.5910518452183036,1.0
0.30249881900309195,1.0
0.2945139272963275,1.0
0.09009718848192882,1.0
0.30816201605848104,1.0
0.49453660262903254,1.0
0.1349393035249773,1.0
0.5436958492043598,1.0
0.4026910432368793,1.0
0.27511057283344664,0.0
0.09230136791244403,1.0
0.517901489812715,1.0
0.35233335668978905,1.0
0.21246321869673235,1.0
0.27024588325562293,1.0
0.0,0.0
0.3747291281962113,1.0
0.587213901003734,1.0
0.7845897443362033,0.0
0.4166047039334857,1.0
0.1744510317487964,1.0
0.5188858112118728,1.0
0.37334520342670396,1.0
0.659948692032863,1.0
0.13086135799815368,1.0
0.7419524649706162,1.0
0.14755316910998273,1.0
0.3871992216799187,1.0
0.16027881275696165,1.0
0.013768916229408124,0.0
0.6090592003680393,0.0
0.6210958687543164,1.0
0.0,0.0
0.6224155583521922,1.0
0.34690534413409235,1.0
0.4790340590373816,1.0
0.5045419886457854,1.0
0.16291736264064438,1.0
0.11000263888300887,1.0
0.0,0.0
0.3512926850861051,1.0
0.14122664244432492,1.0
0.20931353047220336,1.0
0.1290397165162851,1.0
0.9095730794402206,1.0
0.057012777851292995,1.0
0.0,0.0
0.0,0.0
0.2166813619798318,0.0
0.15083750400191853,1.0
0.8345050194042969,1.0
0.44486599062740684,1.0
0.2682406676950131,1.0
0.2649623920831785,1.0
0.18605433506022884,1.0
0.0,0.0
0.42746214757867174,1.0
0.22557165238722154,1.0
0.43004989334481536,1.0
0.8291313763077728,1.0
0.8330471598131908,1.0
0.4564233716583317,1.0
0.11040666691835455,1.0
0.7376919337369734,1.0
0.6185504739247873,1.0
0.6416840750757671,1.0
0.21715891368205975,1.0
0.2307745032147852,1.0
0.2180133452037869,1.0
0.4310143902840493,1.0
0.8732103711894679,1.0
0.10645612833463636,1.0
0.15227626040451403,1.0
0.3186584618605397,1.0
0.5873232681584848,1.0
0.21408803411314858,1.0
0.1493389941141463,1.0
0.3156120444967323,1.0
0.5194485119556003,1.0
0.8342748527928312,1.0
0.4642624334894596,0.0
0.6292650978270471,1.0
0.4380630486871575,1.0
0.7036807133487519,1.0
0.39067059795534,1.0
0.0,0.0
0.32907327494428795,1.0
0.7759329728017326,1.0
0.0,0.0
0.6481546029289276,1.0
0.058841963171899714,1.0
0.0,0.0
0.1590602672194943,1.0
0.3554811482005866,1.0
0.36045775489270815,1.0
0.30841366175250373,1.0
0.9180821283868301,1.0
0.20924893216392437,1.0
0.25598702966327513,1.0
0.1496680679442992,1.0
0.4601659719950959,1.0
0.8273235000057282,0.0
0.9755788633506999,1.0
0.7628028749590441,1.0
0.8584400221218842,1.0
0.0,0.0
0.12603284003167126,1.0
0.11088152760795733,1.0
0.26982167562671666,1.0
0.2026859785310351,1.0
0.7828764296175885,1.0
0.8218191337181993,1.0
0.45192299116965406,1.0
0.15432721117523807,1.0
0.7577462431535524,1.0
0.6308471801630482,1.0
0.2734927650539971,1.0
0.9292157439552349,1.0
0.7951917128463526,0.0
0.0,0.0
0.5626461781942083,1.0
0.64121424928079,1.0
0.8747403859324856,1.0
0.3814602671170557,1.0
0.8233757414681389,1.0
0.2311840543284598,1.0
0.19269274608766018,1.0
0.3701330637017377,1.0
0.845093770940911,1.0
0.06500287551705419,1.0
0.10289240630960217,1.0
0.23756504949055834,1.0
0.1935425808796425,1.0
0.44771046399989256,1.0
0.18201665568551784,1.0
0.2027343757428577,1.0
0.3152457526614807,1.0
0.8929977981784569,1.0
0.11772467767848571,1.0
0.0,0.0
0.0766939978747061,1.0
0.5335373045541663,1.0
0.1880123108445586,1.0
0.0,0.0
0.07412412783518008,1.0
0.6217778533844505,1.0
0.5808536646531555,1.0
0.2759556228249136,1.0
0.7789700636559838,1.0
0.8620060240048271,1.0
0.38657436354642805,1.0
0.0,0.0
0.6056567320226036,1.0
0.3732227333413336,0.0
0.07140022983508665,1.0
0.09540141545723513,1.0
0.45550371259154465,1.0
0.10624455371931996,1.0
0.5143822685332666,1.0
0.43124454289024516,1.0
0.6801779762923004,1.0
0.32392706142928906,1.0
0.33482157202273033,1.0
0.6059352978466443,0.0
0.23303679151160894,1.0
0.08804596760956551,1.0
0.2943352740692968,1.0
0.1796623527636827,1.0
0.1978447827939207,1.0
0.0,0.0
0.3712575068285622,1.0
0.3984703189825627,0.0
0.18833517033626235,1.0
0.14143009600369627,1.0
0.15541229148987545,1.0
0.19415603872321574,1.0
0.2829015765803655,1.0
0.3185804785154849,1.0
0.7856679460624356,1.0
0.7084240612658301,1.0
0.0,0.0
0.6444000300869215,1.0
0.20259427702385002,1.0
0.668528487601356,1.0
0.14877293710746065,1.0
0.3942909602940676,1.0
0.38603638510567917,1.0
0.08789927640981343,1.0
0.7947514831883726,1.0
0.5087623077476433,1.0
0.415981351366538,1.0
0.27764061588611755,1.0
0.345970553373264,1.0
0.16299213077581864,1.0
0.6988407950923525,1.0
0.7002542899890685,1.0
0.25064797458218724,1.0
0.5602077646216195,1.0
0.4792976522272352,1.0
0.25839694751295195,1.0
0.19938663499136045,0.0
0.19869657432222088,1.0
0.08583625209582735,1.0
0.0,0.0
0.6509897487914804,1.0
0.34593108752230384,1.0
0.0,0.0
0.19914785813987024,1.0
0.39913621155727297,1.0
0.3727563738507236,1.0
0.40269221567806746,0.0
0.11183042567735191,1.0
0.09167134083388451,1.0
0.639823372895397,1.0
0.31833882358097476,1.0
0.13382994707525464,1.0
0.18535866127888045,1.0
0.10965328342089808,1.0
0.9517029388641918,0.0
0.44757585634716746,1.0
0.3989757681825914,1.0
0.13565281401826246,1.0
0.06119791371373262,1.0
0.0,0.0
0.21289621763379918,1.0
0.27159889039085483,1.0
0.23058542606524313,1.0
0.2873126154498813,1.0
0.6978930824690401,1.0
0.5460473710796898,1.0
0.0,0.0
0.17955497535767195,1.0
0.6027341292501025,1.0
0.5691894084051934,1.0
0.2893946899324269,1.0
0.570459779444545,1.0
0.41559429471750775,1.0
0.23309521649687248,1.0
0.34344025022271873,1.0
0.0,0.0
0.1778183638725066,1.0
0.9230029090716809,0.0
0.4462869193214538,1.0
0.36596083469613516,1.0
0.1666455445517694,1.0
0.3387829486848073,1.0
0.32003490581502314,1.0
0.17085317988073578,1.0
0.25182765949644104,1.0
0.0,0.0
0.44862858548809026,1.0
0.0,0.0
0.56185626895215,1.0
0.18951963404877326,1.0
0.09467811828123107,1.0
0.4123731145906473,0.0
0.875652066997159,1.0
0.4203479815250999,1.0
0.7456087718352329,1.0
0.27125754294215154,1.0
0.6603408165889415,1.0
0.3743957787571506,1.0
0.2256524487908278,1.0
0.3734487583943351,1.0
0.1563654291546257,1.0
0.5525445379570884,1.0
0.38592664080900985,1.0
0.08539557126807296,0.0
0.10584536250406495,1.0
0.07110398235745707,1.0
0.9024076781068637,0.0
0.24277900149548381,1.0
0.8361147111296834,1.0
0.12809338941434323,1.0
0.6299892133109797,1.0
0.0945212612560895,1.0
0.16961018314230625,0.0
0.38850141169271835,1.0
0.8718160565102488,0.0
0.07990602955901727,1.0
0.3910565331823799,0.0
0.2979177881657691,1.0
0.7502341033428537,1.0
0.488338147156437,1.0
0.4626873537885432,1.0
0.29342354198542564,1.0
0.14699133569262957,1.0
0.2878658996501722,1.0
0.40319622933790367,1.0
0.14474428813087936,1.0
0.4336455603907292,1.0
0.356625192703389,1.0
0.4766368129560785,1.0
0.0,0.0
0.4266330565925629,1.0
0.10097574607227111,1.0
0.34094212818189273,1.0
0.22429505500490343,1.0
0.24505592630001072,1.0
0.3594285716120691,1.0
0.42742901611133366,1.0
0.686172976204773,1.0
0.21444295566977578,1.0
0.2356370399825085,1.0
0.4268239814373911,1.0
0.0,0.0
0.47730600177116056,1.0
0.33266224446993187,1.0
0.0,0.0
0.5298220284995026,1.0
0.24114588595573938,1.0
0.7198020337855113,1.0
0.2995253130757849,1.0
0.258260446147625,1.0
0.6001686338567516,1.0
0.20484831921767332,1.0
0.49112805199483756,1.0
0.45836629177722976,1.0
0.4259105847271223,1.0
0.3718834653761376,1.0
0.8598464203481306,0.0
0.29597890556618545,1.0
0.8603595784490108,1.0
0.4126224234053053,1.0
0.16175349367791725,1.0
0.23382418180578934,1.0
0.8765693581729113,1.0
0.48582435721979733,1.0
0.5287474471356095,1.0
0.7690641780811474,1.0
0.19468469365553798,1.0
0.154499554027681,1.0
0.1295476166385936,0.0
0.31502308187068495,1.0
0.0,0.0
0.4531295551984913,1.0
0.0,0.0
0.09375536605048973,1.0
0.42589945653959616,1.0
0.5747101568573152,1.0
0.2707848980863652,1.0
0.9428485449646216,1.0
0.25523824689706887,1.0
0.1128838160671024,1.0
0.5774870037820361,1.0
0.6291930817274611,1.0
0.22244109035986126,1.0
0.0960838482560149,1.0
0.28740163794895857,1.0
0.12394000650050607,1.0
0.4767768336457241,1.0
0.4249892410264091,1.0
0.3319944081637973,1.0
0.3367168432113834,1.0
0.0,0.0
0.18815480946664742,1.0
0.5487160242912248,1.0
0.15300154232737606,1.0
0.07649009114480787,1.0
0.154604573546421,1.0
0.3343286875507969,1.0
0.9012157555876112,1.0
0.19484467885780932,1.0
0.11593422493290806,1.0
0.5642906059907435,1.0
0.5539625425507992,1.0
0.37619900430912256,1.0
0.3104199627215518,1.0
0.46972178683866517,1.0
0.1787412151405161,1.0
0.6452377493198314,1.0
0.5290210440898697,1.0
0.11382093570428475,1.0
0.12145455022579554,1.0
0.7771580768071442,1.0
0.5253854920352672,1.0
0.240087948855066,1.0
0.8149857593262486,1.0
0.5144921288736031,1.0
0.5201059593523985,1.0
0.3794662437680638,1.0
0.12933012179550163,1.0
0.672711349608146,1.0
0.43383195753178727,1.0
0.3006413520401314,1.0
0.07757357485864569,1.0
0.4384058526839594,0.0
0.4864793456913046,1.0
0.11216816476823377,1.0
0.2645899899486275,1.0
0.2555330348254716,1.0
0.4502754231914716,1.0
0.9752157787223172,1.0
0.5277581968817282,1.0
0.45759611796159305,1.0
0.2932423367980945,1.0
0.17449197415538276,1.0
0.32261217163757516,1.0
0.0969287291838632,1.0
0.3620366300218407,1.0
0.5448486169897246,1.0
0.8746224025354516,1.0
0.4125424162987108,1.0
0.4205959348296804,1.0
0.36103582141856405,1.0
0.09690003738716868,1.0
0.283365687224737,1.0
0.3473807120145507,1.0
0.3612777064396555,1.0
0.10930989620463194,1.0
0.1190263134827374,1.0
0.3458268342919171,0.0
0.23976129593589945,0.0
0.2099453372204505,1.0
0.44712110622515144,1.0
0.09256967987796827,1.0
0.14675089621549509,1.0
0.6397334890722046,1.0
0.4888997004683864,1.0
0.34183645471607305,1.0
0.0,0.0
0.30076863293580525,1.0
0.9082265777529814,1.0
0.07671777482194786,1.0
0.5149710370862843,1.0
0.0,0.0
0.0,0.0
0.17820796747995482,1.0
0.557694090728647,1.0
0.688293970332742,1.0
0.18061621670172867,1.0
0.1249028598212476,1.0
0.08032984904186469,1.0
0.6195186592519577,1.0
0.2725491309654333,1.0
0.25860925140269364,1.0
0.0,0.0
0.7456575001716574,1.0
0.16443979252948893,1.0
0.2519137018741011,1.0
0.72589290577455,1.0
0.14020704577111642,1.0
0.3443041302999279,1.0
0.2930201621940136,1.0
0.24085938414539454,1.0
0.7654932963619272,1.0
0.6820264508714367,1.0
0.21657559317913755,1.0
0.38799795624293587,1.0
0.5835664194600763,1.0
0.7396172182195988,1.0
0.38832547248697136,1.0
0.19466015742257792,1.0
0.0,0.0
0.5715457040768985,1.0
0.24162767125106388,1.0
0.658345695826994,0.0
0.7860995884890487,1.0
0.5454247727965784,1.0
0.38793440132728474,1.0
0.07694181612846762,1.0
0.6845881148230197,1.0
0.20247014331245827,1.0
0.5005850526547286,1.0
0.7808751525390254,1.0
0.15355342500027414,1.0
0.6963391477249496,1.0
0.4750322791716197,1.0
0.31655049363420407,1.0
0.13029869626910706,1.0
0.21561125229862865,1.0
0.11260259524398775,1.0
0.23209824833875148,1.0
0.34876997779387375,1.0
0.2604538005046759,1.0
0.905410597102279,0.0
0.0,0.0
0.38543628728947077,1.0
0.30555872444244914,1.0
0.6514190093217889,1.0
0.09031163617838223,1.0
0.5317275825575885,1.0
0.231946107088151,1.0
0.12875418907259384,1.0
0.0,0.0
0.0,0.0
0.1094117725405952,1.0
0.10598170180840905,1.0
0.9529611223173671,1.0
0.2689591500592079,1.0
0.5618688246768571,1.0
0.1900107448532773,1.0
0.41939729078112364,1.0
0.14121311435371853,1.0
0.4421109299008106,1.0
0.1123760099801796,1.0
0.0,0.0
0.3195476934775079,1.0
0.0,0.0
0.21927353341134914,1.0
0.7068898859571955,0.0
0.16279437736140645,1.0
0.26787301034592037,1.0
0.0,0.0
0.19438923547492015,1.0
0.13852025603382545,1.0
0.38002495100903966,1.0
0.17799559456423886,1.0
0.3940506508658701,1.0
0.4501786087602979,1.0
0.1721516064773656,1.0
0.2681958698376241,1.0
0.5010760224061555,1.0
0.22848453250109557,1.0
0.41726912995633336,1.0
0.13384701749883776,1.0
0.23673749708341507,1.0
0.19519044096774563,1.0
0.44503200209735727,1.0
0.4169000060553789,1.0
0.11809917560167982,1.0
0.0,0.0
0.8448088867392713,1.0
0.7038827133611552,1.0
0.11066104063893167,1.0
0.20017062400564267,1.0
0.5291978676283908,1.0
0.08351008276063254,1.0
0.6998271882711191,1.0
0.2870225663046777,1.0
0.31484016103775847,1.0
0.33385967806299544,1.0
0.5414764620511936,1.0
0.7141588212502774,1.0
0.09979715456946714,1.0
0.1853759397807635,1.0
0.39743138103125064,1.0
0.7903508362293223,1.0
0.1220794143615449,1.0
0.13573465181374278,1.0
0.9116353334643468,0.0
0.255110207716053,1.0
0.1443612169815891,1.0
0.4012811166829269,1.0
0.490451254316548,1.0
0.14544863617634451,1.0
0.18100899050211705,1.0
0.856309781514474,1.0
0.3336024022503645,1.0
0.21577520399348726,1.0
0.8679652094403467,1.0
0.7120428480116643,1.0
0.2373198432196837,1.0
0.2638648370743262,1.0
0.5118105117837737,1.0
0.08406347300082695,1.0
0.10234547349933232,1.0
0.5279100020058447,1.0
0.4059535939314429,1.0
0.4346071462345211,1.0
0.22255998810096234,1.0
0.10440866887768996,1.0
0.27114770461009696,1.0
0.4463369921638143,1.0
0.6922308997953621,1.0
0.6877110739894312,1.0
0.2806398334887019,1.0
0.3072113013054696,1.0
0.7205770594268852,1.0
0.7641680896879812,1.0
0.49798853458757675,1.0
0.06999808821059572,1.0
0.36264163868599564,1.0
0.22309756839188832,1.0
0.43178773029112083,1.0
0.3492600922234437,1.0
0.3149393293546967,1.0
0.09112584856568962,1.0
0.22747336600015222,1.0
0.1458508775393672,1.0
0.3047131152405518,1.0
0.8119156720554783,1.0
0.19776210868373578,1.0
0.6272401348354983,1.0
0.1857872535577263,1.0
0.1018207190347522,1.0
0.410163109968118,1.0
0.46939113741561833,0.0
0.05554443831659395,1.0
0.7477856880066107,1.0
0.7786061137019797,1.0
0.5779333567442095,1.0
0.26229234934876766,1.0
0.2931558572559294,1.0
0.502863146899315,0.0
0.6387977259454756,1.0
0.3549384349781439,1.0
0.1522978935450432,1.0
0.07029922452789084,1.0
0.8218714404011513,0.0
0.068603877570526,1.0
0.39295274172375816,1.0
0.5327581143456701,1.0
0.7717378761910725,1.0
0.3606260392179319,1.0
0.5418063381832519,1.0
0.5965099560999705,1.0
0.5901226565655429,1.0
0.44949327086833435,1.0
0.1170844077455504,1.0
0.3307151767903109,1.0
0.5224167499005707,1.0
0.1671885398803683,1.0
0.20896333469388173,1.0
0.30787186487488016,1.0
0.3582127881139545,1.0
0.8241915524569978,0.0
0.1798345205502483,1.0
0.3707737177792265,1.0
0.7805484315942604,1.0
0.7874986939710422,1.0
0.21176238697445626,1.0
0.15074719701949135,1.0
0.911581470195653,1.0
0.5158351552530864,0.0
0.3260592337636057,1.0
0.5511253459165433,1.0
0.35563908963378976,1.0
0.4136794001445949,1.0
0.6526184566726276,1.0
0.13495125102080818,1.0
0.4637748920280953,1.0
0.4048072155504041,1.0
0.22672159110801227,1.0
0.2447738751644506,1.0
0.213830727288848,1.0
0.4135800867730728,0.0
0.5489443021919702,1.0
0.21164278696909378,1.0
0.10095516832888718,1.0
0.1059406683675661,1.0
0.06711070769219374,1.0
0.5896819917438112,1.0
0.11149740236101113,1.0
0.9687904788884154,0.0
0.3138112358542404,1.0
0.7916574539082486,1.0
0.08448494960205055,1.0
0.17160509082407183,1.0
0.43813259685806516,1.0
0.6911437597056334,1.0
0.30762375451119883,1.0
0.10328671968933234,1.0
0.1722129675674826,1.0
0.18080201861880418,1.0
0.40247977473675345,1.0
0.22090395993922085,1.0
0.23816749218914346,1.0
0.7440713182930025,1.0
0.41953798872561965,1.0
0.21340369959875494,1.0
0.8613649337632103,0.0
0.44996726223080996,1.0
0.6893809553641228,1.0
0.2146979026060527,1.0
0.08291150351586163,1.0
0.6035477334085342,1.0
0.646988852258116,1.0
0.8050196480885559,0.0
0.16116949491976884,1.0
0.3384875865403276,1.0
0.6824579682509948,1.0
0.19495730123749855,1.0
0.19110569988376058,1.0
0.4304303184984204,1.0
0.2274889478635922,1.0
0.19841177815370736,1.0
0.1250846642340666,1.0
0.1361760999302275,1.0
0.4144839839086609,1.0
0.1726487805634771,1.0
0.2194579618115715,1.0
0.08920801088528796,1.0
0.4559985047813506,1.0
0.35338193126735407,1.0
0.3336542937770939,1.0
0.8347585868214624,0.0
0.06243526632828411,1.0
0.21012926043057067,1.0
0.37040964377854424,1.0
0.6468478121848773,1.0
0.4246639056030146,1.0
0.15005059588918268,1.0
0.4878460589841498,1.0
0.21245924320075726,1.0
0.27229097782266365,1.0
0.17942228842771302,1.0
0.2304170517061399,1.0
0.37465305557015816,1.0
0.210587535879164,1.0
0.11159678275775464,1.0
0.9557022728095559,1.0
0.6524755538984564,1.0
0.312283320901372,1.0
0.9380613505481494,1.0
0.13535877437143728,1.0
0.0,0.0
0.228451529081942,1.0
0.6679299213614782,1.0
0.9504588977327582,0.0
0.7415660395591201,1.0
0.15185116544170452,1.0
0.5162084977414914,1.0
0.09678804324388457,1.0
0.30027017936822586,1.0
0.7620255714605153,1.0
0.26183049155214055,1.0
0.13456658427109458,1.0
0.24326113992369214,1.0
0.4350651865946502,1.0
0.5035095331338084,1.0
0.5726994642356926,1.0
0.5395705028406481,1.0
0.6091884830169705,1.0
0.0,0.0
0.3745005131686048,1.0
0.25619313221946083,1.0
0.24154826036882815,1.0
0.24507039174334277,1.0
0.17497392051131433,1.0
0.5506407625683134,1.0
0.21463427166179194,1.0
0.100474345395698,1.0
0.731768853887949,0.0
0.7488248470411163,1.0
0.118162374383318,1.0
0.47857712609397174,1.0
0.4454945641589987,1.0
0.2293468449884224,1.0
0.5727313302268331,1.0
0.6211710710528657,1.0
0.41586139222603347,1.0
0.7630030802961123,1.0
0.4744908824445728,1.0
0.3769230577697158,1.0
0.07418782880579178,1.0
0.29591482045102113,1.0
0.6725760887096053,1.0
0.2792337663870579,1.0
0.8191554003579995,1.0
0.3033708781580797,1.0
0.4285965144397874,1.0
0.6888940791530911,1.0
0.3354631274393922,1.0
0.19460332603698438,1.0
0.12597311855854043,1.0
0.1955017501130656,1.0
0.22780203567822355,1.0
0.9151736429266597,1.0
0.5749273505870987,1.0
0.4629276962291633,1.0
0.11328748196617644,1.0
0.355293842717721,1.0
0.5251405418607615,1.0
0.2184451656974069,1.0
0.407638303886114,1.0
0.16550648092326492,1.0
0.3436569417635287,1.0
0.2071126662892122,1.0
0.5530306648861658,1.0
0.8953104504271852,1.0
0.2834582500560381,1.0
0.5452368190697792,1.0
0.22284790244284114,1.0
0.2832619611927347,1.0
0.6358947195470708,1.0
0.8285900936236401,1.0
0.5076933424970882,1.0
0.0729505002002746,1.0
0.20337744272832126,1.0
0.5265400945110246,1.0
0.7142293517908493,1.0
0.4151025616788573,1.0
0.21415621476946178,1.0
0.5062040620823574,1.0
0.18207343004965404,1.0
0.905783992610635,1.0
0.13923846629562853,1.0
0.0,0.0
0.5704668661112504,1.0
0.0,0.0
0.33150292922076297,1.0
0.4256051287843561,0.0
0.6243424514401346,1.0
0.15958006982069373,1.0
0.5836605538827655,1.0
0.0,0.0
0.4594780481300331,1.0
0.08582834512044046,1.0
0.05627561445744478,1.0
0.5628091145069796,1.0
0.0,0.0
0.2817875363681477,1.0
0.353802410493266,0.0
0.38605120168114126,1.0
0.5552800303201293,1.0
0.0,0.0
0.2850438107009228,1.0
0.874605432149512,0.0
0.4946738782857252,0.0
0.33631449780921097,1.0
0.3273482618235759,1.0
0.13666775694026878,1.0
0.19656489917499487,1.0
0.11122614528724561,1.0
0.1816494375016826,1.0
0.2712906824125012,1.0
0.2153312739430535,1.0
0.5039386886245905,1.0
0.0,0.0
0.015616581504003246,0.0
0.30883218324172157,1.0
0.31804677068176046,1.0
0.6504970043722484,1.0
0.38301427388825005,1.0
0.38805488866655,1.0
0.32395128154329367,1.0
0.16585543523442325,1.0
0.2400341366055705,1.0
0.2346729051795462,1.0
0.33172539093288256,1.0
0.6609202376244978,1.0
0.641870609268397,1.0
0.3497770067378583,1.0
0.10853761759696434,1.0
0.1719492343249276,1.0
0.6105572890973296,1.0
0.3245656777399679,1.0
0.34740663276850414,1.0
0.08933035892473296,1.0
0.6618876686678319,1.0
0.41980723504273953,1.0
0.08980559575587721,1.0
0.24234213210196787,1.0
0.8901430599433131,1.0
0.39966595489916257,1.0
0.357452389976896,0.0
0.0,0.0
0.17064902805860926,1.0
0.18153940909810418,1.0
0.5254103984075105,1.0
0.18128962210350785,1.0
0.39668677283593157,1.0
0.5302723629599093,1.0
0.1391766630391249,1.0
0.31379416543065775,1.0
0.16533968815931477,1.0
0.0,0.0
0.16068588693856922,1.0
0.14614856455869463,1.0
0.344362874405276,1.0
0.46056057748474677,1.0
0.2016344228316771,1.0
0.3030914610136879,0.0
0.2556086232693273,1.0
0.5370394594115373,1.0
0.6751947921250818,1.0
0.40533095263214447,1.0
0.47964462979454714,1.0
0.2038327740690491,1.0
0.17622893577230192,1.0
0.23697368896218274,1.0
0.2539200568634774,1.0
0.5782442107182493,1.0
0.17410065390196294,1.0
0.13733057435779994,1.0
0.20390327559870425,1.0
0.7158634607043992,1.0
0.36469418205601345,1.0
0.4469691660502155,1.0
0.7240237324064807,1.0
0.41582957425296163,1.0
0.367306860204188,1.0
0.6610310723314874,1.0
0.1651323091227903,1.0
0.36190874489879654,1.0
0.8085962949772032,1.0
0.3799392787706619,1.0
0.2062445136042248,1.0
0.9511417256802317,1.0
0.2794058611461434,1.0
0.4728833035142288,1.0
0.4704771360758282,1.0
0.2573864252544369,1.0
0.2563558144366165,1.0
0.3569524298423974,1.0
0.19179516933042384,1.0
0.20739416921848264,1.0
0.5445931148445227,1.0
0.06911092737285962,0.0
0.2594258246784009,1.0
0.5633525740102474,1.0
0.7264164958009531,1.0
0.1821496917468548,1.0
0.08946702035029075,1.0
0.1008468445667634,1.0
0.2098907616837309,1.0
0.21403722199259878,1.0
0.5213644079053306,1.0
0.446431216620383,1.0
0.2562577995537141,1.0
0.515564749499672,1.0
0.22564323632418537,1.0
0.39321355286673,1.0
0.09795766337076905,1.0
0.47161610166744117,1.0
0.2615452402123464,1.0
0.8072343544803564,1.0
0.09183953412485168,1.0
0.6945610936449773,1.0
0.32936319404055414,1.0
0.7540775516286002,1.0
0.5300720455806798,1.0
0.5239219913214122,1.0
0.284753206346795,1.0
0.2503865962257734,1.0
0.0,0.0
0.3133975891994183,1.0
0.5378024275156714,1.0
0.15530952281812693,1.0
0.8626527383627933,1.0
0.695984766371601,1.0
0.5527363421328082,1.0
0.3243717567676998,1.0
0.5762056876240473,1.0
0.2772829733055717,1.0
0.8750112788692275,1.0
0.21914033829015844,1.0
0.1818309037872643,1.0
0.3321908240749085,0.0
0.17024020521898375,1.0
0.7026369235717032,1.0
0.29939640756877184,1.0
0.5639303144133834,1.0
0.5947225224904904,1.0
0.5159647190077981,1.0
0.15331265940041972,1.0
0.21591119616720666,1.0
0.603485558011994,1.0
0.2625180562820608,1.0
0.5240469873572957,1.0
0.24580523226309525,1.0
0.09144646821454261,1.0
0.5831761716102006,1.0
0.5454179202179601,1.0
0.16832093800064873,1.0
0.5323846898263969,1.0
0.3388462364999487,1.0
0.1479535787837425,1.0
0.5792981283063834,1.0
0.1282165127455297,1.0
0.40171994681426604,1.0
0.7899012580535043,1.0
0.7819518426964547,1.0
0.18181272494658485,1.0
0.2771221647934894,1.0
0.17469494153180332,1.0
0.17000714651922788,1.0
0.24156271180689037,1.0
0.17444536661701227,1.0
0.2739312540569707,1.0
0.424541667604978,1.0
0.9266975863750551,1.0
0.7816142876748375,1.0
0.0,0.0
0.9305165984654855,1.0
0.1674965227740235,1.0
0.0,0.0
0.6077068524808817,1.0
0.8703520556081736,0.0
0.1894650695161939,1.0
0.4572825459647638,1.0
0.7671432512382976,1.0
0.1871206743226268,1.0
0.6087057763749439,1.0
0.3033094720510232,1.0
0.7526136077479824,1.0
0.47124668965807137,1.0
0.1596597468030625,1.0
0.4901946197452154,1.0
0.6179937964476094,1.0
0.4413475616460998,1.0
0.1746771568394414,1.0
0.1298646849510825,1.0
0.44616292566276394,1.0
0.229370156760619,1.0
0.5456838402834148,1.0
0.6598678876262456,1.0
0.0,0.0
0.7765158421348795,1.0
0.7331027158188599,1.0
0.7276262680370356,1.0
0.090075840448685,1.0
0.33001839459186666,1.0
0.42468446333887,1.0
0.22799672193846865,1.0
0.5346935116337344,1.0
0.24567596762093968,1.0
0.72079783050282,1.0
0.4632318046648636,1.0
0.284340787153865,1.0
0.3853756354662501,1.0
0.11211791085773815,1.0
0.6346130592595864,1.0
0.923091867546666,1.0
0.7346035825935266,1.0
0.2473065802188299,1.0
0.6690572255649228,1.0
0.0,0.0
0.49311001680621436,1.0
0.912017679340718,1.0
0.7342274970729208,1.0
0.0,0.0
0.349324072299082,1.0
0.5161737216552851,1.0
0.0927772089709582,1.0
0.6421174971720682,1.0
0.36886530264451967,1.0
0.672775568773754,1.0
0.09813076951043564,1.0
0.2764185450220733,1.0
0.8206398819669443,1.0
0.6271232198405028,1.0
0.7515492472301832,1.0
0.06477528187379411,1.0
0.47633509341931823,1.0
0.5827139316697734,1.0
0.4113920464156742,1.0
0.6567626341224577,1.0
0.22561755766133018,1.0
0.15849396712133368,1.0
0.4642177696825138,1.0
0.4505598492207019,1.0
0.38082224102847695,1.0
0.14089283883436066,1.0
0.5137948995068893,0.0
0.17614386075865962,1.0
0.8681957812042711,1.0
0.244078461480977,1.0
0.0,0.0
0.11412087557135653,1.0
0.6372848816636854,1.0
0.7727595886604535,1.0
0.39534977772600843,1.0
0.29142357239887007,1.0
0.0,0.0
0.49230733575813845,1.0
0.3480183589604584,1.0
0.237023055538776,1.0
0.6790175886395873,1.0
0.12634504951578762,1.0
0.4342976847844868,1.0
0.3652203000336822,1.0
0.1485234752352076,1.0
0.375742148394699,1.0
0.09357588351138935,1.0
0.2610375281608093,1.0
0.5466961812262991,1.0
0.7680587027217758,1.0
0.1528002155683179,1.0
0.5481430306742996,1.0
0.4975005489590725,1.0
0.6239170093466999,1.0
0.06584584972740659,1.0
0.1655225429673961,1.0
0.19499729928872478,1.0
0.8276435484396343,1.0
0.28704290095658713,1.0
0.6697270796303378,1.0
0.7416668454922917,1.0
0.2112160063719819,1.0
0.09941612518849219,1.0
0.21035315768288276,1.0
0.3595188815956254,1.0
0.114943899274353,1.0
0.7877581616084552,1.0
0.548828643669784,1.0
0.0,0.0
0.6186242616910498,1.0
0.3328978681348813,1.0
0.44609470499139325,1.0
0.15661241209405885,1.0
0.44943285513395415,1.0
0.13068611505440897,1.0
0.7685343657132835,1.0
0.0,0.0
0.2593729527827593,1.0
0.7246522969346838,1.0
0.7948791862429041,1.0
0.11379280311802065,1.0
0.14203077403823983,1.0
0.25382822630773116,1.0
0.09516464235975519,1.0
0.4035922733688766,1.0
0.4090469829706449,1.0
0.2709872172188521,1.0
0.34347686099931707,1.0
0.6862501922610975,1.0
0.2098325627835429,1.0
0.5049803275922926,1.0
0.0,0.0
0.5390839757609949,1.0
0.3764731604738132,1.0
0.7333074138465232,0.0
0.1560664886636176,1.0
0.1701503704142362,1.0
0.6912108389474851,1.0
0.232013039274666,1.0
0.34528791149580806,1.0
0.7446749674455746,1.0
0.4579024062175572,1.0
0.24188225204956382,1.0
0.6702618228536776,1.0
0.5539903500147201,1.0
0.3419238025849891,1.0
0.7957791789092443,1.0
0.1892996692762492,1.0
0.6614619404667357,1.0
0.2657357300894967,1.0
0.10828094701207958,1.0
0.6649450351517827,1.0
0.01630457539541652,0.0
0.4214602850838167,1.0
0.2431903632905157,1.0
0.3053199335856882,1.0
0.23818028800419588,1.0
0.33638462819920667,1.0
0.5498876061563092,1.0
0.23375535290554295,1.0
0.20357024828085768,1.0
0.8444818946924904,1.0
0.6761303501746401,1.0
0.29947327449371874,1.0
0.7898189520818497,0.0
0.6487611811837182,1.0
0.310429994496499,1.0
0.22670679954196116,1.0
0.0,0.0
0.3315976148508706,1.0
0.21507016268714896,1.0
0.6111096799614599,1.0
0.12742838917541865,1.0
0.5477127757698095,1.0
0.21209578443158605,1.0
0.7287371090453965,1.0
0.3425129222701373,1.0
0.6526917582559397,1.0
0.17319124769331573,1.0
0.5993977887885231,1.0
0.23299085122432484,1.0
0.3427103875761346,1.0
0.0,0.0
0.48987527557632404,1.0
0.2787733641381518,1.0
0.4747586712132188,0.0
0.31414902696469804,1.0
0.16461009961587525,1.0
0.5043337122715941,1.0
0.27008118127843384,1.0
0.5230064878183596,1.0
0.2539713671714954,1.0
0.4621375428952539,1.0
0.46358570483714434,1.0
0.48503051849908063,1.0
0.2891379883358729,1.0
0.648712894013304,1.0
0.8297121738613118,1.0
0.1980918427623397,1.0
0.7388058969202049,1.0
0.31218899540678224,1.0
0.0,0.0
0.3043199963102916,1.0
0.5328137832938395,1.0
0.5724642547265892,1.0
0.3286960339888938,1.0
0.7853087408938895,1.0
0.669142538668158,0.0
0.70474851416113,1.0
0.5276081274107365,1.0
0.49151512164876143,1.0
0.5132050625518332,0.0
0.21456688230324383,0.0
0.23225347675104802,1.0
0.4462222589898355,1.0
0.13661985591516101,1.0
0.35056445105236644,1.0
0.3428011417268304,1.0
0.5908484106660854,1.0
0.1093984765373226,1.0
0.7185144002502994,1.0
0.7807244998485685,1.0
0.3408661375867075,1.0
0.5020559841647851,1.0
0.6988755521714065,1.0
0.631473709925571,1.0
0.0,0.0
0.15941517977273323,1.0
0.36105018782462794,1.0
0.3233579802846229,1.0
0.6343722366382747,1.0
0.2701022782171907,1.0
0.8267593187048696,1.0
0.3478393896144727,1.0
0.7932813899937732,1.0
0.30857146213262876,1.0
0.20877303608470577,1.0
0.4280740348312331,1.0
0.10068446646404583,1.0
0.34894425137284735,1.0
0.23225203320784393,1.0
0.2651408792477201,1.0
0.9060772899781417,1.0
0.7850594540875138,0.0
0.5201851751612279,1.0
0.5314719023453804,1.0
0.1182706241175846,1.0
0.30929732427382683,1.0
0.1323099741109477,1.0
0.5778912789103625,1.0
0.5805560256518967,1.0
0.46409186630519894,1.0
0.6084072750491938,1.0
0.21871649879978206,1.0
0.12406760651626447,1.0
0.37559170078141246,1.0
0.18357169484519842,1.0
0.21599412637376014,1.0
0.4561077929063626,1.0
0.3329328422956226,1.0
0.09769301678452313,1.0
0.5098215923553817,1.0
0.5895749004454625,1.0
0.18016623437382862,1.0
0.25480902938294747,1.0
0.26038534974672434,1.0
0.15670800606597446,1.0
0.12565865322555014,1.0
0.1936782529329002,1.0
0.3303936127860978,1.0
0.1917723787543526,1.0
0.6894851505726751,1.0
0.3384864661187139,1.0
0.0916387155570253,1.0
0.23776795084213376,1.0
0.5499481949558134,1.0
0.7506130549419616,0.0
0.7028231426457543,1.0
0.7803349692686008,1.0
0.5373106364551874,0.0
0.14938455725951227,1.0
0.27883776937377736,1.0
0.28296216037798816,1.0
0.24720694972797563,1.0
0.45674370820065224,1.0
0.9510042729569097,0.0
0.14628078331247973,1.0
0.10777563486362363,1.0
0.621412948070946,1.0
0.41646652193573797,1.0
0.17048397194816012,1.0
0.4578368845618237,1.0
0.2841580794011205,1.0
0.19203103008459,1.0
0.1762560309681973,1.0
0.3157376307547155,1.0
0.37892039136434974,1.0
0.32691165452868765,1.0
0.22616206856023702,1.0
0.1180633311134347,1.0
0.22456692030754466,1.0
0.17427978430855573,1.0
0.33277665652307276,1.0
0.6203555871871029,1.0
0.43151861302256167,1.0
0.7543705798948439,1.0
0.2809909606174892,1.0
0.3104831204877563,1.0
0.896531266819173,1.0
0.42598431147042204,1.0
0.3999452039803124,1.0
0.42794533039988414,1.0
0.5872865783521473,1.0
0.545132513819818,1.0
0.5361643911242155,1.0
0.8625506669534238,1.0
0.41790160495604356,1.0
0.17439449547425268,1.0
0.0,0.0
0.5361249042653498,1.0
0.7252807874350307,1.0
0.2238323959067472,1.0
0.19789443547817598,1.0
0.15974410454679688,1.0
0.17147961960937952,1.0
0.33767857711088833,1.0
0.11770552747228225,1.0
0.1961586052870108,1.0
0.364474398351625,1.0
0.5846121889821014,1.0
0.0971012711112178,1.0
0.3243228673706686,1.0
0.2649157935481963,1.0
0.46159448054143315,1.0
0.07009701843794103,1.0
0.8959463497154516,1.0
0.5418692438545931,1.0
0.5060080133094003,1.0
0.17939608656797956,1.0
0.26817215991560417,1.0
0.424968496220159,1.0
0.6306398581479811,1.0
0.11013425440980029,1.0
0.21643497226362785,1.0
0.19801941750878926,0.0
0.6917091504616093,1.0
0.7045759352198471,1.0
0.16561908029429562,1.0
0.6043139767451353,1.0
0.0,0.0
0.4948946883763412,1.0
0.786433425111436,1.0
0.3525286211676164,1.0
0.511568156585755,1.0
0.5087768492195841,1.0
0.19617645100233583,1.0
0.0,0.0
0.5551139108095238,1.0
0.10183895689764144,1.0
0.0,0.0
0.49348433666240155,1.0
0.4468995978717798,1.0
0.6657832795823233,1.0
0.4776235362590704,1.0
0.0910155160476731,0.0
0.7596624842331545,1.0
0.37418628692558364,1.0
0.6276859555974053,1.0
0.13686773919339057,1.0
0.4891134509024613,1.0
0.23109710360899083,1.0
0.8544226513892954,0.0
0.4716053556237161,1.0
0.6505177391747337,0.0
0.13720085554474082,1.0
0.6387014757266143,1.0
0.6099536409451338,1.0
0.0,0.0
0.3753921386863954,1.0
0.26957297304018235,1.0
0.11845484043800214,1.0
0.4148405020660868,1.0
0.6242517283011075,1.0
0.5623230826136645,1.0
0.1361552540859572,0.0
0.4301084223692291,1.0
0.7964333470720701,1.0
0.2934419229021463,1.0
0.25386118470994523,1.0
0.21663070091612413,1.0
0.4216378078854697,1.0
0.2204566656228173,1.0
0.36417189151860674,1.0
0.14887373903912682,1.0
0.14781887809600835,1.0
0.0,0.0
0.6547906600705939,1.0
0.835262002256187,1.0
0.2780589723132225,1.0
0.0913961252705433,1.0
0.22139685641567208,1.0
0.17273099850200513,1.0
0.12288379604956967,1.0
0.7993744888207686,1.0
0.7286267525183456,1.0
0.29343581360322313,1.0
0.617449109482449,1.0
0.2657431158687582,1.0
0.9495282065145831,1.0
0.35389193218018766,1.0
0.2465728651225727,1.0
0.49720232373721984,1.0
0.1437043728117846,1.0
0.15008042511388986,1.0
0.467458244069785,1.0
0.7551814770346263,1.0
0.5091457370316994,1.0
0.15059116230378367,1.0
0.41637045178463605,1.0
0.3852081654474495,1.0
0.5649543807685289,1.0
0.907815793175156,1.0
0.17406013365423378,1.0
0.18453771135624564,1.0
0.5517269452977884,1.0
0.509669224019329,1.0
0.23216565570407566,1.0
0.30917727609981904,1.0
0.1843210178146828,1.0
0.10567734227822223,1.0
0.1757633685798332,1.0
0.49539416532901903,1.0
0.3177574968282988,0.0
0.2595790293291578,1.0
0.6374504679736477,1.0
0.30379756772093547,1.0
0.04519812300849013,0.0
0.0,0.0
0.25986309122136353,1.0
0.0,0.0
0.054943533196598615,1.0
0.20075382746452108,1.0
0.5983671709680682,1.0
0.6293176446003454,1.0
0.10525673100261956,1.0
0.0,0.0
0.3644219976332872,1.0
0.5584982113184211,0.0
0.0,0.0
0.6122420400674353,1.0
0.18952962080678004,1.0
0.0,0.0
0.8225167032129019,1.0
0.2620159763498844,1.0
0.6966078298297571,0.0
0.48753740383752664,1.0
0.19560403660336956,1.0
0.38299579193350874,1.0
0.8163582347873923,1.0
0.7103757046672903,1.0
0.3757845283422303,1.0
0.3250937504532021,1.0
0.7074627895402412,1.0
0.294331455632423,1.0
0.6734479607941988,1.0
0.1970935841186101,1.0
0.5876466108320093,1.0
0.33112999088444006,1.0
0.3851655514118306,1.0
0.17060112803387772,1.0
0.28699260603065646,1.0
0.25442486382183116,1.0
0.20981270030931354,1.0
0.5817051230561008,1.0
0.30573763076471927,1.0
0.8365143875275121,1.0
0.40970266670377775,1.0
0.5626469514851968,1.0
0.42100985058576557,1.0
0.0,0.0
0.6455879340940114,0.0
0.22239044330142388,1.0
0.0935117753875665,1.0
0.24691246691438717,1.0
0.6961792545573107,1.0
0.2234489226061278,1.0
0.06303877142664893,1.0
0.15542389685696323,1.0
0.8584455081862847,1.0
0.617558169521633,1.0
0.5941651697592154,1.0
0.20917536748160792,1.0
0.7059800495866795,1.0
0.20434525591545594,1.0
0.6363414706590675,1.0
0.28473146216448075,1.0
0.6740657662737828,1.0
0.1744989407769153,1.0
0.7014453631887227,0.0
0.4521485570498691,1.0
0.0766317904661209,1.0
0.08664935306490884,1.0
0.9101828018781637,0.0
0.15311688272985435,1.0
0.07626285863744231,1.0
0.0,0.0
0.07002698108295435,1.0
0.6143189966241107,1.0
0.15105378838951733,1.0
0.8609267418720399,0.0
0.2424350970845981,1.0
0.8161559786786206,1.0
0.3568186895160461,1.0
0.4008967990645913,1.0
0.33956867735371965,1.0
0.3051129296903299,1.0
0.5705583175243261,1.0
0.12707471608858967,1.0
0.34129085040571683,1.0
0.08299470482443061,1.0
0.19362911744326494,1.0
0.15251575952779461,1.0
0.35362888319511754,1.0
0.5806383026126349,1.0
0.546985712176506,1.0
0.7955013263536057,0.0
0.6407642549483725,1.0
0.31353196376443293,1.0
0.5767458969042591,1.0
0.4459422716308725,1.0
0.6224998580740935,1.0
0.5107461032479064,1.0
0.5736157270244635,1.0
0.17253247079622813,1.0
0.49319250784751034,1.0
0.14091725502214736,1.0
0.26219348914777285,1.0
0.0876567571500586,1.0
0.22534895458626192,1.0
0.0,0.0
0.10446320039784673,1.0
0.1350091988265092,1.0
0.7049132821631647,0.0
0.1823910105548805,1.0
0.2700187237757379,1.0
0.29444624282672915,1.0
0.1565052217584424,1.0
0.582448444767317,1.0
0.3559192790687944,1.0
0.4572687677800471,1.0
0.6746128551427772,0.0
0.08743112524499885,1.0
0.1253900511508581,1.0
0.19519796579933235,1.0
0.2863340502167624,1.0
0.6262903724408591,1.0
0.17154868559884218,1.0
0.1404552461686781,1.0
0.5382664701344448,1.0
0.6124580143383378,1.0
0.6558961910808074,0.0
0.4451987928605545,1.0
0.6322463516698869,1.0
0.10231465390194883,1.0
0.23582886816726223,1.0
0.361827987509872,1.0
0.9045976832035914,1.0
0.4886172151694508,1.0
0.3418407323257333,1.0
0.486431545704217,1.0
0.2989188448624027,1.0
0.6772890471911688,0.0
0.3051038042564378,1.0
0.6134004669823248,1.0
0.1935065393172386,0.0
0.48126393913903387,1.0
0.4217049001322146,1.0
0.19436466022727883,1.0
0.3128431235545506,1.0
0.38190746539732157,1.0
0.6217559411388947,1.0
0.33313689508048183,1.0
0.4269435904461414,1.0
0.8065171195855827,1.0
0.3590437037866909,1.0
0.3776890410084426,1.0
0.719813398061877,1.0
0.45688090182647656,1.0
0.5112556439875768,1.0
0.09493215987682957,1.0
0.19936850416875007,1.0
0.26621618088264976,1.0
0.11717914439485666,1.0
0.0,0.0
0.2122897154076182,1.0
0.2603467252123508,1.0
0.10176960680126967,1.0
0.48254939285398146,1.0
0.297660047178093,1.0
0.08633822198659535,1.0
0.6446692523950066,1.0
0.43186314366909917,1.0
0.7037728050027501,0.0
0.8404495473242082,1.0
0.20693166918018102,1.0
0.6311931623558009,1.0
0.2444299527467888,1.0
0.22502787276349334,1.0
0.12869043708278394,1.0
0.44567079947617216,1.0
0.09182694638809874,1.0
0.22919538899568392,1.0
0.6163129699542806,1.0
0.1521395059439472,1.0
0.3742036074432771,1.0
0.5779920718386409,1.0
0.13965978483737462,1.0
0.13271116507870806,1.0
0.6262662713716507,1.0
0.47636113421844506,1.0
0.7790001549793186,1.0
0.8778313610633366,1.0
0.09047692037466026,1.0
0.6627265823502118,1.0
0.41188335729546655,1.0
0.6946670885307471,1.0
0.350841091151759,1.0
0.11313558680818048,1.0
0.3563468149501188,1.0
0.4307725782904379,1.0
0.12599893327259126,1.0
0.4401395160597539,1.0
0.14212625496761788,1.0
0.36001815747263866,1.0
0.36172308603555203,1.0
0.2509330018376583,1.0
0.33060896482285385,1.0
0.29635978789182404,1.0
0.8531453687491148,1.0
0.34500795114700855,1.0
0.43655184602310637,1.0
0.338167518098893,1.0
0.09639975112995058,1.0
0.6003451342736819,1.0
0.3961398900444837,1.0
0.0,0.0
0.10140903711925908,1.0
0.2490167427512806,1.0
0.40358948932124195,1.0
0.7151008297271257,1.0
0.23389266857729307,1.0
0.08568240320264264,1.0
0.8397858455739033,1.0
0.1068475416230652,1.0
0.17686028834964596,1.0
0.2261874551131715,1.0
0.4849302327616578,1.0
0.20182627602584224,1.0
0.08197438487905595,1.0
0.11890077224169371,1.0
0.0830562039664966,1.0
0.37999287393847014,1.0
0.47000304967759066,1.0
0.9426839090122772,1.0
0.0,0.0
0.20020831718955012,1.0
0.11547989196786768,1.0
0.0,0.0
0.2406570169948381,1.0
0.0,0.0
0.721666242285306,1.0
0.5417177278392682,1.0
0.5359139368785333,1.0
0.4440143851691247,1.0
0.18067415350328941,1.0
0.16715229324079406,1.0
0.32456476439627746,1.0
0.8227373132282305,1.0
0.8708257028411537,1.0
0.0,0.0
0.9700548146567001,1.0
0.2590437829164678,1.0
0.3289268378401524,1.0
0.5261759904990488,1.0
0.8358929796923653,1.0
0.273648446636821,0.0
0.13749209813903773,1.0
0.36385518734314193,1.0
0.4721626373282639,1.0
0.3964763046369586,1.0
0.7870999969417491,1.0
0.7611666362440519,1.0
0.24745791616639545,1.0
0.10409427357105061,1.0
0.3921416775211095,1.0
0.8154903542047971,1.0
0.13767542512479913,1.0
0.8238303645423466,1.0
0.1835482550248173,1.0
0.10389829182331489,1.0
0.8660840805734353,1.0
0.3159484530869481,0.0
0.09221238942993004,1.0
0.8161095492072574,1.0
0.3409169196959647,1.0
0.4606964336072701,1.0
0.5943484117129789,1.0
0.4397615328250404,1.0
0.6566464724109218,1.0
0.1672417328968474,1.0
0.3548956568807884,1.0
0.2921517123972235,1.0
0.14407548646147994,1.0
0.35949930722981094,1.0
0.4399322270571093,1.0
0.7387346271014432,1.0
0.17364012560562525,1.0
0.4512480301825095,1.0
0.5545343637265359,1.0
0.7207896484239122,1.0
0.37078416571077266,1.0
0.781990150111497,1.0
0.57218311393359,1.0
0.37401667810195294,0.0
0.6173744343822833,1.0
0.4033576690875198,0.0
0.2338620120412691,1.0
0.742269452252613,1.0
0.11654197762964014,1.0
0.8194991607146775,0.0
0.37011578219872554,1.0
0.0,0.0
0.0,0.0
0.2764914614604561,1.0
0.45283249441481566,1.0
0.1802404623057252,1.0
0.0,0.0
0.19605683899245596,1.0
0.33845965002784606,1.0
0.340649511070366,1.0
0.4110293139197987,1.0
0.44751195730202076,1.0
0.3665772036351509,1.0
0.4882023670625233,1.0
0.2262305983479278,1.0
0.14418703243611874,1.0
0.13583735646139905,1.0
0.13274954151972418,1.0
0.2006862960525182,1.0
0.07431341906528077,1.0
0.44920607579711636,0.0
0.47984226816566844,0.0
0.6415877788395892,1.0
0.13412746603134007,1.0
0.0906529256052524,1.0
0.1262696641483494,1.0
0.6957898190131049,1.0
0.08488548032135945,1.0
0.2631433475785503,1.0
0.6815535749286918,1.0
0.8873590903383346,1.0
0.30133480698653425,1.0
0.36673357747847124,1.0
0.13600861790691,1.0
0.6663119135067403,1.0
0.27057205399334583,1.0
0.5473909766771325,1.0
0.32595739144044167,1.0
0.8360169223318565,1.0
0.44583614669616534,1.0
0.7525361796118513,1.0
0.7415577754493441,1.0
0.3759190799738752,1.0
0.10025940751478846,1.0
0.3873684663665249,1.0
0.1165056929757613,1.0
0.2807409125246423,1.0
0.2642121907831796,1.0
0.49703284496252653,1.0
0.38406280945113336,1.0
0.0,0.0
0.5207515973053143,1.0
0.2401912987455268,1.0
0.30892106968960276,1.0
0.5219510026403427,1.0
0.546830215663324,1.0
0.23358069218088717,1.0
0.3311905286647461,1.0
0.6199484069655927,0.0
0.0,0.0
0.4849306559208926,1.0
0.7888969471323093,1.0
0.6014696824400323,1.0
0.38305982302834574,1.0
0.11776829509167497,0.0
0.5677820138040124,1.0
0.17643292253231602,1.0
0.22873141140137898,1.0
0.9648028583507942,1.0
0.1161100510961175,1.0
0.3308658124743684,1.0
0.0,0.0
0.29796789902243415,0.0
0.20386815838413197,1.0
0.33365183985368496,1.0
0.2814256631956349,1.0
0.06575015771859949,1.0
0.2231157102186394,1.0
0.27374182277416814,1.0
0.45497261874145956,1.0
0.3602185698876301,1.0
0.3049770475580189,0.0
0.8623580324652584,0.0
0.3275953518032879,0.0
0.6606545526475065,1.0
0.08204430018811637,0.0
0.37150269109115497,1.0
0.32323962874905865,1.0
0.2088907453785951,1.0
0.7397810438670258,1.0
0.7468819809425469,1.0
0.11476196881410283,1.0
0.3798801885350658,1.0
0.5020000551187409,0.0
0.05043003577203109,0.0
0.33214962157044736,1.0
0.08838801432140109,1.0
0.41003829700112293,1.0
0.14927355749041027,1.0
0.868068178187384,1.0
0.6334761564441935,1.0
0.5467948173429713,1.0
0.46539443546066916,1.0
0.5748155525175966,1.0
0.6550936710933386,1.0
0.20266951333519856,1.0
0.32478630076018966,1.0
0.8947218089219757,1.0
0.2927571072066848,1.0
0.3555291462622092,1.0
0.20718367300896956,1.0
0.5196532760081083,1.0
0.18730363617098744,1.0
0.6504145423418688,1.0
0.6527015759503283,1.0
0.11087739705363386,1.0
0.18174902097484358,1.0
0.21155103044120427,1.0
0.5548164428726365,1.0
0.2652023613833858,1.0
0.4393924689466724,1.0
0.4546758990861499,1.0
0.10993495441341095,1.0
0.1417099653182392,1.0
0.2923509893849543,1.0
0.1224856152145195,1.0
0.5341398933077119,1.0
0.09623562136808506,1.0
0.09223978974063973,1.0
0.2784218158508831,1.0
0.31510030192851524,1.0
0.7906036703705568,1.0
0.10283423241882517,1.0
0.7836495865557715,1.0
0.2975010073315576,1.0
0.1052167419547807,1.0
0.26243402566142215,0.0
0.09226498222054458,1.0
0.9106157537975377,1.0
0.5216301028860859,1.0
0.08665614362018825,1.0
0.14967449136142497,1.0
0.5812016035822261,1.0
0.16509619453290636,1.0
0.2685613623720995,1.0
0.30220372295874576,1.0
0.11593885667582793,1.0
0.4068824284509436,1.0
0.45118163019626145,1.0
0.5986502975083021,0.0
0.4761198904386523,1.0
0.148530631928264,1.0
0.36882098496782234,1.0
0.6401092624753604,1.0
0.5239600516434733,1.0
0.43508519612421637,1.0
0.1568180794864924,1.0
0.3856304233426733,0.0
0.3545112902440075,1.0
0.27167960176246364,1.0
0.0,0.0
0.13634513853928754,1.0
0.12992736653810066,1.0
0.6331098115889908,1.0
0.11645201477670852,1.0
0.7855614529891985,1.0
0.2896560252726541,1.0
0.31856151437929947,1.0
0.14205131476769584,1.0
0.07698452119834265,1.0
0.6185365736941444,1.0
0.0690231743514853,1.0
0.1518029102833367,1.0
0.428981060143951,1.0
0.383321542513126,1.0
0.254946302038511,1.0
0.3999288748356715,1.0
0.6025857254058846,1.0
0.3941509706160917,1.0
0.0965027538897858,1.0
0.8099425055548979,1.0
0.7547820567331667,1.0
0.2623457784540868,1.0
0.3968887808513455,1.0
0.5011325766874748,1.0
0.4082874851723828,1.0
0.12933187945690783,1.0
0.40055974923307636,1.0
0.0,0.0
0.0,0.0
0.5486734472695343,1.0
0.43416011701787394,1.0
0.19531628532285072,1.0
0.4941248026691194,1.0
0.12271026675066787,1.0
0.7462688372171757,1.0
0.3710018566276472,1.0
0.44903770343876603,1.0
0.4418788235594264,1.0
0.5888905779355862,1.0
0.2254651092951625,1.0
0.18546307156836805,1.0
0.2275833173747448,1.0
0.707648020242369,1.0
0.2326782966103358,1.0
0.678019693132506,1.0
0.7289402875012465,1.0
0.24402390895291504,1.0
0.27713078303652594,1.0
0.5102784982886277,1.0
0.24688876499537882,1.0
0.6001573886251825,1.0
0.5699453108505277,1.0
0.7240179962479703,1.0
0.0,0.0
0.6266104868996099,1.0
0.10020523012789173,1.0
0.1620362420758572,1.0
0.2771474663144269,1.0
0.36096956148501746,1.0
0.10082704811737964,1.0
0.0,0.0
0.4320716071136852,1.0
0.10824769950107438,1.0
0.67100783557752,1.0
0.36315113040722125,1.0
0.16819673526328272,1.0
0.4573412870689828,1.0
0.6285128997756728,1.0
0.13680007373094494,1.0
0.2165544642283348,1.0
0.24358538193563728,1.0
0.628161513549387,1.0
0.8763817595797483,0.0
0.7371823999999374,1.0
0.3242650626187986,1.0
0.18652060251620606,1.0
0.276240194909104,1.0
0.14215896027459252,1.0
0.24742456461624052,1.0
0.0,0.0
0.12118313609292874,1.0
0.3654157745905624,1.0
0.5890128659524447,1.0
0.12529934701898382,1.0
0.2137055011663831,1.0
0.2670546844106889,1.0
0.4176316433697682,1.0
0.30836939909651084,0.0
0.14574137333304416,1.0
0.21038676032752424,1.0
0.3870220149972212,1.0
0.8453113448137421,1.0
0.255926805000795,1.0
0.42678089822522125,1.0
0.5976260840978198,1.0
0.19949443455622884,1.0
0.6121259974006956,1.0
0.12131106123102997,1.0
0.11598530815547337,1.0
0.7338003073218444,1.0
0.643535515771049,1.0
0.4741943648653044,1.0
0.4219059467858699,1.0
0.5098657299643201,1.0
0.09419242551552909,1.0
0.7142517342133328,1.0
0.43875859742145096,0.0
0.5771987243027565,1.0
0.3417460807084245,1.0
0.22435484350325563,1.0
0.2859236027657972,1.0
0.49416741770511496,1.0
0.0877587635349597,1.0
0.5055614752775854,1.0
0.4001999658469484,1.0
0.4308053036049415,1.0
0.3639417979346211,1.0
0.520641559898348,1.0
0.28417852709556746,1.0
0.3059727212290255,1.0
0.344429668539842,1.0
0.5475907798628716,1.0
0.05154884277798821,1.0
0.2735432680582268,1.0
0.48058942231902924,1.0
0.1840586610901096,1.0
0.19605991114850507,1.0
0.38360344459259643,1.0
0.26160967345851294,1.0
0.06718461250249996,1.0
0.6117246933903981,1.0
0.0,0.0
0.26417907532186424,0.0
0.0,0.0
0.9628119761838261,0.0
0.6170442321275051,1.0
0.17711874160534746,1.0
0.06354721975524669,1.0
0.3815093125728115,1.0
0.0,0.0
0.3777158691038278,1.0
0.13791315258140324,1.0
0.23331883864566372,1.0
0.4876046241324561,1.0
0.2412972038965293,0.0
0.3199643662710634,1.0
0.13428635282028,1.0
0.5373122240525987,1.0
0.1695649191094959,1.0
0.10315565336920685,1.0
0.330518744873177,1.0
0.4136652988382874,1.0
0.3182527491912679,1.0
0.4646431647582552,1.0
0.0,0.0
0.8814383623743227,1.0
0.48891584354300965,1.0
0.27896053557057465,1.0
0.10625091411272969,1.0
0.7481517187436113,1.0
0.4610132648305423,1.0
0.09481464665672235,1.0
0.44794235425996565,1.0
0.12121739998639747,0.0
0.7554684330158756,1.0
0.2723255348264293,1.0
0.6484208851306539,1.0
0.0,0.0
0.5174334556919433,1.0
0.4805973272936632,1.0
0.764338707891441,1.0
0.7956571109752026,1.0
0.24920932521987105,1.0
0.4029955508227787,1.0
0.12554798758217922,1.0
0.6017994515318121,1.0
0.26129059238862506,1.0
0.5058761286813467,0.0
0.40363147011857414,1.0
0.22660125182446045,1.0
0.24370317826227694,1.0
0.09595006091197122,1.0
0.8264865900773595,1.0
0.0,0.0
0.0,0.0
0.43845851249979484,1.0
0.0,0.0
0.247705967507867,1.0
0.20953436957373617,1.0
0.4436950079878108,1.0
0.401419262667122,1.0
0.5234366276795592,0.0
0.2918532860997063,1.0
0.21749098864153504,1.0
0.21017165038186691,1.0
0.4869269851375799,1.0
0.47091124943225005,1.0
0.3702186889224226,1.0
0.588422498797875,1.0
0.22126805494780877,1.0
0.6186989728047672,1.0
0.30865171733258023,1.0
0.9250971561347563,0.0
0.5566707986648667,1.0
0.2563180382214645,1.0
0.2796747813405438,1.0
0.5130131543369636,1.0
0.08253611725838805,1.0
0.658083172039555,1.0
0.0,0.0
0.4513035210636729,1.0
0.2039558073663561,1.0
0.13209985804448232,1.0
0.3401213803352987,1.0
0.6226967671707895,1.0
0.40836683203052626,0.0
0.4257173790240092,1.0
0.27361323538686255,1.0
0.10743143834281721,1.0
0.2623844730148108,1.0
0.13785389228181177,1.0
0.22845280356152742,1.0
0.0,0.0
0.783503768684652,1.0
0.2689458280461481,1.0
0.18400905042166427,1.0
0.2141742045389936,1.0
0.1856089654680968,1.0
0.7129682702471256,1.0
0.1017994020131785,0.0
0.6028450219789256,1.0
0.10116072167840695,1.0
0.3934181258473384,1.0
0.15780172663192982,1.0
0.1672207930171914,1.0
0.7419452312485739,1.0
0.2178252334175097,1.0
0.24368758639507293,1.0
0.2675643982154843,1.0
0.6808399243827052,1.0
0.14764925826823694,1.0
0.5709165023089025,1.0
0.36517503400011897,1.0
0.6090542545069169,1.0
0.38842956765788017,1.0
0.0818468829001886,1.0
0.1380547038470028,1.0
0.0804609523759181,1.0
0.4469762097007344,1.0
0.6286382849579915,1.0
0.44399048317482803,1.0
0.15376041889186842,1.0
0.9446641271663885,0.0
0.7827949429542391,1.0
0.22947864458447853,1.0
0.43620819270670763,1.0
0.13287133735137413,1.0
0.6118488231002837,1.0
0.2643619321306989,1.0
0.2695195669435213,1.0
0.2721334925611174,1.0
0.7438877842293179,1.0
0.34293359256794975,1.0
0.7762540596263832,1.0
0.0,0.0
0.17373007745441615,1.0
0.478832953361517,1.0
0.29237935205779975,1.0
0.1431186904200863,1.0
0.30797753363793046,0.0
0.3577189712911779,1.0
0.47682852909867135,1.0
0.2445756785832751,1.0
0.0,0.0
0.6319357617952277,1.0
0.36752299053381465,1.0
0.8550714855449386,1.0
0.08727591583985461,1.0
0.41286945936468955,1.0
0.20876200093218866,1.0
0.6082498318034579,1.0
0.8712188657879767,1.0
0.6549725135018578,1.0
0.7354149218996957,1.0
0.0,0.0
0.26548519881482857,1.0
0.5829931107245723,1.0
0.47796163348471854,1.0
0.7821409868712186,1.0
0.14505683574223305,1.0
0.24590411447237193,1.0
0.21974477473898935,1.0
0.3652682910926699,1.0
0.42270002059504996,1.0
0.8282396907673961,1.0
0.1366918930226526,1.0
0.18109299911447385,1.0
0.4204789127944055,1.0
0.18682821927208382,1.0
0.46547157048650245,1.0
0.16344283737626197,1.0
0.0,0.0
0.33448054669524074,1.0
0.4180095485751192,1.0
0.6576891097543114,1.0
0.0,0.0
0.5433990165065126,1.0
0.22658643925050326,1.0
0.758852226333917,1.0
0.2807571606387911,1.0
0.8688424145317457,1.0
0.17434169960722068,1.0
0.8550473574655668,1.0
0.1244054786572133,1.0
0.0,0.0
0.07277048646128526,1.0
0.4581509157314385,1.0
0.3712043748350462,1.0
0.0,0.0
0.7605858406912667,1.0
0.32268263015104326,0.0
0.7890307324756001,1.0
0.5132120081654605,1.0
0.0,0.0
0.06397140637624776,1.0
0.8258603054070641,1.0
0.27903885904361925,1.0
0.2855244265561887,1.0
0.7965383505847865,0.0
0.0,0.0
0.5514294963680539,1.0
0.22701329787697766,1.0
0.11006633885324435,1.0
0.1601626530461786,1.0
0.21354018395768293,1.0
0.35339396579593485,1.0
0.2422760582384389,1.0
0.07641222584417262,1.0
0.0,0.0
0.37246726505937433,1.0
0.12543697880968896,1.0
0.20926234721199322,1.0
0.09972793452203277,1.0
0.16100806717466964,1.0
0.18833036152671223,1.0
0.17983875014183948,1.0
0.2964029281254503,1.0
0.4588384314429135,1.0
0.0534015689569971,1.0
0.560981480770232,1.0
0.27184192184334766,1.0
0.5524359350899384,1.0
0.33655647386455856,1.0
0.5401313038695146,1.0
0.0,0.0
0.2329737537905774,1.0
0.4694995272025868,1.0
0.3115958352011905,1.0
0.2674180921606619,1.0
0.46832019442084016,0.0
0.09309610397082801,1.0
0.09335125498389907,1.0
0.7696724349676063,1.0
0.548129696656722,1.0
0.0,0.0
0.0,0.0
0.0,0.0
0.26506035494650604,1.0
0.6170430866964809,1.0
0.5937394525622595,1.0
0.43338206623814335,1.0
0.13570476156607247,1.0
0.6588161918741862,1.0
0.43786676482573705,1.0
0.8970474070422223,1.0
0.6822536453644972,0.0
0.2541666496560988,1.0
0.21508770128690635,1.0
0.5482545376342571,1.0
0.11763692865861719,1.0
0.1255822984933408,1.0
0.11958663032940642,1.0
0.11259418908075691,1.0
0.12677562954262145,1.0
0.5830475712180014,1.0
0.8625742928438229,1.0
0.6331539501983059,1.0
0.08078052663139079,1.0
0.340235408243887,1.0
0.8012192560048153,1.0
0.1561025682403261,1.0
0.4901610421099849,1.0
0.6534766195984782,1.0
0.3418658997962276,1.0
0.2760560986338598,1.0
0.08841005761627097,1.0
0.34549607082595557,1.0
0.13904035174532137,1.0
0.4503953453180478,1.0
0.7805823953747972,1.0
0.5374626396538389,1.0
0.2782623998628062,1.0
0.23152597599323999,1.0
0.22883424609797265,1.0
0.583226216442021,1.0
0.19362264200656432,1.0
0.5467357601197973,1.0
0.5171792710425138,1.0
0.13051768467422553,1.0
0.32344088948327165,1.0
0.7437436089763141,1.0
0.0,0.0
0.12044908687094047,1.0
0.8363439193805187,1.0
0.0,0.0
0.1317140278569684,1.0
0.6785103747755175,1.0
0.6059993309422338,1.0
0.31571282942199863,1.0
0.09779272130323369,1.0
0.10046274302973934,1.0
0.5330357138060693,1.0
0.5629345467069911,1.0
0.08942144019852538,1.0
0.2655051033048683,1.0
0.8675999710014874,1.0
0.3272270522125207,1.0
0.2216539171473686,1.0
0.09472319824477626,1.0
0.12749249229735904,1.0
0.0,0.0
0.40262995725028317,1.0
0.8303533211243854,1.0
0.35065545429679634,1.0
0.8600782885999219,1.0
0.3075413625071701,1.0
0.12170870186280247,1.0
0.3419817053737506,1.0
0.0,0.0
0.9331388482154446,1.0
0.4189096782930317,1.0
0.2097337536017463,1.0
0.7728203165122833,1.0
0.2504855194504838,1.0
0.4929246180408442,1.0
0.537708814289108,1.0
0.11401491169725686,1.0
0.2824423577767887,1.0
0.29462059643581817,1.0
0.9161144479506489,1.0
0.368998518773616,1.0
0.37577737965218594,1.0
0.09635156699830993,1.0
0.3856250873347391,1.0
0.07247134189348303,1.0
0.5875624911778679,1.0
0.5062363882466605,1.0
0.39834066619434827,1.0
0.671730033339816,1.0
0.0,0.0
0.3342971646887749,1.0
0.22132636789091098,1.0
0.6757431134578509,1.0
0.15527219877312604,1.0
0.08907331920094164,1.0
0.8028550345466448,1.0
0.4422069740421253,1.0
0.0,0.0
0.6214460415239795,1.0
0.1571582564947609,1.0
0.2651195942381923,1.0
0.5375112229356791,1.0
0.55717066476398,1.0
0.7086880866183067,1.0
0.39735121586517863,1.0
0.6963170674161514,1.0
0.6909319079860432,1.0
0.4591675712979115,1.0
0.22184643259073722,1.0
0.13408395965993591,1.0
0.6492988655137939,1.0
0.18103904481152355,1.0
0.1697798539892763,1.0
0.7438518787181096,1.0
0.0987824137235016,1.0
0.9400784905959325,1.0
0.39600559050770245,1.0
0.6874988941463682,1.0
0.5055720892716207,1.0
0.6506360847080392,1.0
0.0,0.0
0.35158469096762657,1.0
0.0,0.0
0.5374389507397246,1.0
0.25688102407247726,1.0
0.38439647600952576,1.0
0.2019464972649745,1.0
0.1464754395614314,1.0
0.5109526179591852,1.0
0.23399283426954254,1.0
0.21569575709769984,1.0
0.2887358630165173,1.0
0.12526482402801697,1.0
0.10137740321545241,1.0
0.594639256157453,1.0
0.08004705762773856,1.0
0.0,0.0
0.3417313651709821,1.0
0.6183918162220525,1.0
0.8572984365443732,1.0
0.0,0.0
0.11383582530722736,1.0
0.39376265749425254,1.0
0.5655281796884886,1.0
0.12365931687728171,1.0
0.8494514957483981,0.0
0.6332657912839941,0.0
0.35197974862742853,1.0
0.10449603675413455,1.0
0.06646501071706767,0.0
0.6832971750436716,1.0
0.3738314994194001,1.0
0.0,0.0
0.033731671194138446,0.0
0.9409017273791109,1.0
0.17165754656311405,1.0
0.8392960802757115,1.0
0.1119433921865367,1.0
0.4984664054098893,1.0
0.18895793068035704,1.0
0.6927683590407385,1.0
0.16377262147368787,1.0
0.26136308166626776,1.0
0.14512059973656033,1.0
0.5608024153881082,1.0
0.23544204760707244,1.0
0.42325150311737136,1.0
0.5760857034741318,1.0
0.5980366645988515,1.0
0.23846897863819239,1.0
0.3400115630111493,1.0
0.5776963465575129,1.0
0.6094497563338583,1.0
0.18042632424538718,1.0
0.29364959704972016,1.0
0.5549939396645018,1.0
0.6792650597627237,1.0
0.07216531073426413,1.0
0.5709743550788415,1.0
0.5658262608561335,1.0
0.1875111982764004,1.0
0.7545338913487805,1.0
0.11361467108711532,1.0
0.20928296296968263,1.0
0.13178850888410443,1.0
0.95196577476908,1.0
0.0,0.0
0.3805823687647836,1.0
0.5584820832494444,1.0
0.13822975571884744,1.0
0.566270279940071,1.0
0.4308021404146358,1.0
0.8845909236799896,1.0
0.7592296413548119,1.0
0.7096966481389977,0.0
0.53601329126549,1.0
0.05292963336810663,0.0
0.3017561375327973,1.0
0.22517083255912107,1.0
0.5868254918457558,1.0
0.12528156732850393,1.0
0.7802490479364894,1.0
0.23181415843600517,1.0
0.12274874523008128,1.0
0.2965379459325166,1.0
0.3070624582959942,1.0
0.3309410998049156,1.0
0.5077908741981698,1.0
0.38869679321458994,1.0
0.8650674910318075,1.0
0.4963922238974603,1.0
0.46520035442817065,1.0
0.10801714474354984,1.0
0.3872573335473568,1.0
0.5559497163223024,0.0
0.36924846382768983,1.0
0.3958523928595805,1.0
0.365704609278767,1.0
0.5229837682690159,1.0
0.20558488238565653,1.0
0.1570483381325909,1.0
0.25256106047449567,1.0
0.12804968096689828,1.0
0.18315729490691623,1.0
0.4802461231358901,1.0
0.5337395856723486,1.0
0.14441879364763066,1.0
0.4502814664655497,1.0
0.37902580903291305,1.0
0.523298179581678,1.0
0.7296263196544599,1.0
0.2786148184775783,1.0
0.28144071585993746,1.0
0.13802423338099734,1.0
0.140938898166441,1.0
0.4725992446231526,1.0
0.4416913230031545,1.0
0.3330561897111317,1.0
0.19923753488513984,1.0
0.48912344966498544,1.0
0.43536689612764556,1.0
0.22938559657060376,1.0
0.6476234970743255,1.0
0.21079848125769862,1.0
0.34450679656303995,1.0
0.0,0.0
0.32018028252013186,1.0
0.21503332582547463,1.0
0.0,0.0
0.7813242475330227,1.0
0.5449188174060708,1.0
0.0,0.0
0.35692418121246616,1.0
0.16795072168862069,1.0
0.07202476884849318,1.0
0.364165270026946,0.0
0.6089419582499476,1.0
0.5989179512261282,1.0
0.4086058489723623,1.0
0.5603644655880364,1.0
0.24457632682720876,1.0
0.3186029559737298,1.0
0.5428647644680047,1.0
0.4741502072488375,1.0
0.06590103249262569,1.0
0.0,0.0
0.14205098364309388,1.0
0.7208006635689004,1.0
0.47891350267214206,1.0
0.6522685039857814,1.0
0.4496400040838968,1.0
0.47154046420513973,1.0
0.3928653428356439,1.0
0.42703509587954436,1.0
0.6679053951322831,1.0
0.09367596217088892,1.0
0.2013442906552294,1.0
0.700983374342782,1.0
0.25515545274171103,1.0
0.5131641191448697,1.0
0.6374659518001966,1.0
0.5018940562314658,1.0
0.6304312586521994,1.0
0.26577052618323194,1.0
0.9368557028641318,0.0
0.4482226377303551,1.0
0.31232475849429653,1.0
0.10748670714041042,1.0
0.47689846441526074,1.0
0.2604419900604178,1.0
0.33420173177746637,1.0
0.09918087166282596,1.0
0.26548427246624495,1.0
0.5921701820473344,1.0
0.4945667879877531,1.0
0.2869654388076581,1.0
0.2604114865819893,1.0
0.17417716169176733,1.0
0.4010019626375385,1.0
0.2935643579743412,1.0
0.6607240568018504,0.0
0.8214491464923759,1.0
0.46518893313034804,1.0
0.15292562976155377,1.0
0.6643981813712516,1.0
0.6560669943539081,1.0
0.1632389896685731,1.0
0.3360045341702036,1.0
0.33033393632990693,1.0
0.12674913557296685,1.0
0.16500847452395506,1.0
0.14672705924566687,1.0
0.7195832924733745,1.0
0.7125084832297306,1.0
0.28207568479811407,1.0
0.4377331025287483,1.0
0.45786162887308324,1.0
0.7428503498437955,1.0
0.30693823755185257,1.0
0.3926362856416503,1.0
0.4121538991000775,1.0
0.15277373560393404,1.0
0.8563669890416095,1.0
0.08776402051315513,1.0
0.37831809372034897,1.0
0.24552940647012544,1.0
0.9296989787960221,1.0
0.6189950011999565,0.0
0.7525080970444096,0.0
0.5761662547855098,1.0
0.6704692188966015,1.0
0.0,0.0
0.33316939430990944,0.0
0.3434031882763451,1.0
0.8758226491870666,1.0
0.8021808358463476,1.0
0.0,0.0
0.07540584514412219,1.0
0.4842519345187073,1.0
0.15766791928035762,1.0
0.5625600637894439,1.0
0.8038720462471307,1.0
0.2644600370474808,1.0
0.30469272256680924,1.0
0.5105037880649448,1.0
0.2681787283873134,1.0
0.6124129753902263,1.0
0.39439322877759597,1.0
0.17239039633374986,1.0
0.1256747442805981,0.0
0.140148593775689,1.0
0.41326269834012264,1.0
0.4708692016096965,1.0
0.541404005785973,1.0
0.5467967910856886,1.0
0.7824049682071315,1.0
0.26839197663241476,1.0
0.3115805214386369,1.0
0.420752410711398,1.0
0.5823681735613429,1.0
0.24944460575570115,1.0
0.0770960051496421,0.0
0.16141595766345285,1.0
0.6322367900718673,1.0
0.29374177373571486,1.0
0.7027782737616382,1.0
0.18363036892419604,1.0
0.5253635827908405,1.0
0.6594339983541468,1.0
0.7147061252002072,1.0
0.2412465258264218,1.0
0.2423931082842543,1.0
0.7801823278297801,1.0
0.7308371022707472,1.0
0.13697921714243133,1.0
0.6156553504927351,1.0
0.41432434783776717,1.0
0.32048592253216324,1.0
0.1785051863231084,1.0
0.0,0.0
0.06725400261392966,1.0
0.13928419650386026,1.0
0.0,0.0
0.18361800927327154,1.0
0.38377689186063035,1.0
0.5916681581362386,1.0
0.868142327089541,1.0
0.14581643858002113,1.0
0.39068497536554503,1.0
0.8841827640899442,1.0
0.7509228445154679,0.0
0.2073684265315352,1.0
0.34114900703019657,1.0
0.37104442264519655,1.0
0.5458733025778866,1.0
0.5281180342881844,1.0
0.7494837159728367,1.0
0.47225841336869223,1.0
0.09464123240111144,1.0
0.8661131785229648,1.0
0.2578561830238155,1.0
0.36844309776924744,1.0
0.26591358501612783,1.0
0.2689192290369675,1.0
0.6307916422641924,1.0
0.6931403570232075,1.0
0.7496026847406654,1.0
0.5994941370442755,1.0
0.26280035050909634,1.0
0.14244036216584277,1.0
0.0,0.0
0.817691683562833,1.0
0.26843023402863464,1.0
0.4313061890876475,1.0
0.13698807047393124,1.0
0.12756972736083627,1.0
0.5827241004962924,1.0
0.598180253631261,1.0
0.20505985681906092,1.0
0.19896918090380478,1.0
0.6071785576840778,1.0
0.4816791113679284,1.0
0.07321621618893559,1.0
0.0,0.0
0.2567515823636919,1.0
0.07089564696105599,1.0
0.10866993338726383,1.0
0.8460628365993492,1.0
0.136005317665032,1.0
0.07063063223627974,1.0
0.7872580094016799,1.0
0.5445861962410592,1.0
0.8529800485392856,1.0
0.43141122561278644,1.0
0.33342784756561095,1.0
0.5456398197185202,1.0
0.6284194616149863,1.0
0.25969112050895626,1.0
0.3797228083130455,1.0
0.4174553420277496,1.0
0.735413367314707,1.0
0.1900896585484224,1.0
0.8026426676331879,1.0
0.3189965590861874,1.0
0.1638994331928112,1.0
0.15866946115956493,1.0
0.9459727816117476,0.0
0.25408537507255424,1.0
0.38310062338147777,1.0
0.698618243346353,1.0
0.08314797850116218,1.0
0.7182287527614348,1.0
0.3176089199189569,1.0
0.2477741861784848,1.0
0.5608626700618817,1.0
0.0,0.0
0.06568455203124479,1.0
0.2778475417521138,1.0
0.6632823464836992,0.0
0.09655556876397009,1.0
0.30481471147111217,1.0
0.08596805669376595,1.0
0.4296498518095859,1.0
0.3199522917274247,1.0
0.0,0.0
0.3091681276572693,1.0
0.40250120480086515,1.0
0.3569608720191799,1.0
0.27983125021962607,1.0
0.12057964900133955,1.0
0.5767548972910954,1.0
0.4060118828655104,1.0
0.29909493112348695,1.0
0.0,0.0
0.21696779476420192,1.0
0.17178763351470394,1.0
0.40735027350056807,1.0
0.3427740825444876,1.0
0.523858250335743,1.0
0.0,0.0
0.0,0.0
0.5392938137228098,1.0
0.1296806967164934,1.0
0.22156636720241174,1.0
0.31050972049731307,1.0
0.3288105940977486,1.0
0.4259954456602064,1.0
0.4841938086459998,1.0
0.4175763715710459,1.0
0.6806542465123084,1.0
0.12029972366571551,1.0
0.6648420844115219,1.0
0.5275601483562662,0.0
0.5381203491492643,1.0
0.43708500665091776,1.0
0.3387431297009633,1.0
0.5122736520629974,1.0
0.35499929487966364,1.0
0.19747425536481966,1.0
0.12557916031244654,1.0
0.6036784025792121,1.0
0.2957741325102896,1.0
0.6826955326462394,1.0
0.4043426407313646,1.0
0.4953096255167724,1.0
0.11645536503740805,1.0
0.14089159036456245,1.0
0.5611335309865768,1.0
0.1763134595785263,1.0
0.16092665453917654,1.0
0.3121555848344175,1.0
0.06660458423844418,1.0
0.0,0.0
0.15399067653759024,1.0
0.19230869556983432,1.0
0.36458136660367124,1.0
0.2536922061234721,1.0
0.47301771009128935,1.0
0.16664914790770835,1.0
0.0,0.0
0.17585601044087262,1.0
0.8142366374324288,1.0
0.2760313843338933,1.0
0.20136159916840546,1.0
0.17745402977394997,1.0
0.8218987216670643,0.0
0.2401542458025414,1.0
0.4620419819357604,1.0
0.34183853950057586,1.0
0.4473976432857709,1.0
0.22970986759346568,1.0
0.09770012946101625,1.0
0.4628324333818492,1.0
0.38666997352436727,1.0
0.21913790937616007,1.0
0.20930487221410932,1.0
0.19539869233252594,1.0
0.5284432436641477,1.0
0.35192106554504354,1.0
0.6592190194578027,1.0
0.52601090337693,1.0
0.2151854430670408,1.0
0.13162936899992506,1.0
0.3243294138340964,1.0
0.3123319111858476,1.0
0.7933996294871761,1.0
0.3088510003225702,1.0
0.36505424654792185,1.0
0.6257399863311162,1.0
0.4016876076450693,1.0
0.0,0.0
0.10085621509288334,1.0
0.43549346675604683,1.0
0.0,0.0
0.9062708067983274,1.0
0.31617017852200746,1.0
0.2369436486580465,1.0
0.0,0.0
0.3171908626044071,1.0
0.3487448203271444,1.0
0.11791006644009139,1.0
0.7178696406278986,1.0
0.36230668264237176,0.0
0.5501453251357029,1.0
0.6665221786292959,1.0
0.48959285330110447,0.0
0.08427828483430488,1.0
0.16571911193610234,1.0
0.06555306455263787,1.0
0.1083454742936314,1.0
0.0,0.0
0.14921368195930773,1.0
0.7349804374036149,1.0
0.5831688048380914,1.0
0.2142124029130037,1.0
0.818115491041163,1.0
0.5186241377444087,1.0
0.28378958073544114,1.0
0.29426697937006985,1.0
0.1586386265565345,1.0
0.3637864904925858,1.0
0.3346124533315762,1.0
0.2888337218406951,1.0
0.36853540450417954,1.0
0.12692893022951646,1.0
0.19351622496193688,1.0
0.1569174878937769,1.0
0.18723083177476596,1.0
0.0,0.0
0.2578074666919088,1.0
0.8278094938847391,0.0
0.5137586308590336,1.0
0.7349639812111657,1.0
0.16611285910276763,1.0
0.28293376069121434,1.0
0.671908660557059,1.0
0.508934275458921,1.0
0.1452136297436586,0.0
0.1735350280575232,1.0
0.450340858814831,1.0
0.2507231078547627,1.0
0.22650560383221618,1.0
0.4902651522865402,1.0
0.1317682662668278,1.0
0.18044436703487055,1.0
0.11591321802803067,1.0
0.49893073913820674,1.0
0.5100551972606739,1.0
0.18290416365387863,1.0
0.4430454705675291,1.0
0.28461275049339774,1.0
0.4673588746771822,1.0
0.29380466140028005,1.0
0.8398059101241739,1.0
0.7138098989511654,1.0
0.22236938637772452,1.0
0.6242673471784759,1.0
0.6928839695448556,1.0
0.6001153928222034,1.0
0.7820318668094486,1.0
0.109820840472449,1.0
0.4783202834443401,0.0
0.3996203247285752,1.0
0.6262393472401269,1.0
0.21268666077776377,1.0
0.7321967689119449,1.0
0.11498553094030717,1.0
0.5209842088368011,1.0
0.26633278676132566,1.0
0.5891891412846761,1.0
0.4117258660316616,1.0
0.10479681293591092,1.0
0.11513504320162182,1.0
0.8706089262683459,0.0
0.7284555390909042,1.0
0.13300201352468743,1.0
0.5945699070614574,1.0
0.3824558767639705,1.0
0.894212753364878,1.0
0.6208356548360792,1.0
0.6791112088687861,1.0
0.7474085971076829,1.0
0.7884472239019074,1.0
0.5395691573343355,1.0
0.0,0.0
0.4025004465155235,1.0
0.2780078490755993,1.0
0.202380380534815,1.0
0.4134810855189994,1.0
0.6163833964557028,1.0
0.0,0.0
0.42479453275788215,0.0
0.30369712392403514,1.0
0.7591088939176718,1.0
0.13664958310147135,1.0
0.41044671068678484,1.0
0.08840526181161446,1.0
0.10023885177968594,1.0
0.5790720052164908,1.0
0.1787262735179982,1.0
0.5481321885944359,1.0
0.7986647447447828,1.0
0.5406223026318582,1.0
0.10030045396052456,1.0
0.1357628764346397,1.0
0.1198254021790146,1.0
0.1488422721981859,1.0
0.2380497979009002,1.0
0.12236500983083465,1.0
0.10721598126653431,1.0
0.8703838915880207,1.0
0.3513402659907521,1.0
0.6818081387207924,1.0
0.23023507722932646,1.0
0.6732942369480694,1.0
0.48965692841250474,1.0
0.258453713874077,0.0
0.46462213684547304,1.0
0.2207628248302207,1.0
0.8314430131744142,1.0
0.09668910101202144,1.0
0.2509277418583338,1.0
0.1762276252791648,1.0
0.3675322520189024,1.0
0.549777242626623,1.0
0.6571614131826191,1.0
0.3980160680483906,1.0
0.5535953183647053,1.0
0.5573797144291599,1.0
0.34793864796529084,1.0
0.0,0.0
0.18100097448569796,0.0
0.1362417166217229,1.0
0.07805895150539266,1.0
0.5982614051685036,0.0
0.5204143684064166,1.0
0.44049699457856306,1.0
0.9656360668863329,0.0
0.3802037312838782,1.0
0.2862445855512985,1.0
0.18485655933842216,1.0
0.3825260761799405,1.0
0.127808893358762,1.0
0.6095982742209913,1.0
0.28371938131947116,1.0
0.34706894169569136,1.0
0.14619805218083748,1.0
0.8078720354390634,1.0
0.5752122157815864,1.0
0.6256999152524094,1.0
0.5672606626200829,0.0
0.22502155938777602,1.0
0.29843458163463454,1.0
0.37076508252979057,1.0
0.2690249868335206,1.0
0.619600250954834,1.0
0.11914546932095993,1.0
0.3825897331339885,1.0
0.11538260135750811,1.0
0.431401014770457,1.0
0.288497005134535,1.0
0.32198991148170064,1.0
0.5094348988429998,1.0
0.6175797606463513,1.0
0.5857885056288796,1.0
0.2835660466197769,1.0
0.6161625313443819,1.0
0.4235700139726877,1.0
0.20696621618018218,1.0
0.3238423365474006,1.0
0.49683376604933027,1.0
0.3743944592606252,1.0
0.0,0.0
0.33512238021655305,1.0
0.576700417790514,1.0
0.3153797600883417,1.0
0.4249780918309778,1.0
0.49516831334114153,1.0
0.16221106486149628,1.0
0.485843533435788,1.0
0.3102067294820974,1.0
0.3823507221944107,1.0
0.5753695749957011,1.0
0.2569095338006595,1.0
0.4676964296987989,1.0
0.6446987524958656,1.0
0.25411016440075374,1.0
0.4404391107969534,1.0
0.509934859977875,1.0
0.3486423047506353,1.0
0.06794262774287718,1.0
0.10622991421048766,1.0
0.568432431555562,1.0
0.6717303284508658,1.0
0.0,0.0
0.7292212552291213,1.0
0.15062012220136456,1.0
0.2809582833210551,1.0
0.28321567877670795,1.0
0.16490386215842623,1.0
0.11143619432848961,1.0
0.5778757980849436,1.0
0.09807798164641568,1.0
0.6620661978481843,1.0
0.043199860064142115,0.0
0.22399801722988544,1.0
0.11413613231245279,1.0
0.4378331521773311,1.0
0.508250737244174,1.0
0.18688139628253975,1.0
0.11884199812505258,1.0
0.45432446684254835,1.0
0.24072206047063327,0.0
0.3340835102908386,1.0
0.5924750717770344,1.0
0.4852434616293677,1.0
0.24303646037700366,1.0
0.3223252636743954,1.0
0.3016179645384378,1.0
0.703571127111561,1.0
0.5385233387938646,1.0
0.708890447766604,1.0
0.1450718343862074,1.0
0.6110365424398831,1.0
0.3773012210721882,1.0
0.14694255933813638,1.0
0.43220858265744555,1.0
0.4492848794508526,1.0
0.2504694634086113,1.0
0.0,0.0
0.12406944020627986,1.0
0.0,0.0
0.0,0.0
0.12416285235717917,1.0
0.5737500295623743,1.0
0.44598515176662445,1.0
0.6210983436856305,1.0
0.2216551226009793,1.0
0.4606087196005766,1.0
0.6731598703860664,1.0
0.6617273263311709,1.0
0.27396181255610275,1.0
0.3377219504322255,1.0
0.6826558167011689,0.0
0.30961171657933706,1.0
0.12302397679944566,1.0
0.9617617819968034,0.0
0.18195402911920322,1.0
0.4068351716682632,1.0
0.45136707097744155,1.0
0.4997259893900816,1.0
0.44811724006932074,1.0
0.02222142890147394,0.0
0.39407570029194394,1.0
0.0,0.0
0.16103454013641905,1.0
0.5570557985399347,1.0
0.0,0.0
0.13354904137071877,1.0
0.9380064949060269,1.0
0.06703993706127642,1.0
0.16810356920498837,1.0
0.47118688515369644,1.0
0.07905074771731524,1.0
0.3120308138832333,1.0
0.12292295078345683,1.0
0.3098708080752077,1.0
0.238279453320005,1.0
0.5762165136978878,1.0
0.32419741216199904,1.0
0.27078604151663654,1.0
0.6743637834173359,1.0
0.5733216523644633,1.0
0.1395673580572696,1.0
0.6771072737900199,1.0
0.2786784344161921,1.0
0.8627744291549164,1.0
0.05331711217599455,0.0
0.7072172821560581,1.0
0.5445962140107357,1.0
0.38313549650419887,1.0
0.6302625731760236,1.0
0.49445857726816733,1.0
0.6166751562446193,1.0
0.09719508341269334,1.0
0.21859153777707396,1.0
0.3788380113648384,1.0
0.391305277784725,1.0
0.11668946312828554,1.0
0.3870300040034764,1.0
0.2350102751315215,1.0
0.1385219966888318,1.0
0.2586675843533244,1.0
0.4474809266252082,1.0
0.9844607465944826,0.0
0.11994966693971998,1.0
0.0885628391077935,1.0
0.22091121466916874,1.0
0.198078834867482,1.0
0.8669643068016848,1.0
0.1796131582518372,1.0
0.2850358657112313,1.0
0.5342344168768363,1.0
0.4539765259127244,1.0
0.3054678702541085,1.0
0.10120145300556471,1.0
0.3370424917526038,1.0
0.6733741060027145,1.0
0.5172168361782368,1.0
0.1053807636759907,1.0
0.0,0.0
0.6605811550280558,0.0
0.49226038409027284,1.0
0.2773408650901925,1.0
0.5991611587448746,1.0
0.49714571343481984,1.0
0.2801627909780824,1.0
0.08874407130528805,1.0
0.5079920749097964,1.0
0.7271586410694759,1.0
0.3376340623600318,1.0
0.405790325493693,0.0
0.23203847784717535,1.0
0.6697884077080318,1.0
0.6288818356058568,1.0
0.0,0.0
0.22582101722296022,1.0
0.5323236908725515,1.0
0.13560578632178721,1.0
0.8916824982324019,1.0
0.24841101981834646,1.0
0.4956313435789572,1.0
0.44202163129783534,1.0
0.164392249639147,0.0
0.6239228925605476,1.0
0.21782470021686695,1.0
0.2507732407197092,1.0
0.6019342772666012,1.0
0.2753689450586565,1.0
0.24182134913185704,1.0
0.5239227145935788,1.0
0.0894940075055306,1.0
0.32911121522117615,1.0
0.6676711669924678,1.0
0.16986458487342349,1.0
0.47226570111106225,1.0
0.32717522671063604,1.0
0.2734725004284386,1.0
0.22058100341100229,1.0
0.8178425883481526,1.0
0.5134908881077043,1.0
0.8527847640539283,1.0
0.22357190488423573,1.0
0.5679933613338766,1.0
0.6048609915862726,1.0
0.5233945268370541,1.0
0.3129979918313279,1.0
0.29635122266873903,1.0
0.6873647196566419,1.0
0.44050026480914717,1.0
0.29706582957460315,1.0
0.30528295266980665,1.0
0.3670470194263631,1.0
0.6380557007221261,1.0
0.10075628248834434,1.0
0.8198486022091624,1.0
0.08610036248030095,1.0
0.5553335624642215,1.0
0.10529583671806098,1.0
0.743190714922835,1.0
0.1253580341028746,1.0
0.06407183716825493,1.0
0.4740188268105099,1.0
0.33677902761131095,1.0
0.22110647514549076,1.0
0.768583728288371,1.0
0.14904025870030857,1.0
0.6989089277305958,1.0
0.3638812501505506,1.0
0.1039289583631029,1.0
0.4356545573742854,1.0
0.530302388258399,1.0
0.5546014799823156,1.0
0.2946507197711994,1.0
0.1626085464334146,1.0
0.18085162828687285,1.0
0.26569242379338087,1.0
0.1805358634648857,1.0
0.0930662157239106,1.0
0.6606183040071798,1.0
0.48205757278258066,1.0
0.20776615319568137,1.0
0.6079176237939161,1.0
0.339125565611214,1.0
0.18256640155433823,1.0
0.28203919106555864,1.0
0.8950648370030994,0.0
0.22274460757308523,1.0
0.10028303140443429,1.0
0.5632987237464473,1.0
0.11160575813518037,1.0
0.18858764534235473,1.0
0.14270135837845643,1.0
0.18256761301020807,1.0
0.1307879993933838,1.0
0.420595127525893,1.0
0.08317995053220528,1.0
0.2950356246105055,1.0
0.40741564209870607,1.0
0.0,0.0
0.15875841963454995,1.0
0.9977634423856063,0.0
0.6716351636404427,1.0
0.5645566541043827,1.0
0.31985797623659984,1.0
0.22396107832981427,1.0
0.10501813221813538,1.0
0.09378600958161964,1.0
0.19138076439025964,1.0
0.31935687167145277,1.0
0.5333960934165565,1.0
0.33785103300586883,1.0
0.11763054225542025,1.0
0.09906902157374908,1.0
0.18339786243223521,1.0
0.04990525829879244,0.0
0.2831828664294549,1.0
0.13735715235907575,1.0
0.3027753180494064,1.0
0.37872943650822855,1.0
0.6994829407311141,1.0
0.1932559770309008,1.0
0.48227117115943585,1.0
0.6542907849680928,1.0
0.25882758356086644,1.0
0.6465193916005396,1.0
0.7470011127717346,0.0
0.11828275068079819,1.0
0.4788874728771564,1.0
0.4575840344145661,1.0
0.5388870636631693,0.0
0.3025723726812677,1.0
0.19154125778376274,1.0
0.7951857115880845,1.0
0.7995514714191434,1.0
0.5475147812646752,1.0
0.0,0.0
0.2004480564031761,1.0
0.37657868218152624,1.0
0.4144132923074819,1.0
0.35147165443209083,1.0
0.22264712789157848,1.0
0.5404286637657463,1.0
0.07364876295585177,1.0
0.30260596832327424,1.0
0.2989843415087252,1.0
0.19846335456185793,1.0
0.4541072150909313,1.0
0.24749331948863018,1.0
0.0,0.0
0.28264117259060484,1.0
0.08578931043172622,1.0
0.2686264138509058,1.0
0.2939591185223409,0.0
0.23554406199498468,1.0
0.7188696759401862,0.0
0.32059909711964707,1.0
0.09262252376306934,1.0
0.12125749307338607,1.0
0.36957280887840804,1.0
0.5550896466789554,1.0
0.2486378801856759,1.0
0.4781329949678734,1.0
0.6200369532854846,1.0
0.2792970842134923,1.0
0.7490660237956885,0.0
0.2200543092165037,1.0
0.09914222512017057,1.0
0.29632563504014,1.0
0.4228069278241331,1.0
0.1224320980760738,1.0
0.17648436388964717,1.0
0.9289458513949342,1.0
0.2991403762244329,1.0
0.6495985572875087,1.0
0.2197099236245501,1.0
0.20504157193847883,1.0
0.5702953965874404,1.0
0.7332331869150028,1.0
0.1922870004059658,1.0
0.34951126874091587,1.0
0.3998576600376147,1.0
0.618121673567642,1.0
0.3734295971839905,1.0
0.46652106340963995,1.0
0.39315296506760156,1.0
0.35703946359311045,1.0
0.2502648664189686,0.0
0.23632573513780653,1.0
0.16931268419374934,1.0
0.4848542521702375,0.0
0.6883475584979148,1.0
0.49462463875693974,1.0
0.8301988129831268,1.0
0.15135022193716452,1.0
0.4161282416412013,1.0
0.4516181034407065,1.0
0.1458237513318026,1.0
0.0,0.0
0.6587713319934574,1.0
0.1275670753628919,1.0
0.10888433106489526,1.0
0.2773649591567655,1.0
0.10166276759778414,1.0
0.2814935867552024,1.0
0.17520665508910316,1.0
0.5524751278381306,1.0
0.15767651851624143,1.0
0.25060642494710095,1.0
0.19882571291694484,1.0
0.565713429397769,1.0
0.8152666410217497,1.0
0.47218423445524094,1.0
0.0746246501812382,1.0
0.5815218380861498,1.0
0.39370976158957616,1.0
0.7396804880279642,0.0
0.7667271666660889,1.0
0.1476426657874934,1.0
0.4805846305158781,1.0
0.2502637820109066,1.0
0.3289538580078144,1.0
0.39812633254080865,1.0
0.19221828254750406,1.0
0.0,0.0
0.4029962820979569,1.0
0.2784637806421917,1.0
0.4138225159989477,1.0
0.4724176712972916,1.0
0.0,0.0
0.07993511750478222,1.0
0.0,0.0
0.007017837805348481,0.0
0.21525684593586858,1.0
0.0,0.0
0.2899073398420753,1.0
0.384421680493948,1.0
0.12182264674014576,1.0
0.2923334047678807,1.0
0.07050236997131787,1.0
0.839779723270087,1.0
0.16816255039955275,1.0
0.49348052222703354,1.0
0.4423838666066202,1.0
0.49748215803858775,1.0
0.5178439231504375,1.0
0.43985759597350693,1.0
0.1848756215114995,1.0
0.2174714192776026,1.0
0.6390826641674434,1.0
0.10323571649688201,1.0
0.4257284381855606,1.0
0.3556229785712133,1.0
0.08103527849426229,1.0
0.06279791079103259,1.0
0.07254330997500036,1.0
0.49772028564576853,1.0
0.422815831174455,1.0
0.6138831386111763,1.0
0.24843277700555433,1.0
0.0,0.0
0.1570019186649918,1.0
0.6452695482857504,1.0
0.3684526483631263,1.0
0.0,0.0
0.20587777059919876,1.0
0.299409959668413,1.0
0.2104572298451335,1.0
0.5509474199631845,1.0
0.3138197190464571,1.0
0.6726921463819915,1.0
0.15461265158617943,1.0
0.25080570893746756,1.0
0.22210471278131472,1.0
0.16881621237189925,1.0
0.3385438006936572,1.0
0.0,0.0
0.4223368549361757,1.0
0.4606793581818045,1.0
0.20205700885037325,1.0
0.7389588984945443,0.0
0.5841868149142653,1.0
0.0,0.0
0.8008321723456215,1.0
0.08198470176128803,1.0
0.09715848163948237,1.0
0.3699943855172756,1.0
0.18454137773590062,1.0
0.3439329826374333,1.0
0.4680957869765434,1.0
0.46455100207753075,1.0
0.5573727047914403,0.0
0.6476298214541836,1.0
0.8633952307619404,1.0
0.5223165932117086,1.0
0.6232056816748086,1.0
0.35112117054535474,1.0
0.3102399749923497,1.0
0.3703745285647244,1.0
0.47857880772676875,1.0
0.16066133970146845,1.0
0.21109372535775828,1.0
0.16694460708870285,1.0
0.5752269513265573,1.0
0.3656572834701124,1.0
0.23709897810836322,1.0
0.24720020519001284,1.0
0.18108441388386032,1.0
0.12967674622992975,1.0
0.6585624663975431,1.0
0.10166999731832105,1.0
0.13565687454623454,1.0
0.653412835596622,1.0
0.4012355395322902,1.0
0.1548110732520538,1.0
0.8816793140441956,1.0
0.8869981755264522,1.0
0.3797824917718713,1.0
0.5389815962356819,1.0
0.5860903812243645,1.0
0.47231354311396023,1.0
0.5462266375374787,1.0
0.2715306287040504,1.0
0.6235710941791686,1.0
0.1403649832028142,1.0
0.17684570186076431,1.0
0.12321672633090142,1.0
0.2833500743496278,1.0
0.39128566740535886,1.0
0.29243093446820945,1.0
0.4166199956877574,1.0
0.8624111774636685,1.0
0.7014582970557237,1.0
0.2578874387853274,1.0
0.529656418180505,1.0
0.900009803789156,0.0
0.3903308471074358,1.0
0.5732883758425413,1.0
0.26626610666967343,1.0
0.44001362668770927,1.0
0.41220674198480234,1.0
0.21694453501158018,1.0
0.26791957086659757,1.0
0.7435501511783382,1.0
0.11091136483567654,1.0
0.18878943027382267,1.0
0.3165942921155289,1.0
0.73255367521543,1.0
0.3142308097394739,1.0
0.28729694555331475,1.0
0.3078723130435259,1.0
0.45995838087876617,1.0
0.14237471846418304,1.0
0.7387622705036279,1.0
0.18539369546220863,1.0
0.6476934263886567,1.0
0.13093978551034757,1.0
0.8574570672369441,1.0
0.26614055842599527,1.0
0.0,0.0
0.34172064513704425,1.0
0.0,0.0
0.41519421816910285,1.0
0.7511240732376354,0.0
0.2431651367978116,1.0
0.11706068982051887,1.0
0.393925491768627,1.0
0.09804815242170806,1.0
0.1591680247685523,1.0
0.20988965426701123,1.0
0.4069309066932578,0.0
0.0,0.0
0.19453989316725906,1.0
0.1873175724151821,1.0
0.2785508033887645,1.0
0.26063146535978365,1.0
0.7829631082346658,1.0
0.21868600532511762,1.0
0.0,0.0
0.1488020890773174,1.0
0.10477440550401651,1.0
0.47369276111231384,1.0
0.5556050766347322,1.0
0.2623506692945048,1.0
0.448091794494176,1.0
0.35282121927199084,1.0
0.3770450966928407,1.0
0.5704351121622713,1.0
0.0,0.0
0.46813382929182845,1.0
0.17043537866255543,1.0
0.0,0.0
0.12141341774768488,1.0
0.5509597335967928,1.0
0.18063888223074454,1.0
0.6068007495152421,1.0
0.5203113036232421,0.0
0.3206004566312295,1.0
0.3146490691300645,1.0
0.4387029264725286,1.0
0.26253683334785194,1.0
0.10483682099090208,1.0
0.1569170437266374,1.0
0.8220519043095393,1.0
0.0,0.0
0.3909212542770635,1.0
0.4215921797156348,1.0
0.634981528914349,1.0
0.08574296499198342,0.0
0.1341584797017532,1.0
0.38415810531087047,1.0
0.1036677130567556,1.0
0.621461512345634,1.0
0.5270569069870423,1.0
0.4612924288796951,1.0
0.0854094344847871,1.0
0.2887627821461587,1.0
0.25067184556481426,1.0
0.9469143729316198,1.0
0.7591541959647872,0.0
0.8430643662779662,1.0
0.17548952053108602,1.0
0.6916068589694233,1.0
0.2039359558962679,1.0
0.7799503175245337,1.0
0.22035723120574557,1.0
0.21351313978098618,1.0
0.17135898821590656,0.0
0.36863397859751235,1.0
0.0,0.0
0.2973882308938971,1.0
0.32270730143482274,1.0
0.7518091050144076,1.0
0.44639570425711605,1.0
0.23215051600702274,1.0
0.5210853428934454,1.0
0.36675422924971235,1.0
0.3920860515891267,1.0
0.7456626871235019,1.0
0.7926842612948408,1.0
0.5671463866181377,1.0
0.4788564572059899,1.0
0.2676286864070665,1.0
0.4403239124479299,1.0
0.10612755569307986,1.0
0.5904652484825386,1.0
0.17841896487806475,1.0
0.3044672307144505,1.0
0.3360029315671458,1.0
0.11042426253956927,1.0
0.4122044671287761,1.0
0.13097421146480004,1.0
0.3527069272640224,1.0
0.49507146289641657,1.0
0.0,0.0
0.12443296500029666,1.0
0.17337260693861856,1.0
0.5727208862967923,1.0
0.34320126629330483,1.0
0.11276803649936662,1.0
0.43789275260491234,1.0
0.713469601897724,1.0
0.7435201849020583,1.0
0.16190806784402145,1.0
0.40694584531464617,1.0
0.6694945761395066,1.0
0.7976869538030287,1.0
0.24030373305444463,1.0
0.3956175634935253,1.0
0.36053316026767535,1.0
0.507457832875053,1.0
0.38530913044047566,1.0
0.5559687544863445,1.0
0.28332234791619815,1.0
0.7977099654622934,1.0
0.4553434002661767,1.0
0.41772318781785245,1.0
0.20678403862695127,1.0
0.09793990168706523,1.0
0.3342660879946462,1.0
0.2599852281813795,0.0
0.23359369207273328,1.0
0.5090083693403744,1.0
0.32869918817581123,1.0
0.17856922241982742,1.0
0.1962302782574783,1.0
0.0,0.0
0.3711562107109345,1.0
0.6943275547645302,1.0
0.11999073639411417,1.0
0.6747584809416196,1.0
0.3696777483670326,1.0
0.5768467918709344,1.0
0.5129589129259751,1.0
0.0,0.0
0.2854806480823928,1.0
0.4057621298837133,1.0
0.19754380953798556,1.0
0.8950164187833716,1.0
0.5170219508430804,1.0
0.27357163073107227,1.0
0.5541166715493873,1.0
0.07905566856902713,0.0
0.6578172189616778,1.0
0.99049485122202,0.0
0.3239299565187084,1.0
0.5625163573427518,1.0
0.2043812384556496,1.0
0.0,0.0
0.8648412198862019,1.0
0.15477470756768286,1.0
0.5870209183845669,1.0
0.8290013793900628,1.0
0.0,0.0
0.0,0.0
0.7056123822338223,1.0
0.3782118427382102,1.0
0.29602581021635865,1.0
0.4122917749826338,1.0
0.3022098442621859,0.0
0.7792957111968275,1.0
0.10407380786982756,1.0
0.38426719736210035,1.0
0.7386532934956893,1.0
0.38315523793287865,1.0
0.29561552282562387,1.0
0.19158921282919872,1.0
0.26993316758102726,1.0
0.7012178195642838,1.0
0.1537222255197408,1.0
0.0,0.0
0.20212652300848166,1.0
0.1350386859224737,1.0
0.29610473691639694,1.0
0.22564346441001382,1.0
0.38593825918099167,1.0
0.08612763374244947,1.0
0.5047190832863215,1.0
0.7688429278248976,1.0
0.3750147996941102,1.0
0.5671879722667761,1.0
0.10075686670818529,1.0
0.0,0.0
0.3230388632011838,1.0
0.09831985466298976,1.0
0.0,0.0
0.1425049604741213,1.0
0.6512613209838252,1.0
0.3359346588762002,1.0
0.3820504562046194,1.0
0.46518384121426504,1.0
0.3996069867094918,1.0
0.13027726220348956,1.0
0.09700548906853079,1.0
0.08562502861264187,1.0
0.39940210861406955,1.0
0.2487110147061231,1.0
0.5648198971624825,1.0
0.9445566197114408,1.0
0.13704359936939925,1.0
0.8330014145993125,1.0
0.0,0.0
0.11724274232669485,1.0
0.6546478253220207,1.0
0.8409662687659698,1.0
0.18694249027214704,1.0
0.4726387034714774,1.0
0.5592310280766344,1.0
0.49745722065467524,1.0
0.0,0.0
0.11205435094020455,1.0
0.680747220498326,0.0
0.2666084194816425,1.0
0.6336121996371111,0.0
0.33561768059759123,1.0
0.861169024042578,1.0
0.5683802779302045,1.0
0.0,0.0
0.3644040158667665,1.0
0.07086867181033352,1.0
0.1395514530722397,1.0
0.0,0.0
0.40122766456894965,1.0
0.10097014896608547,1.0
0.23784641436788023,1.0
0.5432695527894453,1.0
0.38986402644328644,1.0
0.7609947365583722,1.0
0.14709829594166468,1.0
0.517689031865002,1.0
0.4660831146099449,1.0
0.2277437577482968,1.0
0.12906646558193202,1.0
0.24135748157896053,1.0
0.3781566859827783,1.0
0.31599654918546216,1.0
0.16334534068835582,1.0
0.12667008082474407,1.0
0.4025459916541134,1.0
0.3585000031927015,1.0
0.14715379782696836,1.0
0.5474720471838834,1.0
0.8473885954810907,1.0
0.5534307794488758,1.0
0.21224663119507214,1.0
0.4492673328480832,1.0
0.09913720022930939,1.0
0.4955691301681129,1.0
0.5162976302819775,1.0
0.5781165666859271,1.0
0.5146403626538261,1.0
0.5790312658863219,1.0
0.4710779351559209,1.0
0.45692984824496463,1.0
0.6830922409271687,1.0
0.14375298010265958,1.0
0.869754756845246,1.0
0.0,0.0
0.10028866052266583,1.0
0.0,0.0
0.39377317245102006,1.0
0.6568464556644202,1.0
0.725922915067017,1.0
0.3820237411517713,1.0
0.2686740367713627,1.0
0.37495553339226007,1.0
0.5359792394518266,1.0
0.7940643836334966,1.0
0.0,0.0
0.3530921192113672,1.0
0.14537996133406983,1.0
0.3412127520173711,1.0
0.20225459520192013,1.0
0.0,0.0
0.6612277383367084,1.0
0.5977287747402058,1.0
0.13762036540588163,1.0
0.6537788973452918,1.0
0.4360313631659283,1.0
0.14208701019985126,1.0
0.25062741184444937,1.0
0.3084038200490804,1.0
0.19712269807416272,1.0
0.0,0.0
0.7138825602935559,1.0
0.4017891658613246,1.0
0.5474856162899244,1.0
0.14083663068328933,1.0
0.5236788498275113,1.0
0.6949062625316844,1.0
0.5090910374483011,1.0
0.34249869191526905,1.0
0.6486182784095469,1.0
0.7733503159505419,1.0
0.6655070046203315,1.0
0.6896381001274401,1.0
0.3128350595200624,1.0
0.1458002885027634,1.0
0.5553966051871355,1.0
0.35158457492395945,1.0
0.5200676019185346,1.0
0.6856800097019708,1.0
0.2736385128987653,1.0
0.08096159276639625,1.0
0.34679859096298093,1.0
0.029142867431871444,0.0
0.37428572534416116,1.0
0.7114896998625686,0.0
0.11904357797934972,1.0
0.1130423427205236,1.0
0.13082166106023507,1.0
0.2182833317994728,1.0
0.28657639941252233,1.0
0.1901550331488191,1.0
0.478360292499707,1.0
0.5947775942139253,1.0
0.2935507898686769,1.0
0.5030092508780961,1.0
0.7041323172868625,1.0
0.8070006385332791,1.0
0.4912121556429563,1.0
0.0,0.0
0.10389360906119594,1.0
0.0999663432349931,1.0
0.19228737554713105,1.0
0.47353603913799125,1.0
0.4493464406162575,1.0
0.36041713360695926,1.0
0.7116890628826735,1.0
0.2038974484059377,1.0
0.39526440660093964,1.0
0.5952896669063672,1.0
0.1996055793799152,1.0
0.41351383484253734,1.0
0.33808043032785173,1.0
0.5729888851444911,1.0
0.22948406962591594,1.0
0.3972935641709041,1.0
0.28542684983816713,1.0
0.4580877069460363,1.0
0.2068521992757355,1.0
0.4899850278760045,1.0
0.32298862029482844,1.0
0.26616990646963457,1.0
0.5623361815427783,1.0
0.24620113724174297,1.0
0.684183446546752,1.0
0.2113824390004133,1.0
0.24184126162490838,1.0
0.10476075336673141,1.0
0.22250462326723097,1.0
0.720325483759213,0.0
0.25387853323817877,1.0
0.5924021763465568,1.0
0.2839159122738728,1.0
0.5121164739170183,1.0
0.3884229521684781,1.0
0.29597595545606215,1.0
0.2646309173495678,1.0
0.14364714727787353,1.0
0.692980641922575,1.0
0.09448811978498695,0.0
0.44407260807834703,1.0
0.20414794266667746,1.0
0.48576806703785813,1.0
0.5705663685539206,1.0
0.11575906602078456,1.0
0.0,0.0
0.2863248687617901,1.0
0.8117098055881331,1.0
0.285901141313575,1.0
0.26823403319845873,1.0
0.14371122539040337,1.0
0.5696958869925792,1.0
0.3103459978886596,1.0
0.6227662383127108,1.0
0.8086737031058049,1.0
0.6024014170508347,1.0
0.2019355441433257,1.0
0.13365178603343253,0.0
0.0,0.0
0.2855719344333556,1.0
0.345132924174234,1.0
0.1843124635957385,1.0
0.8576965763639888,1.0
0.39739099383358845,1.0
0.187487315289256,1.0
0.09550077884757968,1.0
0.0,0.0
0.48247172762863455,1.0
0.2949632693833055,1.0
0.4240596992407646,1.0
0.4668201679623838,1.0
0.70737083393744,1.0
0.11948405773144044,1.0
0.09740419310045967,1.0
0.06354753487382547,1.0
0.3957002696157561,1.0
0.6038458365844606,1.0
0.10379120152534282,1.0
0.15114580001339917,1.0
0.23568110556434263,1.0
0.5333206210163679,1.0
0.4219779698880908,1.0
0.17457468627987227,1.0
0.1568776208918643,1.0
0.0,0.0
0.85157580012201,1.0
0.15345306023311256,1.0
0.525902909739032,1.0
0.3161902210639962,1.0
0.3958784676715066,1.0
0.749373470487571,1.0
0.1160946282925317,1.0
0.4317364049774568,1.0
0.19705984442239632,1.0
0.4992718244882828,1.0
0.0,0.0
0.5854672837534092,1.0
0.5953989210185799,1.0
0.1884836972267827,1.0
0.2995252480513164,1.0
0.0,0.0
0.6390518365670483,0.0
0.49506321779379237,1.0
0.34249328888211306,1.0
0.8426353298319804,1.0
0.31805315908571075,1.0
0.32079581614481967,1.0
0.7496066592362638,1.0
0.0,0.0
0.2173828879633577,1.0
0.31235719470000856,1.0
0.20955738623488296,1.0
0.5979486444769679,1.0
0.1308917754442076,1.0
0.38648510395813407,1.0
0.5992318993644989,1.0
0.0860587248120881,0.0
0.6756907597572055,1.0
0.33533274837788163,1.0
0.31419373478820667,1.0
0.40780666924182896,1.0
0.8893872355273413,0.0
0.5884091827870734,1.0
0.5757524150580338,1.0
0.5207656255841417,1.0
0.2912766160993616,1.0
0.23431852582695045,1.0
0.6160397321351625,1.0
0.6818541990532494,1.0
0.1697951677518299,1.0
0.15790461134734546,1.0
0.9214311046032311,1.0
0.0,0.0
0.17998267129922718,1.0
0.3184777318520182,0.0
0.26475612646563285,1.0
0.6826764614697747,1.0
0.6365741442138937,1.0
0.3033238664676281,1.0
0.22336391161657732,1.0
0.3308615368654606,1.0
0.2361304676588496,1.0
0.8283620278027004,1.0
0.25544505071713974,1.0
0.46639069035038805,1.0
0.19175336059783943,1.0
0.28134525093658214,1.0
0.651282161826213,1.0
0.22096419960734792,1.0
0.32212084575213584,1.0
0.17525276043850013,1.0
0.5696368817889805,1.0
0.6040053406056645,1.0
0.409344191810034,1.0
0.10855340953945625,1.0
0.7339859981971353,1.0
0.1529130710357176,1.0
0.3263942058132532,1.0
0.6794124242158199,1.0
0.6694199920735975,1.0
0.35559338443496946,1.0
0.35632672338968474,1.0
0.6083984907436681,1.0
0.3909829484925349,1.0
0.6675308171789736,1.0
0.5055197835890448,1.0
0.09645330228119509,1.0
0.4315081991038143,1.0
0.9742072792249648,0.0
0.43669887134858953,1.0
0.24931552818393987,1.0
0.0,0.0
0.20770994904611628,1.0
0.2876184615394588,1.0
0.7170748625537042,1.0
0.3428576860043857,1.0
0.27241043977607715,1.0
0.07666534609306952,1.0
0.1435244240972633,1.0
0.3837378801805742,1.0
0.7722782515337738,1.0
0.25686320036543453,1.0
0.6289073512073515,1.0
0.8575975300929759,1.0
0.5620048198517051,1.0
0.44858376462204363,1.0
0.3027315015613059,1.0
0.4006304118233386,1.0
0.5733175538221857,1.0
0.33009895490663244,1.0
0.21827842495303118,1.0
0.42764092585275737,1.0
0.30908293459920655,1.0
0.2800202903552407,1.0
0.23291215961275036,1.0
0.4291001599610933,1.0
0.6281559724642825,1.0
0.15423016065522432,1.0
0.2625817552519196,1.0
0.3850574657393002,1.0
0.3654169430302452,1.0
0.12295112138402597,1.0
0.8490645181291074,1.0
0.3235831990342133,1.0
0.7930190752850108,1.0
0.029922787915169557,0.0
0.16578262183481396,1.0
0.3372197634597698,1.0
0.2528321394812547,1.0
0.37926485798679543,1.0
0.5633651767526469,1.0
0.7488118361451295,0.0
0.0,0.0
0.1802954850107139,1.0
0.0,0.0
0.551188253588637,1.0
0.08001417025225166,1.0
0.5109399822043632,1.0
0.12443468364702204,1.0
0.13881384651162865,1.0
0.25058988272227856,1.0
0.5742946575053245,1.0
0.6129405279077114,1.0
0.14706296164540422,1.0
0.10150560045594581,1.0
0.35559958876965414,1.0
0.1350912797134649,1.0
0.38931911239267425,1.0
0.3340248482163588,1.0
0.0,0.0
0.6465524160275988,1.0
0.11736983715235061,1.0
0.10278019608500655,1.0
0.21351678415235975,1.0
0.8398138671183824,1.0
0.24491226624087403,1.0
0.37287014766369575,1.0
0.2264352293503693,0.0
0.25075452767801076,1.0
0.14307998085371532,1.0
0.3925733029413232,1.0
0.2559709876266729,1.0
0.6989639144220332,1.0
0.19880523521120486,1.0
0.2375452580430566,1.0
0.1758516768101317,1.0
0.4219160695950728,0.0
0.8517494094510272,1.0
0.319240098729912,1.0
0.14010164510895295,1.0
0.295108863170102,1.0
0.4048586318983247,1.0
0.1750274516550303,1.0
0.19924796581028614,1.0
0.40810438427169693,1.0
0.5341899151308738,1.0
0.1373902608177553,1.0
0.3847293502697773,1.0
0.12997000458275476,1.0
0.20136651001635242,1.0
0.18215296998045094,1.0
0.0747507826447582,1.0
0.3981105986201503,1.0
0.31818101319708525,1.0
0.10431328598520295,1.0
0.10491553761188799,1.0
0.22953590313081218,1.0
0.1442440528928599,1.0
0.5488306854380998,1.0
0.24768763560959206,1.0
0.0,0.0
0.5660166004807441,1.0
0.1429156890308665,1.0
0.13692519581425966,1.0
0.48472900904137317,1.0
0.12838292736718548,1.0
0.7252042316271567,1.0
0.10490016482712416,1.0
0.21194714649928015,1.0
0.1432961832104458,1.0
0.43326378472892957,1.0
0.0,0.0
0.20006169701652565,1.0
0.7763194282245212,1.0
0.18142963779127141,1.0
0.7033043337174734,1.0
0.5103319494022283,1.0
0.6743180802192681,1.0
0.0,0.0
0.6142491903560816,1.0
0.15418951736119357,1.0
0.2631699515896133,1.0
0.45084747645454204,1.0
0.6457856975121881,1.0
0.27461322368145824,1.0
0.9530997104679497,0.0
0.15664981016691604,1.0
0.0983002142723306,1.0
0.38766232294446157,1.0
0.43858279926878163,1.0
0.15593753914004083,1.0
0.1039639255212097,1.0
0.7497615525224526,1.0
0.21295471664691945,1.0
0.0,0.0
0.5490906122482984,1.0
0.14938772345094664,1.0
0.15921788653148372,1.0
0.5942573024286464,1.0
0.3105711346073816,1.0
0.587768031522494,1.0
0.2910307495800364,1.0
0.2079013630750235,1.0
0.3929293669278455,1.0
0.4755314600128715,1.0
0.41221823230859966,1.0
0.14834699682655872,1.0
0.393763003624501,1.0
0.4363023161252557,1.0
0.15631854451198146,1.0
0.5890328864861516,1.0
0.22351420717264503,1.0
0.31202658829314833,1.0
0.6475476645386182,1.0
0.5786720507140117,1.0
0.4672027769377589,1.0
0.3260774806298832,1.0
0.5721711024136669,1.0
0.66546758978857,1.0
0.5388070845671153,1.0
0.3137164091710547,1.0
0.43048992892976656,1.0
0.3336243445072138,1.0
0.125135509367039,1.0
0.5839770389757897,1.0
0.8613779986795249,1.0
0.5777715018383702,0.0
0.24342326293041738,1.0
0.2635486711013866,1.0
0.8562784437220943,1.0
0.7798937502383207,1.0
0.8023841823654396,1.0
0.20939500112953002,1.0
0.6881137745252404,1.0
0.4522468790483387,1.0
0.06736426310484234,1.0
0.23737137060938895,1.0
0.41122529666791063,1.0
0.13862041472344,1.0
0.17522426171445904,1.0
0.4573299277944991,1.0
0.21746748679781458,1.0
0.30432520126891216,1.0
0.307772428457056,1.0
0.5662380638171762,1.0
0.6265593796680098,1.0
0.34775115941353585,1.0
0.8353851986148535,1.0
0.0,0.0
0.6118141740618852,1.0
0.5641930892953084,1.0
0.4943845053949958,1.0
0.10449374889321472,1.0
0.9605229468243666,0.0
0.15034322000334388,1.0
0.4867459880285492,1.0
0.48890892994142776,1.0
0.8210319875158705,1.0
0.40420975572687023,1.0
0.20463557216116834,0.0
0.3721364315670619,1.0
0.522662546393545,1.0
0.27050524285238,1.0
0.4533583082780468,1.0
0.29191506534717515,1.0
0.09458696898184105,1.0
0.811605987521498,1.0
0.40698745997420094,1.0
0.5917594704969886,1.0
0.08773997746578033,1.0
0.23429639449895356,1.0
0.0,0.0
0.8577357270963706,1.0
0.3061284388254015,1.0
0.1723639273735067,1.0
0.2129559261020364,1.0
0.22440881881411112,1.0
0.2791713669061955,1.0
0.5922481954036822,1.0
0.41520518429564524,1.0
0.11101009798886308,1.0
0.5781214765334979,1.0
0.6143623919537298,0.0
0.4006488887761974,1.0
0.21179926185043518,1.0
0.19153337881891597,1.0
0.18370472790540582,1.0
0.2351707105031915,1.0
0.49719503499447315,1.0
0.0,0.0
0.39428042933127694,1.0
0.11277174689558489,1.0
0.672301229280277,1.0
0.466852793239243,1.0
0.13777827882854465,1.0
0.544520570546176,1.0
0.08696470072991991,1.0
0.28889940255628277,1.0
0.5169020257153747,1.0
0.1624411524432232,1.0
0.5379838267760322,1.0
0.6761083769061216,1.0
0.5144982051601033,0.0
0.3309792591642444,1.0
0.47870550140147206,1.0
0.42215835676749336,1.0
0.3198759339940862,1.0
0.28445097161616806,1.0
0.23081146712426737,1.0
0.36198784866546463,1.0
0.42256201366317914,1.0
0.6471099848401853,1.0
0.25278573601967835,1.0
0.14104519316514308,1.0
0.11208401410242264,1.0
0.5590557071035276,1.0
0.4605804079469302,1.0
0.0,0.0
0.23838375756958952,1.0
0.20201356250155555,1.0
0.6317455042014855,1.0
0.5440493872403693,0.0
0.28802992737364086,1.0
0.14404629647731815,1.0
0.3042526159551313,1.0
0.6872347787600126,1.0
0.22601412688993472,1.0
0.6912540291999338,1.0
0.3093726236088914,1.0
0.38554178698890196,1.0
0.6503218664680301,1.0
0.7535333128320851,1.0
0.5930985573940486,1.0
0.37572723078121584,1.0
0.3215285068556013,1.0
0.2984734812725294,1.0
0.5914430414250451,1.0
0.2287399706222053,1.0
0.3812399222014844,1.0
0.15885353442615102,1.0
0.0,0.0
0.5847502059177367,0.0
0.5126927727777035,1.0
0.14840725049995607,1.0
0.7371803272199524,1.0
0.14225859576732836,1.0
0.29247181185032733,1.0
0.3771256149917961,1.0
0.3100611126866428,1.0
0.3290774195038817,1.0
0.3020792581227525,1.0
0.19130971865582014,1.0
0.311999586132262,1.0
0.38023689776439173,1.0
0.33055544968516104,1.0
0.24571218825072672,1.0
0.9419553188445255,1.0
0.3724524124703601,1.0
0.1360235925418496,1.0
0.10526949880713188,1.0
0.9411101137947107,1.0
0.0,0.0
0.6212477859205943,0.0
0.2196219045030423,1.0
0.2880555480146625,1.0
0.0,0.0
0.10115996539381777,1.0
0.40125515191240924,1.0
0.18403814637044125,1.0
0.7652120795403188,1.0
0.4852704467838542,1.0
0.3361734507333374,1.0
0.2523468708751633,1.0
0.36859561316063694,1.0
0.34043327169970716,1.0
0.35548265176637717,1.0
0.30786710208264667,1.0
0.28142614837820856,1.0
0.4617243884256399,1.0
0.5422561814588267,1.0
0.2133408189368251,1.0
0.0,0.0
0.6706012905950494,1.0
0.5586458158618632,1.0
0.24919562606489265,1.0
0.8250160046975519,1.0
0.6394866882012833,1.0
0.0824119195229045,1.0
0.8283081975464288,1.0
0.496090045187914,1.0
0.10468175864109464,1.0
0.31379948343181585,1.0
0.37574567372127543,1.0
0.6630617194619717,1.0
0.20686437785852396,1.0
0.48103688069716943,1.0
0.6414123728344854,1.0
0.4166076410387154,1.0
0.74224224401418,1.0
0.6234119062769201,1.0
0.5444970877096083,1.0
0.4807537171430072,1.0
0.431779063029639,1.0
0.17524835778178494,1.0
0.719966048504086,1.0
0.8356722446299818,1.0
0.18367033196224725,1.0
0.6184660221456673,1.0
0.32215505662565347,1.0
0.8672852145589531,0.0
0.16288185227813035,1.0
0.7299546261958829,1.0
0.5184018540992956,1.0
0.8169061849805019,1.0
0.36150950066359044,1.0
0.5280305113533919,1.0
0.41769103271792085,1.0
0.5398508453332482,1.0
0.16560225196181122,0.0
0.20139188256401708,0.0
0.47114009354606123,1.0
0.22947670485456007,1.0
0.24233162614858816,1.0
0.22146159477665295,1.0
0.1803679342732991,1.0
0.39271784433210444,1.0
0.7041717071092131,1.0
0.16687953760312046,1.0
0.1875259158145952,1.0
0.41790236824326765,1.0
0.4252619376418725,1.0
0.4958147435921991,1.0
0.3597740126011675,1.0
0.30948249695412144,1.0
0.5279596156754192,1.0
0.2804603159364265,1.0
0.37588229713252863,1.0
0.44671672905842774,0.0
0.17501672661921042,1.0
0.706240008408924,1.0
0.5415180326941846,1.0
0.3959040282899413,1.0
0.2889236306732985,1.0
0.12443760674698146,1.0
0.6236493526277442,1.0
0.576944988822349,1.0
0.4716175402087628,1.0
0.24293843749108923,1.0
0.7924693634289888,1.0
0.5125701196234442,1.0
0.5214384217566685,1.0
0.09141807953190995,1.0
0.48935704456651363,1.0
0.0,0.0
0.9215474583870433,1.0
0.08568205807277085,1.0
0.18141846058529998,1.0
0.45317671694540973,1.0
0.37539385533236747,1.0
0.10723552662143199,1.0
0.2261743631866926,1.0
0.8552809603701061,1.0
0.20996443340632664,1.0
0.552225517910164,1.0
0.0,0.0
0.4410603935850457,1.0
0.2802370889363299,1.0
0.2940297601046975,1.0
0.21591862596303102,1.0
0.7251885377215559,1.0
0.8305697105515106,1.0
0.8374900496681996,1.0
0.39746450349520046,1.0
0.5128094066669195,1.0
0.21874229150555102,1.0
0.1923993206719694,1.0
0.5721516881080833,1.0
0.7370816670942459,1.0
0.7155828731195721,1.0
0.45011143848419,1.0
0.5863449590217349,0.0
0.25647236929609374,0.0
0.14771814018843488,1.0
0.31437607440242177,1.0
0.5068772133885209,1.0
0.3818551977290503,1.0
0.4174431294321619,1.0
0.0,0.0
0.6597948861558653,1.0
0.14471979491410636,1.0
0.7318621569978161,1.0
0.7083978554045904,1.0
0.3789508778363788,1.0
0.47577292887736355,0.0
0.37100442159284075,1.0
0.8356557564254872,1.0
0.6438014608459146,1.0
0.3610410603899834,1.0
0.7333472818488125,1.0
0.2997372268187144,1.0
0.48751275956391105,1.0
0.25613156705255014,1.0
0.4382734248514981,1.0
0.16187321472882932,1.0
0.26455293100338384,1.0
0.856685950066324,1.0
0.30670475869399194,1.0
0.42909473491965544,1.0
0.722335298050321,1.0
0.20350017391194308,1.0
0.0,0.0
0.3766035425364529,1.0
0.1826717231867634,1.0
0.2912932843716156,1.0
0.1819474646489998,1.0
0.7730779914751142,1.0
0.5081047423064251,1.0
0.8450148522438847,1.0
0.1304976191235787,1.0
0.37668573946707573,1.0
0.0,0.0
0.23565104225154831,1.0
0.2863498711701711,1.0
0.771865685285507,1.0
0.5158707476464688,1.0
0.15154545440294642,1.0
0.5776637753009819,1.0
0.18672126102380204,1.0
0.1125053886652494,1.0
0.3067268590103187,1.0
0.39732854833540987,1.0
0.2468450215347584,1.0
0.0,0.0
0.25235609934782843,1.0
0.2806846303457142,0.0
0.4275301711758832,0.0
0.13627543831116107,1.0
0.34180567113224125,1.0
0.21245804074827523,1.0
0.22028995689048791,1.0
0.5342671561966097,1.0
0.31950153710891227,1.0
0.5199283575210067,1.0
0.6807978945669277,0.0
0.3083201935805242,1.0
0.4138446263190394,1.0
0.27898326212255364,1.0
0.45424234894166426,1.0
0.776655809804573,1.0
0.5025114205450398,1.0
0.358244342988022,1.0
0.3233181092812045,1.0
0.333004497259314,1.0
0.28459296804928425,1.0
0.33572517204651575,1.0
0.23787862248776337,1.0
0.0,0.0
0.4314943138788183,1.0
0.592259795768888,1.0
0.6660961313081151,1.0
0.2978220051227054,1.0
0.2390934056094376,1.0
0.0,0.0
0.7775697727279081,0.0
0.47123251432390756,1.0
0.7029973722081642,1.0
0.0,0.0
0.28070439478305254,1.0
0.5904276833468156,1.0
0.32347092878703165,1.0
0.5423309886086822,1.0
0.6757434215737947,1.0
0.8104110178556079,1.0
0.3232426128719812,1.0
0.22134439267361872,1.0
0.20033764985730373,1.0
0.06353849547230794,1.0
0.211396014108713,1.0
0.9138544475147454,0.0
0.08873530200540936,1.0
0.0,0.0
0.4075106758598155,1.0
0.13950288379566933,1.0
0.3980257446897011,1.0
0.6245921584046155,1.0
0.30642434117315887,1.0
0.7283843993210803,1.0
0.44855505882007884,1.0
0.19431677620857046,1.0
0.49998291707171116,1.0
0.48909031619689447,1.0
0.24133259521424666,1.0
0.7799314364195933,1.0
0.36340727379372106,1.0
0.47004334884212584,1.0
0.3870084919084964,1.0
0.7498950557595871,1.0
0.11473568292274816,1.0
0.2775109140794574,1.0
0.35270354399089987,1.0
0.16903684339513259,1.0
0.5742148224634778,1.0
0.17505906655168468,1.0
0.5693827841723014,1.0
0.3476628601866252,1.0
0.4786439732484893,1.0
0.531742723255018,1.0
0.6955427360360273,1.0
0.5950638339256424,1.0
0.0,0.0
0.4566252576278198,1.0
0.42454235786472205,1.0
0.4643798176610061,1.0
0.47373521208657277,1.0
0.2897265818230137,1.0
0.7144350601987175,1.0
0.2783089243699317,1.0
0.21741611746758682,1.0
0.15291825598680964,1.0
0.7004360303777952,1.0
0.5180410673355973,1.0
0.8829936866412891,1.0
0.3618348470911257,1.0
0.5228773732326704,1.0
0.46839144223132,1.0
0.17001632197194194,1.0
0.36864097122883255,1.0
0.5150512222598853,0.0
0.17227547208787097,1.0
0.43336370032706917,1.0
0.40911081999245225,1.0
0.40267343461077054,1.0
0.31847422553259364,1.0
0.5971591153779574,1.0
0.22049797116605196,1.0
0.6146904844145946,0.0
0.5021958227859185,1.0
0.43303260873763527,1.0
0.0,0.0
0.3036332678950755,1.0
0.4171671605853611,1.0
0.34693196715230723,1.0
0.6960127348961285,1.0
0.4703998279848709,1.0
0.48256804287196475,1.0
0.5843962487239982,1.0
0.7483404907783395,1.0
0.10654817397131744,1.0
0.47352655256820464,1.0
0.5310768826998831,1.0
0.22887512147933764,1.0
0.8127756806758626,1.0
0.23562976824616122,1.0
0.5443028546198905,1.0
0.3566335878624787,1.0
0.41121715360368416,1.0
0.805051223970529,1.0
0.6679849590721139,1.0
0.1960050254950887,1.0
0.2615263330976183,1.0
0.18478804455637832,1.0
0.27225440205924034,1.0
0.7630138423458606,0.0
0.1911618370081043,1.0
0.1725690625656746,1.0
0.5665704168813019,1.0
0.17523748469025158,1.0
0.4404850480831084,1.0
0.0,0.0
0.30610531912548167,1.0
0.11404482595396193,1.0
0.8075942048917066,1.0
0.3454856439023146,1.0
0.25942113291289415,1.0
0.19347325579268126,1.0
0.1004710091402683,1.0
0.18934009848972133,1.0
0.17004208166528878,1.0
0.16083272119215186,1.0
0.5021221690700992,1.0
0.11323091167883392,1.0
0.3763669525078619,1.0
0.0,0.0
0.1375517165733946,1.0
0.5212267360995675,1.0
0.36945573382318164,1.0
0.5993135710974902,1.0
0.14276822253937338,1.0
0.0,0.0
0.350382220479184,0.0
0.14243286834592572,1.0
0.4846208183293168,1.0
0.3447296064061609,1.0
0.4874587392361156,1.0
0.610621969436477,1.0
0.7603753884983164,1.0
0.08577381460066036,0.0
0.5080871166739174,0.0
0.6122472560301966,0.0
0.22943094663578778,1.0
0.12752825175360671,1.0
0.08365360576819691,1.0
0.14805113149272975,1.0
0.306154136495409,1.0
0.19083560924892495,1.0
0.4347029112708083,0.0
0.24125707179485945,1.0
0.5482341339563739,1.0
0.29935427071271503,1.0
0.663220904363091,1.0
0.07362059835754131,1.0
0.5237408181461278,1.0
0.3866745112319019,1.0
0.24810098315185902,1.0
0.11125802228252679,1.0
0.23194979447571162,1.0
0.18408893548233296,1.0
0.7752142563494497,1.0
0.08647410511928255,1.0
0.35052912876062337,1.0
0.22304830485406812,1.0
0.13761017757221028,1.0
0.7539458400656707,1.0
0.3654357531084589,1.0
0.4373868272256982,1.0
0.6428982169561426,1.0
0.929830099136475,1.0
0.22021762567232273,1.0
0.27157506542554444,1.0
0.5563859794876955,1.0
0.9222780773182166,1.0
0.15218293628674173,1.0
0.4529566461329835,1.0
0.23135456249051023,1.0
0.6038287121405497,1.0
0.4445836493826789,1.0
0.49570157900847933,1.0
0.17164221179265526,1.0
0.9375889807958839,1.0
0.65057728758274,1.0
0.18947582656406015,1.0
0.10529610481894736,1.0
0.3108789504381706,1.0
0.22966147838465467,1.0
0.35119768733854784,1.0
0.430757526626512,1.0
0.22344754608814554,1.0
0.08406341998087541,0.0
0.7497185763505625,1.0
0.40788704948883536,1.0
0.51153592645759,1.0
0.2598611244812812,1.0
0.30866336271472594,1.0
0.18510309911109202,1.0
0.20034255170186288,1.0
0.0,0.0
0.39890047384940885,1.0
0.1757569561668486,1.0
0.5538523390813439,1.0
0.0,0.0
0.4191912922640877,1.0
0.4796147895656988,1.0
0.3874994576584174,1.0
0.3421218681168505,1.0
0.33996418518292026,1.0
0.39739109187047994,1.0
0.30504833138205045,1.0
0.426168722864245,1.0
0.29869602201438816,1.0
0.3767758593791086,1.0
0.49665009993595577,1.0
0.42335034831271967,1.0
0.18464367623072198,0.0
0.7086346535114814,1.0
0.34155628428822116,1.0
0.36073133083906317,1.0
0.5171788949009724,1.0
0.0,0.0
0.17788018813691586,1.0
0.09572525831897982,1.0
0.7652608128786254,1.0
0.15719070970687188,1.0
0.079127149467217,1.0
0.44354572681345417,1.0
0.14087944179306744,1.0
0.22959422407692553,1.0
0.13188219913965415,1.0
0.2774939086803423,1.0
0.44311627721199853,1.0
0.2599083682590675,1.0
0.12792119561798954,0.0
0.816385976226468,1.0
0.25989211114153044,1.0
0.2170981068004907,1.0
0.7397991126662973,0.0
0.7963753762577106,1.0
0.2531114415823561,1.0
0.36282430742405936,1.0
0.5026574584989758,1.0
0.14963355195596773,1.0
0.10076398638731332,1.0
0.4623654886710211,1.0
0.24449644676842253,1.0
0.2023031314660675,1.0
0.5977265028853092,1.0
0.6123492003917583,1.0
0.0,0.0
0.24528938414996615,1.0
0.18494241164455927,1.0
0.23010827351321472,1.0
0.3282087826366973,1.0
0.1927137820034539,1.0
0.11071652951934174,1.0
0.435869997444168,1.0
0.10130465684106449,1.0
0.16859329648887522,1.0
0.0,0.0
0.1966246956763582,1.0
0.38382345738319,1.0
0.43530761782127847,1.0
0.10919408262409735,1.0
0.0,0.0
0.5932979424224354,1.0
0.10799028963800028,1.0
0.6617331635277024,1.0
0.2992738294427455,0.0
0.2237867397263722,1.0
0.4025217735408617,1.0
0.480382719536979,1.0
0.7396708764111226,1.0
0.20632540004171052,1.0
0.5164131427492031,1.0
0.37236096005690866,1.0
0.3701424482331275,1.0
0.48299018372314473,1.0
0.6450930638748429,1.0
0.5683325549721032,1.0
0.4095153672231704,1.0
0.13354562408479742,1.0
0.30535849709709906,1.0
0.0,0.0
0.6780049815965699,1.0
0.2353571716683418,1.0
0.4297406069606584,1.0
0.2203496163402794,1.0
0.19499672907415366,1.0
0.45248518272177307,1.0
0.6925004462254143,1.0
0.468438998126556,1.0
0.4659990839893058,1.0
0.23250271253822508,1.0
0.0,0.0
0.3477015407420798,1.0
0.4435173771455023,1.0
0.6541806975423046,1.0
0.1701538457219911,1.0
0.44358619003972555,1.0
0.21677988005208348,1.0
0.08759501791764768,1.0
0.1936818452846989,1.0
0.860411290908357,0.0
0.5816412810324114,1.0
0.1981681694840085,1.0
0.25439964733289155,1.0
0.7319375953852054,1.0
0.7014857093709503,1.0
0.3290566096731635,1.0
0.2176100044270557,1.0
0.1340589002300976,1.0
0.18364600780909246,1.0
0.916208529353387,1.0
0.13524231454772195,1.0
0.23155898241352313,1.0
0.6044967335163256,1.0
0.4839075769372938,1.0
0.20863662475325784,1.0
0.11344890470939317,1.0
0.12862209436548744,1.0
0.0,0.0
0.07042638237726218,1.0
0.2964254065840719,1.0
0.4494530767433256,1.0
0.9227327944278105,0.0
0.17833799540933448,1.0
0.33121917744525353,1.0
0.7846317631478406,1.0
0.41865639698352863,1.0
0.10488037137886952,1.0
0.3026768990144224,1.0
0.0867835325565176,1.0
0.7744393367479785,1.0
0.6114544807096367,1.0
0.3963632150814722,1.0
0.0,0.0
0.4116667898013353,1.0
0.1723550470318429,0.0
0.29196647169133083,1.0
0.10713836205850447,0.0
0.60919160018996,1.0
0.5665921080436647,1.0
0.5102416804341057,1.0
0.7318558456228517,1.0
0.5212350712360712,1.0
0.47936390715889976,1.0
0.11675378233153744,1.0
0.8891856076549751,1.0
0.1663989357531248,1.0
0.8296183385511782,1.0
0.1893334870018255,1.0
0.6092924091242611,1.0
0.4594801289130297,1.0
0.14538143989044938,1.0
0.7330792759984783,1.0
0.12362039122959922,1.0
0.09434245297071042,1.0
0.2267511352254341,1.0
0.49421759758775474,1.0
0.1392316367256683,1.0
0.9615675539089681,0.0
0.5508618187515344,1.0
0.3153582970118074,1.0
0.8388720907288691,1.0
0.7690576736335308,1.0
0.39458265505851564,1.0
0.0,0.0
0.12710498347817767,1.0
0.3789967350924184,1.0
0.2390549721469637,1.0
0.31605100067550307,1.0
0.4721667228656474,1.0
0.0,0.0
0.21621140713629394,1.0
0.5833537584359454,1.0
0.19225705313683816,1.0
0.0917077175223957,1.0
0.1421345450871816,1.0
0.3277807635735517,1.0
0.31921965603734703,1.0
0.6683875735755489,1.0
0.33037744170093486,1.0
0.09703740607887035,1.0
0.19849506949615625,1.0
0.10728859959273818,1.0
0.28658302390531265,1.0
0.3269588572910398,1.0
0.1646941802553359,1.0
0.7642104296204559,1.0
0.38681889856471097,1.0
0.3275756453877836,1.0
0.986141468048285,1.0
0.7318816963504546,1.0
0.5433598337620849,1.0
0.0,0.0
0.37941347391081903,1.0
0.2681945913565329,1.0
0.4958492145635911,1.0
0.0,0.0
0.5023399780313929,1.0
0.33814825485015154,1.0
0.6803569976578614,1.0
0.11822666257490022,1.0
0.0,0.0
0.5018399548731791,1.0
0.3677609120634484,1.0
0.16647182117983794,1.0
0.3571643065713985,1.0
0.4424794725830532,1.0
0.5167066551976442,1.0
0.6453844435207126,1.0
0.8627037195469618,1.0
0.9311458692594563,0.0
0.9013544967957898,1.0
0.3863009426584214,1.0
0.7981328375886516,1.0
0.6023792567119215,1.0
0.21832166822543142,1.0
0.8307252650865267,1.0
0.3458587242920923,1.0
0.5091443565122113,1.0
0.34420334137315534,1.0
0.5399355161948085,1.0
0.8118164227080484,1.0
0.6497698517454418,1.0
0.312637310107156,1.0
0.0,0.0
0.2990344863781895,1.0
0.0,0.0
0.46800000993573887,1.0
0.27390969894580364,1.0
0.5797624310230316,1.0
0.11589632867258315,1.0
0.9078274995802644,1.0
0.5966911492827838,1.0
0.4185797761511858,1.0
0.6797668255766975,1.0
0.1738900666581933,1.0
0.31419373478820667,1.0
0.24443057197980567,1.0
0.4446133035415092,1.0
0.12269399362710764,1.0
0.34026266850189435,1.0
0.11004141747535456,1.0
0.2504562424335717,1.0
0.19211536381929006,1.0
0.6032701569567926,1.0
0.10794811676839178,1.0
0.5812612490267473,1.0
0.3016877157857625,1.0
0.30293339553380605,1.0
0.06309001270869219,1.0
0.3721353311529776,0.0
0.07556547921426304,1.0
0.5854427255121677,1.0
0.29312835190569375,1.0
0.5045984829045183,1.0
0.3681188467539145,1.0
0.3808486499661332,1.0
0.2589580306479746,1.0
0.4536150478889054,1.0
0.7078306189540813,1.0
0.1485324756220443,1.0
0.7683714294005117,1.0
0.21246422207430227,1.0
0.2112373203924265,1.0
0.2909894270304023,1.0
0.342087176062265,1.0
0.4908977123182474,1.0
0.3061702865726672,0.0
0.47199795735935623,1.0
0.5146178651880522,1.0
0.360601993169428,1.0
0.4069366088389694,1.0
0.2482962076146289,1.0
0.7161025956906557,1.0
0.8917402399605567,1.0
0.9688255430830366,0.0
0.2549687834982617,1.0
0.3155305198190774,1.0
0.19034028986073448,1.0
0.36442509679950064,0.0
0.3312974859126516,1.0
0.3931974107924838,1.0
0.3273719727459721,1.0
0.0872518827962443,1.0
0.4392912948749701,1.0
0.9241942273635626,1.0
0.23807032662583927,1.0
0.22338517561819993,1.0
0.7120511651413919,1.0
0.5089013480683766,1.0
0.18142399966965161,1.0
0.4779743952869717,0.0
0.3080006993551665,1.0
0.14434916944811427,1.0
0.269791407236752,1.0
0.0,0.0
0.22775804612499861,1.0
0.15597556044742067,1.0
0.38209559619075106,1.0
0.16046389440299968,1.0
0.21281900357822758,1.0
0.07582602925898385,1.0
0.21200687897655168,1.0
0.3441922642048283,1.0
0.21958170237502195,1.0
0.266414090355787,1.0
0.03399364777566438,0.0
0.2119155786203195,1.0
0.5212673803939749,1.0
0.17709984149325386,1.0
0.41264023010594864,1.0
0.35275820555999404,1.0
0.6256671659288715,0.0
0.5672342786918376,1.0
0.0703605856180074,1.0
0.5677548335761196,1.0
0.3870064161273823,1.0
0.5056214968636485,0.0
0.21277429475434184,1.0
0.5054352017609873,1.0
0.3755829534898152,1.0
0.34868876123216275,1.0
0.7396293407813066,1.0
0.0,0.0
0.07062369862716977,1.0
0.10437950290256293,1.0
0.1310776773989275,1.0
0.12906048633194622,1.0
0.7431503987519004,1.0
0.34147788178543825,1.0
0.7540353127341466,1.0
0.5272838453837339,1.0
0.4347648045611914,1.0
0.8547482939282571,1.0
0.46461357162238803,1.0
0.23406158914193265,1.0
0.5468485375578345,1.0
0.3188072778598512,1.0
0.17949055211527032,1.0
0.21095392475092956,0.0
0.5183503917340588,1.0
0.2473244029254964,1.0
0.20977543328576997,1.0
0.6303661881662408,1.0
0.24285389367733679,1.0
0.43620212442321815,0.0
0.8636916142907656,1.0
0.43978398327312185,1.0
0.1349736824617369,1.0
0.7506814096637751,0.0
0.2379000025330531,1.0
0.5339279515542419,1.0
0.14223063024393,1.0
0.39731078465095315,1.0
0.6456864701730396,1.0
0.4559395395928094,1.0
0.46342936300586945,1.0
0.7064537278313296,1.0
0.8646659949492337,1.0
0.5502663856906693,1.0
0.3940722179815541,1.0
0.0,0.0
0.3220225337574303,1.0
0.8556471661729832,1.0
0.566535812859843,1.0
0.5440931116938375,1.0
0.4834423358675446,1.0
0.5758258246820018,1.0
0.6159526333599805,1.0
0.8144105338694843,1.0
0.0,0.0
0.4465297406948934,1.0
0.4378412172121955,1.0
0.42783284307101477,1.0
0.24659977124732047,1.0
0.13049493211245933,1.0
0.09577153573312502,1.0
0.33365588037412897,1.0
0.41080771853367626,1.0
0.25870480936105755,1.0
0.0,0.0
0.29733649042401034,1.0
0.25502038991770526,1.0
0.6548132255619659,1.0
0.3534512033343633,1.0
0.09574205263866586,1.0
0.51907483934297,1.0
0.5495857735770113,1.0
0.5607698651394823,0.0
0.6351829677155685,1.0
0.5973618836794663,1.0
0.5479854173645688,1.0
0.10946460642193179,1.0
0.4926029159846821,1.0
0.3331679577693407,1.0
0.23634677005322446,1.0
0.21926651977212375,1.0
0.7397226598971964,1.0
0.1440078290020459,1.0
0.15476288311815445,1.0
0.10223371544488824,1.0
0.5290681798270005,1.0
0.490092168192799,1.0
0.3765057547390027,1.0
0.6193078779351593,1.0
0.38017499747137373,1.0
0.19497862326095428,1.0
0.38279773540503514,1.0
0.7485919964196608,1.0
0.4584724677311347,1.0
0.19622732814735455,1.0
0.8490116742440064,1.0
0.0921215402434723,1.0
0.5881721005732734,1.0
0.4898487836074228,1.0
0.7173039997778119,1.0
0.2893627579164413,1.0
0.16607178864799632,1.0
0.14114930234132173,1.0
0.44034405402718635,1.0
0.6636110891892506,1.0
0.6216670536906368,1.0
0.3508782741436822,1.0
0.24033904534242323,1.0
0.6347376041256951,1.0
0.2031269104532769,1.0
0.4233357278110397,1.0
0.5115200965007931,0.0
0.5804979057814474,1.0
0.2662924215719449,1.0
0.541427590660938,1.0
0.3978447855949745,1.0
0.1879501884679704,1.0
0.4033976191206774,1.0
0.2805648372676992,1.0
0.0,0.0
0.34721938530747165,1.0
0.45618776600015787,1.0
0.17245128224505768,1.0
0.5230281229596416,1.0
0.32787220298210995,1.0
0.33822816992211324,1.0
0.9639430698132276,1.0
0.0687758712915909,1.0
0.21217879066674916,1.0
0.2004352495839834,1.0
0.0,0.0
0.6144220684099202,0.0
0.7077870915747724,1.0
0.3556221932757073,1.0
0.47818377507637777,1.0
0.1711305502549303,1.0
0.2194226575266045,1.0
0.7123076026385649,1.0
0.37104404750403175,1.0
0.25984527551733194,1.0
0.2863178341146595,1.0
0.719369958195899,1.0
0.0,0.0
0.2698365682307884,1.0
0.7342982076812521,1.0
0.5448211696613221,1.0
0.15665170487989455,1.0
0.839469738623174,1.0
0.1870698962148758,1.0
0.1738837702888758,1.0
0.25076328997525454,1.0
0.40775351123852577,1.0
0.5561551376221319,1.0
0.46817533891185725,1.0
0.2758006184969397,1.0
0.47144577857503167,1.0
0.38223841093179534,1.0
0.5925902971362218,1.0
0.5806081532674665,0.0
0.0,0.0
0.7274787545278496,1.0
0.14175527536836574,1.0
0.001225827277578695,0.0
0.3136386989287683,1.0
0.7604805410671229,1.0
0.6577123214888636,1.0
0.6395568155901494,1.0
0.39456641594775466,1.0
0.15823561190252322,1.0
0.624600289464325,1.0
0.5039685448594624,1.0
0.15054601631539333,1.0
0.1466998580098693,1.0
0.17722044387581004,1.0
0.18058576824400419,1.0
0.43972465594830856,1.0
0.5278999272147109,1.0
0.08942285172968312,1.0
0.6038902933134835,1.0
0.4762233613746618,1.0
0.0,0.0
0.45327209583639094,1.0
0.2906049933683992,1.0
0.5168318993268848,1.0
0.32310719991622117,1.0
0.2797540131553964,1.0
0.3147975810149384,1.0
0.0,0.0
0.26044320551779343,1.0
0.36018269238696243,1.0
0.3882297944834341,0.0
0.19619028420775697,1.0
0.2056690520586204,1.0
0.7386263243472255,1.0
0.1348027981581441,1.0
0.18040024243082664,1.0
0.12340897467376077,1.0
0.5273641425994962,1.0
0.5328218893441381,1.0
0.8015260334448588,1.0
0.2735639738497957,1.0
0.6883466831685294,0.0
0.3474262171380831,1.0
0.8776538872801294,1.0
0.11861270884372521,1.0
0.6597099351889013,0.0
0.9697958282003558,0.0
0.0,0.0
0.2902418016997377,1.0
0.2026446909945765,1.0
0.3677164273238853,1.0
0.9840876481979293,0.0
0.5121749129075521,1.0
0.5131930310243815,1.0
0.0,0.0
0.6007949985571619,1.0
0.43393335868894134,1.0
0.2276091270869136,1.0
0.3930072782457965,1.0
0.49869745035186996,1.0
0.1558885707132709,1.0
0.33096891627222425,1.0
0.5099622272761617,1.0
0.0,0.0
0.853008177124043,0.0
0.539757145073934,1.0
0.48997704087050264,1.0
0.7257625487213213,1.0
0.14414344903572873,1.0
0.453514817172187,1.0
0.8035699515692052,1.0
0.3746879487004078,1.0
0.0,0.0
0.4847196045024549,1.0
0.48436964981485575,1.0
0.43437391747077037,1.0
0.10269274817844654,1.0
0.9433498656110797,0.0
0.29944575413783614,1.0
0.2504530012139039,1.0
0.21546876968256257,1.0
0.46279412796756025,1.0
0.2352301458686603,1.0
0.5226167361551983,1.0
0.45201158050573254,1.0
0.11226171697183496,1.0
0.7593548964881935,1.0
0.08379633547724374,1.0
0.745462294716039,1.0
0.3393120837978212,1.0
0.35626050147044275,1.0
0.25598482383322363,1.0
0.15734312506061743,1.0
0.3515860924950198,1.0
0.7313377516646136,1.0
0.1660576983458295,1.0
0.3142721112812028,1.0
0.6511972658799534,1.0
0.0,0.0
0.23819793764573793,1.0
0.2963524521313845,1.0
0.420809671258485,1.0
0.4295859397595456,1.0
0.5922459135450211,1.0
0.0,0.0
0.3745076528552618,1.0
0.6634962849885446,1.0
0.35139342199330237,1.0
0.6799313784977974,1.0
0.0,0.0
0.39624472849508807,1.0
0.38063582387989037,1.0
0.1785709020518711,1.0
0.45894695828145426,1.0
0.7215664887481492,1.0
0.3145519405806887,1.0
0.16351477844761497,1.0
0.0,0.0
0.18252681865933473,1.0
0.5600812530154284,1.0
0.4784271906734232,1.0
0.6541657819295743,1.0
0.3731931492088538,1.0
0.0,0.0
0.6938256008797854,1.0
0.5018391065539571,1.0
0.3419273289119422,1.0
0.4347927710849664,1.0
0.15807178025283708,1.0
0.12114602612848602,1.0
0.5735198179339687,1.0
0.5036633390108065,1.0
0.49709407400295325,1.0
0.6694329739586675,1.0
0.5974272742858866,1.0
0.15737385062261522,1.0
0.16572079156814645,1.0
0.7242156056081743,1.0
0.11891006373807445,1.0
0.0,0.0
0.0,0.0
0.4138069171291088,1.0
0.33833959285045,1.0
0.574412525859068,1.0
0.3447250436892153,1.0
0.133112790209843,1.0
0.15579576278974194,1.0
0.6649565644902609,0.0
0.17795287048721153,1.0
0.3370049756353266,1.0
0.3318888434398972,1.0
0.2846406149787759,1.0
0.19054497688425664,1.0
0.3253791418456973,1.0
0.40611895815783594,1.0
0.33474014738271984,1.0
0.10579801868863425,1.0
0.5272664788487242,1.0
0.0,0.0
0.2543941682711264,1.0
0.23100976974534548,1.0
0.6677391785851623,0.0
0.46691292486671454,1.0
0.32179649369878227,1.0
0.2747839799368661,0.0
0.15414348003739464,1.0
0.6846306588322877,1.0
0.5883580505460624,1.0
0.1778922926918476,1.0
0.0,0.0
0.5794693287289312,1.0
0.20812739913216616,1.0
0.6229487029739804,1.0
0.20657746189233261,1.0
0.23908923604043286,1.0
0.3012001643206337,1.0
0.215298915766704,1.0
0.2541087458669611,1.0
0.09047131226433391,1.0
0.649005402083799,1.0
0.5275950164771053,1.0
0.48260901328909167,0.0
0.43601781306703913,1.0
0.20011258216455596,1.0
0.2556427471100946,1.0
0.8427005583774165,1.0
0.12616254083795475,1.0
0.8710477193857566,1.0
0.0,0.0
0.25195614184421977,1.0
0.5296684226977928,1.0
0.46589948851162744,1.0
0.6003206250508857,1.0
0.49652574113986514,1.0
0.08005418731063108,1.0
0.5701766689103343,1.0
0.323310289338568,1.0
0.18648213704168626,1.0
0.7490400190101139,1.0
0.27234147182350554,1.0
0.13569787297390246,1.0
0.34236087805605164,1.0
0.28264983284945133,1.0
0.6176504172343549,1.0
0.0,0.0
0.2327601264028054,0.0
0.6300788670475912,1.0
0.5295772773999081,1.0
0.3508806980557977,1.0
0.3225905805128564,1.0
0.3922438279602174,1.0
0.35578871593801864,1.0
0.3313270130236736,1.0
0.40508013324906145,1.0
0.10098222751122998,1.0
0.13085036586182364,1.0
0.19526362150550902,1.0
0.0,0.0
0.7360389817327868,0.0
0.21627017425030015,1.0
0.469155032569601,1.0
0.0,0.0
0.804715140502656,1.0
0.46254834147835,1.0
0.11917740433807511,1.0
0.557123296939515,1.0
0.702925859297928,0.0
0.0,0.0
0.3499066345166617,1.0
0.47856335291113705,1.0
0.688070515246817,1.0
0.4488460893345705,1.0
0.9883137774861543,1.0
0.7807236475278407,1.0
0.1672553420179459,1.0
0.8498911271812668,0.0
0.24772737056181526,1.0
0.27834786902476605,1.0
0.3531774393172378,1.0
0.9830897967074113,0.0
0.3323446949763751,1.0
0.4821694268731629,1.0
0.26170943799980995,1.0
0.24296564472914595,1.0
0.07326823076196742,1.0
0.23447436747000472,1.0
0.7980386031283184,1.0
0.7678238593504494,0.0
0.125145693199205,1.0
0.6530069508626029,1.0
0.12121246012753373,1.0
0.3121648643262809,1.0
0.45155031493195885,0.0
0.43012288681218447,1.0
0.6597902634163333,1.0
0.5985586020033749,1.0
0.5512624254994529,1.0
0.3405527736681786,1.0
0.3027163278514542,1.0
0.4388653986106319,1.0
0.14579250357330187,1.0
0.22322077575469557,1.0
0.5613700309812879,1.0
0.7255976736790077,1.0
0.44652410457402736,1.0
0.5180124615712769,1.0
0.5555725223846006,1.0
0.28603773771466434,1.0
0.4275587509304164,1.0
0.393546379108912,0.0
0.5746490128488859,1.0
0.4236574528758599,1.0
0.5577090923737509,0.0
0.0,0.0
0.17470743823430013,1.0
0.39942882566767013,1.0
0.15662439060155897,1.0
0.16439135230147972,1.0
0.33488258998372844,1.0
0.14276176310869593,1.0
0.7572975092954506,1.0
0.5422711761012957,1.0
0.149127500529322,1.0
0.2444000815062708,1.0
0.7961949573662617,1.0
0.5162081035931738,1.0
0.2446712095314756,1.0
0.17792469688551327,1.0
0.4182348733646122,1.0
0.6781275297113027,1.0
0.2848919435534669,1.0
0.09204953414764994,1.0
0.5110262866806514,1.0
0.5065341482934684,1.0
0.42362302191952494,1.0
0.18076302994740612,1.0
0.47954974809065654,1.0
0.5636793689828687,1.0
0.34236759958535634,1.0
0.442631073630376,1.0
0.49226768183640734,1.0
0.35160502962104134,1.0
0.13565745676532348,1.0
0.07090278964884211,1.0
0.23132721820088165,1.0
0.16314613272659884,1.0
0.3100023285662372,1.0
0.2411216158229128,1.0
0.11912871901783761,1.0
0.1244806259350586,1.0
0.4581907977389985,1.0
0.07379222494045301,1.0
0.1097587671143061,1.0
0.4257836829741195,1.0
0.2899430432772423,1.0
0.8746906682237623,1.0
0.13621134519298472,1.0
0.27704121433191187,1.0
0.28255322149469553,1.0
0.8151063487039107,1.0
0.7591145750554786,1.0
0.37139866294546753,1.0
0.45533778715396833,1.0
0.5414231439876596,1.0
0.8339037461457712,1.0
0.5604280515153572,1.0
0.2947530432754313,1.0
0.20478517245561,1.0
0.7739765756114259,1.0
0.737564945951596,1.0
0.15502559897786972,1.0
0.5499481149256984,1.0
0.3232388584591992,1.0
0.37063718740298235,1.0
0.5749818500952091,1.0
0.1659455081287633,1.0
0.2579553623448949,1.0
0.4239104990968996,1.0
0.0,0.0
0.4971561243524376,1.0
0.18858101884881195,1.0
0.3594694750039742,1.0
0.05782646103946254,1.0
0.29189280697137043,1.0
0.45142920335779424,1.0
0.7730723693595172,1.0
0.16906752394019087,0.0
0.27919856414048727,1.0
0.8247949575177187,1.0
0.0,0.0
0.379863631304596,1.0
0.1319021546488921,1.0
0.8697115916022087,0.0
0.19261635434152247,1.0
0.27701215639744037,1.0
0.7107050636047294,1.0
0.057360102549229186,1.0
0.5917777483749354,0.0
0.3776208583513765,1.0
0.39095153367116886,1.0
0.29668247431840333,1.0
0.3772845337927815,1.0
0.09701296988355423,1.0
0.24699209887981644,1.0
0.7509442585735573,1.0
0.13394857171358732,1.0
0.49001027137510844,1.0
0.8093817855565231,1.0
0.22124380982439318,1.0
0.45132032138561673,1.0
0.8480299298145595,1.0
0.15628721872411866,0.0
0.13780287508409117,1.0
0.07765894198220913,1.0
0.44631953459454854,1.0
0.2321913833853766,1.0
0.5569647292706597,1.0
0.5167153904847241,1.0
0.08154389188497246,1.0
0.21817707481507576,1.0
0.4326545704822182,1.0
0.42945923007881914,1.0
0.13620121137964114,1.0
0.10631383979159947,1.0
0.33667517253074797,1.0
0.5546288882960368,1.0
0.3952397403190422,1.0
0.3252950702096249,1.0
0.0,0.0
0.11331524841466312,1.0
0.10627669781511129,1.0
0.7074722951171801,1.0
0.5017529741424167,1.0
0.0,0.0
0.12210641252092547,0.0
0.5721053906864095,1.0
0.45843645217851847,0.0
0.610535804012514,1.0
0.26801282595839515,1.0
0.49814451128145043,1.0
0.19892792938089832,1.0
0.16289798234785957,1.0
0.1087865142565283,1.0
0.6768666702511488,1.0
0.8948218315603946,1.0
0.713755720563892,1.0
0.2071207863447806,1.0
0.6555308766133385,1.0
0.6924843841812827,1.0
0.5697877605645125,1.0
0.6539908380983857,1.0
0.2577099029787808,1.0
0.2897989230449429,0.0
0.18613330277570128,1.0
0.6072870645150901,1.0
0.2965009059944248,1.0
0.3468997740380706,1.0
0.2911064620705708,1.0
0.14581736592898187,1.0
0.13431734548278795,1.0
0.09508701314796086,1.0
0.5128891556763921,1.0
0.5024945491963679,1.0
0.25333191554648815,1.0
0.3216430179460099,1.0
0.3870137939036322,1.0
0.5476957203518724,1.0
0.8683617576610461,1.0
0.29294472180587094,1.0
0.19489729665783484,0.0
0.2279291004925863,1.0
0.09900859283447483,1.0
0.10555371175617978,1.0
0.5697995389967248,1.0
0.4810904788661068,1.0
0.9186194535817629,1.0
0.10302341560826989,1.0
0.6203285660190643,1.0
0.05736443217846432,1.0
0.148304423806374,1.0
0.7224699417165983,1.0
0.20317151623838914,1.0
0.25729059219255124,1.0
0.7032443591491031,1.0
0.1968270028043282,1.0
0.13726228866196122,1.0
0.24764834782563838,1.0
0.2985597837480647,1.0
0.7016056294967736,1.0
0.29192338247690275,1.0
0.5210578315409506,1.0
0.324695529603094,1.0
0.24982935653703553,1.0
0.5198732447821381,1.0
0.5480477228100455,1.0
0.6904035791764405,1.0
0.322667310386231,1.0
0.6658341787356239,1.0
0.4850863455067276,1.0
0.8151052092751452,1.0
0.48424746383639405,1.0
0.6707132247157475,1.0
0.7094116538959492,1.0
0.6063969155529252,1.0
0.1359512853327196,1.0
0.3572805473126728,1.0
0.40251380854364127,1.0
0.7122862966211323,1.0
0.5599307173690153,1.0
0.5180005620935151,1.0
0.9356334169191531,1.0
0.809260716998546,1.0
0.13412310238930614,1.0
0.42694706075201383,1.0
0.05457474642250393,1.0
0.31609376076608253,1.0
0.5146557244344487,1.0
0.6977533008693637,1.0
0.5815322059875809,1.0
0.63249787931949,1.0
0.4031870068674972,1.0
0.4976634532597979,1.0
0.5417812617470141,1.0
0.3991097155868655,1.0
0.2564197514960682,1.0
0.42583535741916156,1.0
0.24473088998917225,1.0
0.8013060736742172,1.0
0.44187995298442795,1.0
0.4153702173974363,1.0
0.5949265572685736,1.0
0.1319918544028198,1.0
0.5426856660734578,1.0
0.295227662874312,1.0
0.3310662819108168,1.0
0.2940474747707089,1.0
0.2786296840714866,1.0
0.18797967156242956,1.0
0.4968670635791579,1.0
0.5248224251537628,1.0
0.46828850949783574,1.0
0.5819666814802744,1.0
0.14549032086225022,0.0
0.3347661731761997,1.0
0.0,0.0
0.0,0.0
0.34428615653641836,1.0
0.5245906529381097,1.0
0.09243178999014168,1.0
0.27438907433428295,1.0
0.15158639380840366,1.0
0.18978280908127454,1.0
0.6579530250653791,1.0
0.3954489720527343,1.0
0.5843483597034078,1.0
0.3558874720998637,1.0
0.0,0.0
0.7684331886404516,1.0
0.3921114041292624,1.0
0.8024111815251969,1.0
0.6324730409728447,1.0
0.10928723467712187,1.0
0.33608523053616546,1.0
0.07453013261437258,1.0
0.1833639366660038,1.0
0.0,0.0
0.19133299841597085,1.0
0.32400017794295977,1.0
0.6979738898767867,1.0
0.12915957862027527,1.0
0.11931331648167909,1.0
0.471056765189684,1.0
0.3873325108364951,1.0
0.0730713466746824,1.0
0.5612816937400726,1.0
0.13057873764839822,1.0
0.0,0.0
0.2001166176831175,1.0
0.7726071382935329,1.0
0.37390607848342716,1.0
0.2091526649386637,1.0
0.09223826816807357,1.0
0.11973546533587065,1.0
0.20547492400842948,1.0
0.49066938139755045,1.0
0.1775670352978156,1.0
0.08089149338807067,1.0
0.7426314984902502,1.0
0.37048137277009197,1.0
0.4763852943098632,1.0
0.42510389316989583,1.0
0.5044320802873803,1.0
0.2926096657246027,0.0
0.6015826299420644,1.0
0.8642089739726968,1.0
0.9596019672606779,0.0
0.06576691802548629,1.0
0.5481775226535968,1.0
0.30311398148811985,1.0
0.18141474318644635,1.0
0.17710670307526044,1.0
0.21669396072072544,1.0
0.12909514537410915,1.0
0.3303815872609044,1.0
0.06854457425474747,1.0
0.14754800716754923,1.0
0.41808506299111814,1.0
0.36424352147288674,1.0
0.6296430110354096,1.0
0.2054864123314739,1.0
0.4787392511014499,1.0
0.4178677212056221,1.0
0.2139118578181849,1.0
0.07649784306184637,1.0
0.3555049251478284,0.0
0.3231220064879192,0.0
0.7699600321901525,1.0
0.0,0.0
0.2645106020750503,1.0
0.0,0.0
0.11715285150086663,1.0
0.21744898783667388,1.0
0.1824508930886184,1.0
0.14820459924249008,1.0
0.754613306232522,1.0
0.6808417950866494,1.0
0.6207532868410848,1.0
0.17018554264951335,1.0
0.34659192419448237,1.0
0.4296358615450635,1.0
0.2876256602483256,1.0
0.10435777972815385,1.0
0.24705115410223755,1.0
0.0,0.0
0.46517085232655964,1.0
0.08218462099069423,1.0
0.25482028661903433,1.0
0.07490412534746405,1.0
0.07284345691999583,1.0
0.3227613797844513,1.0
0.05745886471333295,1.0
0.13127589198687906,1.0
0.3883442235429748,1.0
0.7868008543747003,1.0
0.4999594052242262,1.0
0.10923314632372838,1.0
0.17421193577722072,1.0
0.0,0.0
0.0,0.0
0.12693536965266494,1.0
0.46969242478975604,1.0
0.6025209140174237,1.0
0.3688744070705061,1.0
0.3462685134953598,1.0
0.27185327511557267,1.0
0.10581085251799172,1.0
0.2912939276136668,1.0
0.1507302296346813,1.0
0.3702816015963992,1.0
0.11127631216499134,1.0
0.46891284343407147,1.0
0.2109972750636091,1.0
0.6014546807949284,1.0
0.5723577956661514,1.0
0.33329124816339295,1.0
0.9259837637643202,1.0
0.27601118273205083,1.0
0.9341686087132901,1.0
0.3252329788447059,1.0
0.33807760326403047,1.0
0.3777737818963538,1.0
0.15051896813719123,1.0
0.4809953840820347,1.0
0.35684050472508755,0.0
0.21343265549483004,1.0
0.15560461286021443,1.0
0.6927279958521111,1.0
0.2851589620322539,1.0
0.4530269605922439,1.0
0.4810163419684663,1.0
0.7375336991934729,0.0
0.30641553786048137,1.0
0.7806126017414221,1.0
0.30361537216092893,1.0
0.5917570505863785,1.0
0.09818356637784431,0.0
0.6685879149638128,1.0
0.3969857303333386,1.0
0.30588400384476255,1.0
0.1350907395101868,1.0
0.27088443254108086,1.0
0.1600646361625233,1.0
0.0,0.0
0.25891226742732076,1.0
0.7446176298695026,1.0
0.6309555079266773,1.0
0.12991232887944504,1.0
0.24201085044101012,1.0
0.33185107722851015,1.0
0.368607207523584,1.0
0.7258248161524934,1.0
0.30804890949659436,1.0
0.1869804805678572,1.0
0.10082339774374738,1.0
0.1852502104689493,1.0
0.09314265248698828,1.0
0.729164058706127,1.0
0.706511373523345,1.0
0.22775244901881297,1.0
0.45155136932872697,1.0
0.5051091380635442,1.0
0.19844360913167236,1.0
0.6483234524668395,1.0
0.4920774832648753,1.0
0.4359609796806927,1.0
0.4927306720591651,1.0
0.12476635545479153,1.0
0.1995918272049857,1.0
0.5286590518725602,1.0
0.5196894056036392,1.0
0.2603432248951849,1.0
0.1767946796611617,1.0
0.6671103249481676,1.0
0.30630037152350376,1.0
0.4223001551260741,1.0
0.5725152719243098,1.0
0.9553695315993713,0.0
0.2390398884709919,1.0
0.290584070495143,0.0
0.12179836760393092,1.0
0.31427289557633253,1.0
0.33803333760690846,1.0
0.5110624803002746,1.0
0.21656215112090482,1.0
0.20034378016413168,1.0
0.6212404971778476,1.0
0.6335635913458599,1.0
0.0,0.0
0.8078513116407193,1.0
0.34085375492712533,1.0
0.11072852003135925,1.0
0.44075180346289144,1.0
0.13326206138043561,1.0
0.23501150859567277,1.0
0.6711663392222831,1.0
0.6592429824750621,0.0
0.22963856376190517,1.0
0.2311101335121304,1.0
0.41606377838374176,1.0
0.20251884563909517,1.0
0.5882921597514223,1.0
0.6181310931122068,1.0
0.2380706177353833,1.0
0.0,0.0
0.3813129896967098,1.0
0.33355896090342885,1.0
0.6363987692204587,1.0
0.8388694257260312,1.0
0.06307555126686637,1.0
0.4390128811081482,1.0
0.5895526670790692,1.0
0.46395608621128526,1.0
0.6314765089788521,0.0
0.17176068137264,1.0
0.49708008673955995,1.0
0.5427919370631251,0.0
0.14699989491345633,1.0
0.27801467864555995,1.0
0.7120003750291231,1.0
0.09271263467171442,1.0
0.45554862049034206,1.0
0.3960336230563226,1.0
0.3852348254795932,1.0
0.7613217206021408,1.0
0.15805548312024253,1.0
0.16214612442447462,0.0
0.6569017964891168,1.0
0.24196140783580722,1.0
0.3097097384648748,1.0
0.30643342559161635,1.0
0.32542205999575424,1.0
0.0,0.0
0.2267496736754544,1.0
0.21690250819693224,1.0
0.229921622276541,1.0
0.8322406023064071,0.0
0.18800926069679091,1.0
0.40584753802271045,1.0
0.5818131407030336,1.0
0.2786695430703876,1.0
0.1914006718814285,1.0
0.2795374446608885,1.0
0.18522339937996346,1.0
0.42486475518251066,1.0
0.8631609265935163,1.0
0.1385551141508996,1.0
0.8727278136035315,1.0
0.07173729567262432,0.0
0.07794323996325492,1.0
0.7375073682851787,1.0
0.790736047183819,1.0
0.1662913642740853,1.0
0.5185241171067432,1.0
0.6783833069600256,1.0
0.6230229899280868,1.0
0.12652078464474092,1.0
0.4305459189987735,1.0
0.23775287416879687,0.0
0.6669287706294589,1.0
0.1312281730302831,1.0
0.12549976543623353,1.0
0.4189517341185969,1.0
0.0,0.0
0.2292104906784318,1.0
0.36444478720898177,1.0
0.616118323709093,1.0
0.17230829543926562,1.0
0.16826780500675653,1.0
0.8453802777531383,1.0
0.3445750362415625,1.0
0.6914349252709444,1.0
0.0,0.0
0.5136230998588536,0.0
0.4060152111179285,1.0
0.9334481085898143,1.0
0.5146236903800663,1.0
0.48696190127648853,1.0
0.36405299377750566,1.0
0.5440475565514826,1.0
0.18865282186821597,1.0
0.5653140791226599,1.0
0.8027697004355043,1.0
0.0,0.0
0.27624346013780654,1.0
0.6637614417667752,1.0
0.0981390466251062,1.0
0.0,0.0
0.8938618883347185,1.0
0.47929257631717537,1.0
0.46510018773554496,1.0
0.1048197435646836,1.0
0.5830249497055493,1.0
0.3355605000806201,1.0
0.5249376004941282,1.0
0.51795902346257,1.0
0.10159081552229043,1.0
0.176021865852098,1.0
0.06028848549680399,1.0
0.6757742021564974,1.0
0.8201509689894797,1.0
0.35533995807088203,1.0
0.24963620985613266,1.0
0.20100091944498644,1.0
0.15037075736562588,1.0
0.1420283261170896,1.0
0.34217886056305113,1.0
0.38782856750212247,1.0
0.8257776923198423,0.0
0.09919572725296932,1.0
0.07055415245701546,1.0
0.2835322579051174,1.0
0.08249284197394191,1.0
0.0150599580471531,0.0
0.6758130787857342,1.0
0.23114680030980983,0.0
0.4191781603225513,1.0
0.33919986456983775,1.0
0.18573990574079025,1.0
0.6479618694034945,1.0
0.28607126933257865,1.0
0.20824761937092173,1.0
0.5051899004543512,1.0
0.6098812697119116,1.0
0.42044605743096497,1.0
0.11199299785309913,1.0
0.22070764606650695,1.0
0.2674648097404404,1.0
0.27151990366823053,1.0
0.0,0.0
0.0,0.0
0.0,0.0
0.22319100755295107,1.0
0.08487172214417127,1.0
0.7395775602963615,1.0
0.0,0.0
0.3179138406603266,1.0
0.5806705677539754,1.0
0.7862560243557093,0.0
0.44606112635578654,1.0
0.3817655039773813,1.0
0.5940180974160394,1.0
0.5964231384305685,1.0
0.5127183464010323,1.0
0.1281296950761277,1.0
0.4181471523552842,1.0
0.09946308686012229,1.0
0.6617236169353289,1.0
0.21686947576686189,1.0
0.0,0.0
0.4279758088689012,1.0
0.4026867686283482,1.0
0.3858680607653979,1.0
0.36682027910420656,1.0
0.5692753797561267,1.0
0.09320742586114417,1.0
0.5611990866551091,1.0
0.2871205111612296,1.0
0.46359218227459786,1.0
0.6390076349340181,1.0
0.7001794708346956,1.0
0.3298327837466912,1.0
0.10409926644986589,0.0
0.536031135980438,0.0
0.36890937222786,1.0
0.45329516751824217,1.0
0.15322970018294946,1.0
0.07408436987429923,1.0
0.30539585915640455,1.0
0.5358408043588394,1.0
0.43984277139503325,1.0
0.69323577492887,1.0
0.0,0.0
0.22912793361229067,1.0
0.30748418098982233,1.0
0.8398877229102428,0.0
0.03131000092203706,0.0
0.5397465330806517,1.0
0.34884276818482496,1.0
0.3552105193632258,1.0
0.1970248152409506,1.0
0.1877313541208241,1.0
0.4925239832823851,1.0
0.15687668754064488,1.0
0.17734122432537225,1.0
0.18280441511860435,1.0
0.12186372519792821,1.0
0.20679314505369062,1.0
0.0,0.0
0.3379812410030083,1.0
0.6220304544379744,1.0
0.35281621538903485,1.0
0.2744409188433199,1.0
0.420486032473534,1.0
0.6314857044390947,1.0
0.23094642090724093,1.0
0.1603422316214167,1.0
0.1833962688325652,1.0
0.10492037743310778,1.0
0.0,0.0
0.12990538126506435,1.0
0.3754591248932382,1.0
0.2216258765957373,1.0
0.6144274414317832,1.0
0.39241734325384936,1.0
0.1519811493545209,1.0
0.9233011252901453,1.0
0.4144150279606067,1.0
0.22724582337609078,1.0
0.2342528981313139,1.0
0.07863085671275005,1.0
0.925629961628931,1.0
0.2920639303649324,1.0
0.6085017516006253,1.0
0.09114811194337635,1.0
0.0996658991781949,1.0
0.728250246839635,1.0
0.13160918540485866,0.0
0.369045394412872,1.0
0.2167858002798595,1.0
0.5944904251524945,1.0
0.5042614120650986,1.0
0.5060037266963517,1.0
0.5941540505750771,1.0
0.40696765952331093,1.0
0.6312506479875868,0.0
0.3172622944841521,1.0
0.15113210485992656,1.0
0.20355447134401228,1.0
0.14292489649562645,1.0
0.31949901716065865,1.0
0.4749392471637681,1.0
0.41519015063849496,0.0
0.3080859184230169,1.0
0.18011970986670311,1.0
0.1230780501471922,1.0
0.2021177677138728,1.0
0.989120600092694,0.0
0.2594447558021633,1.0
0.34427071372530405,0.0
0.7336314397771568,1.0
0.0,0.0
0.21948662359697257,1.0
0.601500624083342,1.0
0.39744131777043545,1.0
0.7536230465988121,1.0
0.3848316817770212,1.0
0.6522487525533371,1.0
0.6759420553194744,0.0
0.16778989817089185,1.0
0.577008477713155,1.0
0.24766751503824125,1.0
0.8094673117399398,0.0
0.6248234394354362,1.0
0.5958873158010483,1.0
0.10521655588476264,1.0
0.2436361500396238,1.0
0.3655624938008546,1.0
0.14464843706221808,1.0
0.8158750289575218,1.0
0.0,0.0
0.34834337726452125,1.0
0.3641140527539375,1.0
0.3240614990180193,1.0
0.24342310587131655,1.0
0.21956310437661353,1.0
0.33464593593104475,1.0
0.37014292441231333,1.0
0.8398470305977668,1.0
0.0,0.0
0.45833038926715064,1.0
0.5194997962538306,0.0
0.6149797452631627,1.0
0.3557604162888892,1.0
0.5882633138967561,0.0
0.3214988897106994,1.0
0.6523107618873873,1.0
0.0,0.0
0.0,0.0
0.7279734926973283,1.0
0.1283648745739372,1.0
0.10087505918389583,1.0
0.3238114549266773,1.0
0.07606407883680211,0.0
0.2594927448603981,1.0
0.41320554083180916,1.0
0.1329880112556472,1.0
0.13078584958441253,1.0
0.8341412755278399,1.0
0.16865378124923014,1.0
0.8487995844348233,1.0
0.6633594675042622,1.0
0.37642774538416024,1.0
0.33673116360013156,1.0
0.0,0.0
0.21196731708945338,1.0
0.37956884437657035,1.0
0.6341708458551243,1.0
0.7787557340039495,1.0
0.3012368481247125,1.0
0.28254054872594514,1.0
0.2530736593649454,1.0
0.18505124659904393,1.0
0.37821279109507655,1.0
0.4063268503874742,1.0
0.4067402009308698,1.0
0.0,0.0
0.4693083742719302,1.0
0.22157492942436763,1.0
0.5838662292782111,1.0
0.10265866335236096,1.0
0.7966839063572784,1.0
0.2225442931949848,1.0
0.0,0.0
0.27752560660824077,1.0
0.3523017898112042,1.0
0.2832994312926962,1.0
0.39082116461342276,1.0
0.1408633557399015,1.0
0.11215836808175084,1.0
0.0,0.0
0.0729703066534233,1.0
0.6060347942870554,1.0
0.11037113354718286,1.0
0.19162804344111883,1.0
0.9188006517664586,1.0
0.3110626345583216,1.0
0.3560021612572788,1.0
0.23727976613871826,1.0
0.07421543119254226,1.0
0.40615969148574615,1.0
0.3887081274796622,1.0
0.7913176980584615,1.0
0.6574999575765359,1.0
0.2631987604303512,1.0
0.44738681020929505,1.0
0.2036604422207473,1.0
0.2209935426491052,1.0
0.6492285300466278,1.0
0.6695585362076164,1.0
0.0,0.0
0.19026164426647574,1.0
0.199097706267771,1.0
0.1186026930748012,1.0
0.10846366877009483,1.0
0.5117907763573526,1.0
0.37353054717137013,1.0
0.2428789571086809,1.0
0.18217125686178548,1.0
0.7364090319823258,1.0
0.2058987224833717,1.0
0.08283672937842868,1.0
0.3580757985649239,1.0
0.2602581048646022,1.0
0.5059393864851951,1.0
0.4305364014173172,1.0
0.7830273494085551,1.0
0.2597639799258822,1.0
0.3009595107629406,1.0
0.13071259902029864,1.0
0.5029579755832541,1.0
0.11500643980829306,1.0
0.1876881238533179,1.0
0.41757131967002037,1.0
0.3445501688840005,1.0
0.5592810659058194,0.0
0.3367690448548095,1.0
0.15573294715228014,1.0
0.1944651250320848,1.0
0.1829291420532253,0.0
0.09398232845621601,1.0
0.4520804464199073,1.0
0.08602648768128818,1.0
0.26876087244754077,1.0
0.42657293696960874,1.0
0.40080229050111305,1.0
0.4435192558524581,1.0
0.845008353798526,1.0
0.8998058650472114,1.0
0.2493299406073204,1.0
0.5644218303703465,1.0
0.10851022929077203,1.0
0.38702963686532277,1.0
0.3220895669819659,1.0
0.7618221729218484,1.0
0.526791010930622,0.0
0.8390998044173021,0.0
0.07901469014888862,1.0
0.6398626286673048,1.0
0.35851409349486785,1.0
0.0,0.0
0.6981141056398381,1.0
0.4007375761491674,1.0
0.395795225347503,1.0
0.2636344693871959,1.0
0.0979999592866796,1.0
0.5237588079156597,1.0
0.5058564072601954,1.0
0.09441626874751341,1.0
0.5305687795011576,1.0
0.10067042117881941,0.0
0.5580236257323392,0.0
0.7161657454538481,1.0
0.21769412508157426,1.0
0.7388439582426427,1.0
0.38601275421339754,1.0
0.8322910973076261,0.0
0.24383526096486552,1.0
0.7296075896063612,0.0
0.1572126509633449,1.0
0.21817673568746265,1.0
0.4177548757419869,1.0
0.7456499953475992,1.0
0.24678278811638554,1.0
0.297160865336465,1.0
0.5960933113169551,1.0
0.2454001958482972,1.0
0.09494736159722139,1.0
0.6293464384354368,1.0
0.21962963541217562,1.0
0.27562497840374833,1.0
0.7113695356448932,1.0
0.8320677292544505,1.0
0.4331754925046538,1.0
0.09038095926459011,0.0
0.10123355008366275,1.0
0.493930348496209,1.0
0.5417636471186471,1.0
0.6273420011676971,1.0
0.30802789058720004,1.0
0.4256911231439475,1.0
0.5389361511347359,1.0
0.5495531402971405,1.0
0.14648204804819853,1.0
0.15489357829862005,1.0
0.07933773070872796,1.0
0.12619173282286944,1.0
0.3902867004951096,1.0
0.21181253384467302,1.0
0.13164755684399276,1.0
0.5853914322105496,1.0
0.7350272110044735,1.0
0.2742451501757661,1.0
0.4548200593335072,1.0
0.1901881746199212,1.0
0.15557869910889588,1.0
0.46358871096834875,1.0
0.1026281288622628,1.0
0.7350009271138722,0.0
0.9165054420813501,0.0
0.6996879238660627,1.0
0.3837714208018763,1.0
0.42033723348062146,1.0
0.15350460462921722,1.0
0.556300165195863,1.0
0.0,0.0
0.6398833644701667,1.0
0.49701591059013905,1.0
0.3289038091744887,1.0
0.18874316586457152,1.0
0.25866230836797666,1.0
0.6409431532676315,1.0
0.17405543588646877,1.0
0.44489438631267486,1.0
0.3091684437762243,1.0
0.6013963278367687,1.0
0.7042992080877042,1.0
0.5408680821184331,1.0
0.7145959037239757,1.0
0.3733532554566752,1.0
0.3733750576608226,1.0
0.472375693501089,1.0
0.35426493654135527,1.0
0.43756213419353474,1.0
0.33845848558966907,1.0
0.2604060175239882,1.0
0.4851717296366904,1.0
0.124124719007638,1.0
0.027400357727212388,0.0
0.7128070655859733,1.0
0.4502331953011587,1.0
0.696245345427239,1.0
0.19542082566127572,0.0
0.2487648869782051,1.0
0.4412872499508693,1.0
0.0,0.0
0.22866148408780074,1.0
0.5417742471074125,1.0
0.5209789238480651,1.0
0.11502774082384404,1.0
0.0,0.0
0.3002469606310383,1.0
0.2500655924323665,1.0
0.15201667772381056,1.0
0.19438013204930993,1.0
0.23813136959624748,1.0
0.5965155942215898,1.0
0.33058267593037005,0.0
0.12319803329673151,1.0
0.47341954730223,1.0
0.5356665387828774,1.0
0.2114647189622807,0.0
0.1591932352552332,1.0
0.0,0.0
0.8905987594225722,1.0
0.26978537696756755,1.0
0.19095497016431784,1.0
0.2918360686207859,1.0
0.47949486843949884,1.0
0.5125986683663077,1.0
0.08907630032273506,1.0
0.3047608462016651,0.0
0.1502255247147244,1.0
0.745311687042522,1.0
0.6487241342429915,1.0
0.8091353038056868,1.0
0.3097204234856372,1.0
0.6407120603075818,1.0
0.1653819450605445,1.0
0.6185113141890177,1.0
0.0,0.0
0.10160107338231272,1.0
0.4290294643584085,1.0
0.27609642280780644,1.0
0.4603330368614378,1.0
0.44691155337062183,1.0
0.24908995229996078,1.0
0.18823338403417855,0.0
0.5058052300022449,1.0
0.4689755280222192,1.0
0.16530962984840247,1.0
0.09985586566239268,1.0
0.13554646499923262,1.0
0.923244827105195,1.0
0.4637861122502538,1.0
0.4563619815572979,1.0
0.18217475317744558,1.0
0.2170767717721409,1.0
0.24362621330043854,1.0
0.5986992459275435,1.0
0.0,0.0
0.35559408569885465,0.0
0.15115112701794597,1.0
0.41080534464038276,0.0
0.37005760230568985,1.0
0.10191510855343333,1.0
0.5910058028926226,1.0
0.38196494902835454,1.0
0.5159187026919039,1.0
0.24701025171070823,1.0
0.4017632481085003,1.0
0.4521835952347031,1.0
0.39046031782713797,1.0
0.16795028852562188,1.0
0.31295974443887253,1.0
0.3530082586547234,1.0
0.7616312670841725,1.0
0.19010796543728636,1.0
0.1477353046474037,1.0
0.8243313050457575,1.0
0.3783131108452982,1.0
0.29801437251036145,1.0
0.47375124812091673,1.0
0.07212727642199068,1.0
0.15695671365439123,1.0
0.6275348467352915,1.0
0.09969342653671243,1.0
0.1440929040156882,1.0
0.0,0.0
0.09074158396730558,1.0
0.3224103867061072,1.0
0.15606575738843942,1.0
0.1113609590175173,1.0
0.06939824348962675,1.0
0.3147584742991203,1.0
0.5423707395669282,1.0
0.5818729702168195,1.0
0.20427065784427612,1.0
0.4123350312599281,1.0
0.45279000442587547,0.0
0.7144481911398777,1.0
0.9495082199936751,1.0
0.7356648939639334,1.0
0.7981857925155378,0.0
0.18569771486440567,1.0
0.6728321440629785,1.0
0.13614186504767556,1.0
0.6635062677450461,1.0
0.20722828379596425,1.0
0.18824539255297212,1.0
0.09133136990316304,1.0
0.4906051782379657,1.0
0.49021410707827906,1.0
0.6895941635941663,1.0
0.1939009007150383,1.0
0.43479823614146174,1.0
0.03482009276608755,0.0
0.10932735077276812,1.0
0.9721373082969746,1.0
0.2287212005590491,1.0
0.8930891465527582,1.0
0.11371819204194722,1.0
0.0,0.0
0.0,0.0
0.7272757601412656,1.0
0.0,0.0
0.23860562205697455,1.0
0.31889669650799934,1.0
0.1844661294200347,1.0
0.06055832203602396,1.0
0.5397994950101728,1.0
0.4045687218054468,1.0
0.07696811602509213,1.0
0.3117195337488301,1.0
0.3260174100253752,1.0
0.8428955067362893,0.0
0.7924690663171865,1.0
0.2853846469572652,1.0
0.14445958199624576,1.0
0.6722402853471356,1.0
0.10378197905493636,1.0
0.4326777412013363,1.0
0.18028521714692713,1.0
0.6391675991283843,1.0
0.3923672143904078,1.0
0.42809262482662946,1.0
0.6338158072544537,1.0
0.3067498936782411,1.0
0.07763969874099663,1.0
0.7174028179629968,0.0
0.10969151180620118,1.0
0.4710381741939109,1.0
0.6439089532952158,1.0
0.9276420657817113,1.0
0.07360570375271624,1.0
0.42268055627064394,1.0
0.2647844281155156,1.0
0.3930037989365358,1.0
0.2760734761730106,1.0
0.480601115719244,1.0
0.07679609329310999,1.0
0.2371588086225258,1.0
0.7174719659833277,1.0
0.7001173054419203,1.0
0.1151737207559469,1.0
0.17492342050821374,1.0
0.386450150805298,1.0
0.0,0.0
0.5673429295770567,1.0
0.18453531645504695,1.0
0.681794670652772,0.0
0.5421434230279418,1.0
0.8101509439900725,1.0
0.9092682317263305,1.0
0.6579481852441593,1.0
0.8034553784554572,1.0
0.5204937062611723,1.0
0.09264419091639775,1.0
0.20190844094441873,1.0
0.6119197848031015,1.0
0.644447905102242,0.0
0.17054877633398569,1.0
0.7552356654256638,1.0
0.7844050348302014,1.0
0.7832523440738228,1.0
0.27544832092771676,1.0
0.1106887810776307,1.0
0.690751548116805,1.0
0.5643690725176191,1.0
0.25921474925092847,1.0
0.1118374373158244,1.0
0.1632440905880439,1.0
0.8277702030996563,1.0
0.7503926760135906,0.0
0.27780876416014477,1.0
0.3776709281926083,1.0
0.4143626782614671,1.0
0.23082946889831701,1.0
0.1222280302855685,1.0
0.12257829809099352,1.0
0.6553878617970064,1.0
0.46105102103816575,1.0
0.0,0.0
0.0934280908971763,1.0
0.6587917336705886,1.0
0.09056714732697202,1.0
0.3745205086929002,1.0
0.30193832809092225,1.0
0.3445806563564062,1.0
0.16854320363898623,1.0
0.21746244890205935,1.0
0.6729624480962562,1.0
0.5124894382631289,1.0
0.9218566647410853,1.0
0.7749058302890317,0.0
0.5632968360361033,1.0
0.5044092146830761,1.0
0.8752601875333088,1.0
0.855564043894153,1.0
0.148023801208371,1.0
0.1354499486802383,1.0
0.2500015143198371,0.0
0.3241125282202568,1.0
0.39325450427670505,1.0
0.5736794630082502,1.0
0.5962308380681338,1.0
0.2987165597427146,1.0
0.24636608231040746,1.0
0.3329302133063372,1.0
0.24178710124441105,1.0
0.1611246690518393,1.0
0.28178172218027475,1.0
0.6483891311816743,1.0
0.6016099812343287,1.0
0.46029291576390907,1.0
0.2820583112604691,1.0
0.8642334891977517,1.0
0.08769286873881343,1.0
0.1983630027995904,1.0
0.8954935983455634,1.0
0.2999629067418441,1.0
0.20038396428537641,0.0
0.30113242382995464,1.0
0.10849089001342094,1.0
0.20579119302014215,1.0
0.6386804478138317,1.0
0.2510635029450947,1.0
0.06314719122491042,1.0
0.24980197923498437,1.0
0.17723608776258892,1.0
0.2337852021377791,1.0
0.08363228074361162,1.0
0.30042515568565964,1.0
0.11998275639124723,1.0
0.06543569538673832,1.0
0.4965463378904018,1.0
0.15647824260621457,1.0
0.4907581297934831,1.0
0.13608535578329617,1.0
0.1307808927191494,1.0
0.6955912853050692,1.0
0.49119998006129695,1.0
0.35509305816269343,1.0
0.48133640640839515,1.0
0.0,0.0
0.6778954873940108,1.0
0.08608914125776623,1.0
0.6694010249362825,1.0
0.5895255598786568,1.0
0.23988006162731024,1.0
0.4550999936725191,1.0
0.4896643622098349,1.0
0.47940139126413106,1.0
0.19107997620396544,1.0
0.1382115108533224,1.0
0.6797349435795339,1.0
0.0,0.0
0.4336016338612203,1.0
0.26340832929090396,1.0
0.7123829439894407,1.0
0.20978276904620907,1.0
0.8366668669053494,1.0
0.5514800774016462,1.0
0.347268265701115,1.0
0.2926730045589423,1.0
0.24927148260963428,1.0
0.5626284105082457,1.0
0.4813819585496204,1.0
0.6663706576120885,1.0
0.7154718483410587,1.0
0.6156104836093714,1.0
0.10709838101367675,1.0
0.23423924199252255,1.0
0.6413813481599315,1.0
0.563326899348898,1.0
0.2752466850523385,1.0
0.25597546231049195,1.0
0.34590325504897157,0.0
0.25108911958461055,1.0
0.25315154267235584,1.0
0.05723779952672414,1.0
0.09583658020929597,1.0
0.1041848646603869,1.0
0.12940904149290455,1.0
0.5588151945989122,1.0
0.0,0.0
0.4367313965878048,1.0
0.0,0.0
0.40922721879320445,1.0
0.8288259623808174,1.0
0.1917961877136407,1.0
0.273817650307993,1.0
0.21135333404824896,1.0
0.4520367029592869,1.0
0.27303765879796815,1.0
0.853263654259834,1.0
0.23446513699658666,1.0
0.1640671733132506,1.0
0.3484063359558136,1.0
0.2789238667721423,1.0
0.13891218151499185,1.0
0.1388441419117572,1.0
0.17246681308929857,1.0
0.460088075682791,1.0
0.6693127317116301,1.0
0.12222034739450427,1.0
0.5292532934850849,1.0
0.0,0.0
0.3039492758085376,1.0
0.506519989965704,1.0
0.4901454262337466,1.0
0.6105977093074144,1.0
0.29493448055009663,1.0
0.4106223807912692,1.0
0.23359946424479583,1.0
0.34675778960947223,1.0
0.35539565602996825,1.0
0.5240487020025149,1.0
0.768807321426245,1.0
0.5733947838837805,0.0
0.798104770026856,0.0
0.5340442433147148,1.0
0.43447567276118404,1.0
0.8111396970568627,1.0
0.3736052752914869,1.0
0.6129992029870848,1.0
0.5186073934435456,1.0
0.3240073316348866,1.0
0.22390378376992892,1.0
0.4814602530117478,0.0
0.37792898329848645,1.0
0.44701682998610703,1.0
0.21352059658697486,1.0
0.1426567776027552,1.0
0.39441937161511964,1.0
0.7122090355478674,1.0
0.13874026782404192,1.0
0.7249179609037699,1.0
0.21968949293650253,1.0
0.4148211877981476,1.0
0.5890211330633504,1.0
0.0,0.0
0.21255625770721887,1.0
0.11337250395986764,1.0
0.2957520171883159,1.0
0.3739186902292144,1.0
0.1353212972688409,1.0
0.2610306445705213,1.0
0.9320870504249879,1.0
0.4036961824697669,1.0
0.3847541305945885,1.0
0.1297534360882464,1.0
0.0,0.0
0.06221497443266388,1.0
0.118118652930979,1.0
0.6076401153677726,1.0
0.5320449609867741,1.0
0.8244820117565421,1.0
0.21445591454618773,1.0
0.6528271301962656,0.0
0.1374739473088984,1.0
0.10240588923371297,1.0
0.9943374741972026,0.0
0.4524088710057508,1.0
0.43104097428758337,1.0
0.24594044514356694,1.0
0.11534174698404831,1.0
0.3543291817167509,1.0
0.1362916884260632,1.0
0.07950930527206435,1.0
0.3571617546110981,1.0
0.6063717610873254,1.0
0.6804919544419641,1.0
0.3700356100300186,1.0
0.5154317614564041,1.0
0.5394937249492044,1.0
0.33048809333903506,1.0
0.43728751885605766,1.0
0.16260171686345393,1.0
0.7485863673014292,1.0
0.5764362633894771,1.0
0.20911815595296712,1.0
0.34893250395230435,1.0
0.0,0.0
0.5892753617293436,1.0
0.30355671008644913,1.0
0.6728942614376847,1.0
0.45233214513388154,1.0
0.42844541057955565,1.0
0.2553412776674451,1.0
0.6091286965193716,1.0
0.9149596594048743,0.0
0.490093056527078,1.0
0.3282090897522645,1.0
0.35765630671055915,1.0
0.581086932431587,1.0
0.12945429152044508,1.0
0.476933609640374,1.0
0.1756683348187238,1.0
0.4144103812120399,1.0
0.8945923972244834,1.0
0.308461951924047,1.0
0.578198901668499,1.0
0.5947177346888459,0.0
0.2526107571753142,1.0
0.493239640583512,1.0
0.2734800582724479,1.0
0.5362695346896342,1.0
0.397428037773186,1.0
0.30638042664816734,1.0
0.2507413627240518,1.0
0.9313356976917055,1.0
0.43338449615251795,1.0
0.32060263345036466,1.0
0.5993637049628138,1.0
0.19541979427316525,1.0
0.2200484280034094,1.0
0.21417794594688155,1.0
0.4537935020410244,1.0
0.5868734949092609,1.0
0.5790527589741492,1.0
0.08402896901701196,1.0
0.12090780948780244,1.0
0.20725630934194905,1.0
0.4203730629632201,1.0
0.5752121297492128,1.0
0.26051942820031204,1.0
0.11245520778223339,1.0
0.14737377560438603,1.0
0.15274751673780118,1.0
0.09438780803777691,1.0
0.608354377143765,1.0
0.0,0.0
0.34101065896995975,1.0
0.2051595693407835,1.0
0.6294110417455978,1.0
0.28789855593870106,0.0
0.3258651777405186,1.0
0.4691054349060497,1.0
0.25257809288377375,1.0
0.15885308325637615,1.0
0.4803814730679341,1.0
0.30910242993528225,1.0
0.5645512420678389,0.0
0.10234671996837763,1.0
0.11780509894092628,1.0
0.0,0.0
0.10630491443299617,1.0
0.5360753176059401,1.0
0.761900724480721,1.0
0.23914067139550532,1.0
0.0705415957319322,1.0
0.11038840704718345,0.0
0.43990227278534677,1.0
0.5604834683686635,1.0
0.2869956211652487,1.0
0.7204609757447114,1.0
0.18637900123178452,1.0
0.6516713202661446,1.0
0.305340646379892,1.0
0.6152045448550241,1.0
0.7964123851841323,1.0
0.8542066010897833,1.0
0.4242447188634637,1.0
0.7963593212162143,1.0
0.4353418667091007,1.0
0.13895405927355053,0.0
0.0,0.0
0.5531228665815715,1.0
0.4787102862019874,1.0
0.2888670333757921,1.0
0.7675768864147812,1.0
0.10628053225800782,1.0
0.3681877276737362,1.0
0.0,0.0
0.253253360986486,1.0
0.9611156638631959,1.0
0.23690594547037458,1.0
0.16054333329577553,1.0
0.0,0.0
0.8756454875213087,1.0
0.36476659730579986,1.0
0.7067912438382651,1.0
0.687056770775786,1.0
0.0,0.0
0.2516630635591546,1.0
1.0,0.0
0.473686309684648,1.0
0.706651120109846,1.0
0.4258988993299191,1.0
0.2800981856671685,1.0
0.24782031853804565,1.0
0.5174858854211979,1.0
0.20266731650853487,1.0
0.12445554349656218,1.0
0.12774729317867584,1.0
0.5203207811896409,1.0
0.13776072322238786,1.0
0.14060366401816626,1.0
0.0,0.0
0.719766173291243,1.0
0.085423118634119,1.0
0.19546851660733067,1.0
0.30012054706173874,1.0
0.21853555270994907,1.0
0.500633546903066,1.0
0.1217149021959818,1.0
0.5814763479682639,1.0
0.33178876378002187,1.0
0.0,0.0
0.07662024412124291,1.0
0.5617076050100573,1.0
0.09209850057366742,1.0
0.5888100776434069,1.0
0.149822394017046,1.0
0.7545680442004641,1.0
0.1704253518894907,1.0
0.8947146192164968,0.0
0.7536937742135428,1.0
0.2631272095058099,1.0
0.6860183010006482,1.0
0.40720169559084907,1.0
0.0,0.0
0.47477320468214845,1.0
0.9852845846039018,0.0
0.160467760857943,1.0
0.10147063029670988,1.0
0.20713266081313142,1.0
0.3613080798691466,1.0
0.15792710681236644,0.0
0.12723449721406732,1.0
0.38214406142817126,1.0
0.4725320463365046,1.0
0.31189799090207826,1.0
0.2260275909564493,1.0
0.48993022425345645,1.0
0.4427601181897143,1.0
0.5090868928887069,0.0
0.05656704212138308,1.0
0.034659462321012136,0.0
0.2162677613423254,1.0
0.19761890379587976,1.0
0.24881206573152248,1.0
0.17228528678113042,1.0
0.13831112533815348,1.0
0.1283441917910264,1.0
0.25064396507341336,0.0
0.6961704612483972,1.0
0.0,0.0
0.28384773561906584,1.0
0.18839041812595037,1.0
0.5500195638118428,1.0
0.3545396289078182,1.0
0.3384974102369749,1.0
0.37247138661031,1.0
0.9094606141196326,1.0
0.3181259334706392,1.0
0.28223176853226706,1.0
0.09693985236950686,1.0
0.6255902489851026,1.0
0.7374889593579175,1.0
0.25566405312752805,1.0
0.6040517600732636,1.0
0.09617579085392247,1.0
0.11515271285069284,1.0
0.0,0.0
0.08156400745444126,1.0
0.6184937575824843,1.0
0.2467133359816165,1.0
0.5587245424866132,1.0
0.5619804956985508,1.0
0.46369914652513833,1.0
0.659192404442599,1.0
0.9308543135473331,1.0
0.17925135310492202,1.0
0.09043623306406579,1.0
0.16377335074811317,1.0
0.3982936555042724,1.0
0.167987528539002,1.0
0.6019508344970705,1.0
0.17030601598350836,1.0
0.4713002338066814,1.0
0.3707424330067979,1.0
0.4857380507427562,1.0
0.3559143582170825,1.0
0.7181037847360923,0.0
0.414404240901447,1.0
0.18322052970210656,1.0
0.0,0.0
0.4367909600014577,1.0
0.22729712067921426,1.0
0.3114498242574184,1.0
0.0,0.0
0.7094807548985878,1.0
0.6825197725078751,1.0
0.12337589522599757,1.0
0.11416979598005739,1.0
0.4970980404955405,1.0
0.38718415000846385,1.0
0.45763003672518954,1.0
0.5702081157437462,1.0
0.3419718256560227,1.0
0.42626784016198505,1.0
0.07154181811461502,1.0
0.18668917094833892,1.0
0.6506267131815435,1.0
0.5053075207147373,1.0
0.13843602033601643,1.0
0.13270570502409473,1.0
0.11489106339226351,1.0
0.8207062569437817,1.0
0.42682826604968627,1.0
0.47246415078747717,0.0
0.0,0.0
0.08825687297304308,0.0
0.41378871628014746,1.0
0.4062418774122283,0.0
0.3994204685228846,1.0
0.3922757099573815,1.0
0.0,0.0
0.63136396062702,1.0
0.0,0.0
0.29460253363880584,1.0
0.5054496151847445,1.0
0.719414344898571,0.0
0.480270244212627,1.0
0.19602133963408308,1.0
0.12103596871399125,1.0
0.10865275492302473,1.0
0.13530244717556972,1.0
0.29502213153307366,1.0
0.5962435548534479,0.0
0.2241661825103125,1.0
0.4945598053601974,1.0
0.24950481341178232,1.0
0.1487847075366613,1.0
0.5200658742684214,1.0
0.4400318185332819,1.0
0.2357230403443582,1.0
0.5604424169210449,0.0
0.1089523366553311,1.0
0.07642902316498779,1.0
0.40169970619774276,1.0
0.22168635135232728,1.0
0.3148805482354202,1.0
0.14040360073455282,1.0
0.549061961467038,1.0
0.283060970560161,1.0
0.09336385872667519,1.0
0.28145178002337135,1.0
0.2278266309333934,1.0
0.15637561898904995,1.0
0.41664482403063774,1.0
0.2976711073400211,1.0
0.5602642048600246,1.0
0.1318604719637393,1.0
0.3347061165769616,1.0
0.25658548186023866,1.0
0.29322311456478767,1.0
0.6307209996814591,0.0
0.14640624352303133,0.0
0.566983930486058,1.0
0.14878532777005438,1.0
0.27814291790186374,1.0
0.2706765933313937,1.0
0.15989738122465758,1.0
0.11389451839337683,1.0
0.4256730363379009,1.0
0.2504280968424135,1.0
0.3541668566339844,1.0
0.24646061388254337,1.0
0.4184546290584601,1.0
0.14700438060141563,1.0
0.0,0.0
0.24790828163847234,1.0
0.36255595144197184,1.0
0.0,0.0
0.2073237427170609,1.0
0.4680492704724295,1.0
0.0,0.0
0.21325541780046287,1.0
0.1027849468727231,1.0
0.560325537939601,1.0
0.37722561662230936,1.0
0.2217961226591605,1.0
0.11198562807986079,1.0
0.19021420441490733,1.0
0.5074350823140397,1.0
0.08875032966030094,1.0
0.3523491766428215,1.0
0.4885011024763606,1.0
0.6144742560480765,1.0
0.1441711084439361,1.0
0.4446036489084806,1.0
0.09873202676293857,1.0
0.7704675221581203,1.0
0.9301099274355842,0.0
0.461847474742898,1.0
0.5592932624953835,1.0
0.4708892511543201,1.0
0.2195847725303186,1.0
0.6166387155320159,1.0
0.08840558993508729,1.0
0.0,0.0
0.8731334232340293,0.0
0.915749477612676,1.0
0.09003585740310482,1.0
0.49787873827133255,1.0
0.47604303151671656,1.0
0.6180989350111457,1.0
0.19123720837027225,1.0
0.4938280419983756,1.0
0.4967639597813016,1.0
0.6778067460007136,1.0
0.16739354702435172,1.0
0.31034980332063977,1.0
0.15450705485023297,1.0
0.0,0.0
0.5800707590465581,1.0
0.523860958354768,1.0
0.39264170968271195,1.0
0.8783395282861548,1.0
0.597017417057021,1.0
0.3202494505479918,1.0
0.5099803991142062,1.0
0.3662536578852085,1.0
0.10109520502455549,1.0
0.33516813543419577,1.0
0.43291960721527545,1.0
0.15861308094374582,1.0
0.6628923577313222,1.0
0.5464131647274737,1.0
0.24359962929690493,1.0
0.5679272234462553,1.0
0.20566542869515247,1.0
0.3212692242878301,1.0
0.1278753933826544,1.0
0.16034925926591237,1.0
0.24947385676282607,1.0
0.5013111458828843,1.0
0.18324593826332247,1.0
0.07227279618093041,1.0
0.0,0.0
0.1463263544608573,1.0
0.07558917813214183,0.0
0.0,0.0
0.11637695953349558,1.0
0.4142271392582755,1.0
0.9586812467944879,0.0
0.28602920650437813,1.0
0.2732943013723119,1.0
0.2620198688146149,1.0
0.9336810642507962,1.0
0.20073623284368258,1.0
0.47022442097939,0.0
0.7279310377215631,1.0
0.2707664411410349,1.0
0.2573809892088583,1.0
0.10589456101741623,1.0
0.438770417869474,0.0
0.3959786153569804,1.0
0.12288289170926747,1.0
0.473982499140444,1.0
0.468671274531935,1.0
0.0,0.0
0.1336808849833382,1.0
0.09842736111756123,1.0
0.3622714283762263,1.0
0.2623971577880786,1.0
0.7606774401600545,1.0
0.08162859375820286,1.0
0.40823064078189564,1.0
0.22682795213155948,1.0
0.18905166795359918,1.0
0.8790641979786349,1.0
0.7808091336962009,0.0
0.42950627478169423,1.0
0.16151511897775617,1.0
0.6606581570038226,1.0
0.14087307239626945,1.0
0.8571742738220651,1.0
0.39172744464569265,1.0
0.17962864607989104,1.0
0.415789669236744,1.0
0.8492370710606028,1.0
0.14277959181762157,1.0
0.31576048035299653,1.0
0.44001793931054456,1.0
0.13938432418180557,1.0
0.4766509722842196,1.0
0.45923783873947954,1.0
0.4776784179109814,0.0
0.23804730496281,1.0
0.7012920154841349,1.0
0.8065340289485592,1.0
0.49556248966929983,1.0
0.08436661507288523,1.0
0.4609902881844534,1.0
0.24801473069514612,1.0
0.6139058491571316,1.0
0.0,0.0
0.10449482429788848,1.0
0.28429739582575175,1.0
0.4656710305431222,1.0
0.6997459396973622,0.0
0.6950577755458802,1.0
0.7440686873029634,1.0
0.7175694696738688,1.0
0.23798640904773816,1.0
0.36204802430949945,1.0
0.10814629534279119,1.0
0.4731745791209483,0.0
0.34573123831924857,1.0
0.07895629617529432,1.0
0.0,0.0
0.23876693976066488,1.0
0.0,0.0
0.395770277959826,1.0
0.1205302404089359,1.0
0.0,0.0
0.10485301208359399,1.0
0.7879367888256983,1.0
0.5054866431183185,1.0
0.8091195588808873,1.0
0.13011113368949623,1.0
0.19643583360775052,1.0
0.28276743410268557,1.0
0.07577593740947108,1.0
0.19265963762897975,1.0
0.3147454183861931,1.0
0.6286662664874125,1.0
0.15371778584909723,1.0
0.494703557453966,1.0
0.6262456035943869,1.0
0.10492312646756652,1.0
0.09236502486649201,1.0
0.5545044714781127,1.0
0.29143644324215545,1.0
0.17766615259555563,1.0
0.5154417041978476,1.0
0.3533888198595241,1.0
0.3356686157644435,0.0
0.09043702436183043,1.0
0.8561306471063754,0.0
0.19892397989471045,1.0
0.6657285339816084,1.0
0.23687744474558015,1.0
0.3273425886887811,1.0
0.170753815490015,1.0
0.09291881225613308,1.0
0.2554848486930785,1.0
0.45930637352905235,1.0
0.19901334752365996,1.0
0.5500749186418097,1.0
0.2614430637634513,1.0
0.5541671825566286,1.0
0.43481607185302185,1.0
0.2984995230720324,1.0
0.48913874041888095,1.0
0.18708994575949944,1.0
0.47179361446532964,1.0
0.0,0.0
0.2879246537592848,1.0
0.16157308378985702,1.0
0.5422804806025705,1.0
0.16084907434582707,1.0
0.3853253605478488,1.0
0.2898084926459741,1.0
0.37888543621076076,1.0
0.15565021001837964,1.0
0.12803828968036823,1.0
0.0,0.0
0.36327844631607054,1.0
0.49058523373286844,1.0
0.46898408324153973,1.0
0.2411649471284396,1.0
0.127161565770038,1.0
0.20784635437530508,1.0
0.2338008170136412,1.0
0.7365913445863761,1.0
0.613808884669492,1.0
0.648935809896328,1.0
0.08011159791418354,1.0
0.5916060647705668,1.0
0.5792377605900723,1.0
0.44829310924871724,1.0
0.31920618796932665,1.0
0.5107884921988259,1.0
0.6648369964969447,1.0
0.31801432947416686,1.0
0.30034803966697865,1.0
0.171986322281088,1.0
0.44397173111844834,1.0
0.46133110343289063,1.0
0.0,0.0
0.32973289815984463,1.0
0.9442020272786631,1.0
0.5382448710067149,1.0
0.46813349316534447,1.0
0.37752391487164205,1.0
0.6018312134838024,1.0
0.09983014598410378,1.0
0.28809675452062944,1.0
0.10680313791399376,1.0
0.0,0.0
0.45716451054815455,1.0
0.31500241109229155,1.0
0.7666523415094573,1.0
0.1676430158992397,1.0
0.4509795491533666,1.0
0.0925524513949072,1.0
0.12646820185789087,1.0
0.4342564652736258,1.0
0.3167908130661661,1.0
0.7100918748624192,1.0
0.43021919205174974,1.0
0.45583600063120144,1.0
0.2877863947325512,1.0
0.6937177442934597,0.0
0.5806770081775001,1.0
0.03528004884710123,0.0
0.3894406401234378,1.0
0.4743147371612788,1.0
0.7020662318209681,1.0
0.17324092938848779,1.0
0.7508377695018256,1.0
0.2140699112935498,1.0
0.4236257749554899,1.0
0.19221915987764282,1.0
0.7028517524115809,1.0
0.8916210941260987,1.0
0.4166221585016219,1.0
0.29226261813094023,1.0
0.16953769986692224,1.0
0.9016264011131123,1.0
0.511344919581894,1.0
0.33144738131814266,1.0
0.08051036897133335,1.0
0.5586329110057786,1.0
0.2600022335804941,1.0
0.0,0.0
0.14499796759020622,1.0
0.4254895652979318,1.0
0.5009681338077838,1.0
0.19801639036967966,1.0
0.40116674064333724,1.0
0.47924676007656997,1.0
0.6604004250195343,1.0
0.10902999887954845,1.0
0.2752086767498523,1.0
0.7489035846700078,1.0
0.19596923002528932,1.0
0.2796287810306728,1.0
0.4518940632841195,1.0
0.8430967634689965,1.0
0.31931009807059363,1.0
0.6814923398860069,1.0
0.2624761024948925,1.0
0.0,0.0
0.9372426634770239,0.0
0.5460657109809763,1.0
0.9275659511398477,1.0
0.3766637782030742,0.0
0.1894243892082348,1.0
0.23385364789384866,1.0
0.20619477788872453,1.0
0.36595648405899484,1.0
0.5264376509616189,1.0
0.28176726774108385,1.0
0.5396642061010914,1.0
0.1270149606026596,1.0
0.1453598427634719,1.0
0.15617930811746517,1.0
0.10523233182123226,1.0
0.46875860839558037,1.0
0.2313603766783836,1.0
0.2627488371246609,1.0
0.145996583368325,1.0
0.514744784947831,1.0
0.8908015407289747,1.0
0.0,0.0
0.6224003006107197,1.0
0.2999622144813472,1.0
0.1469282249441184,1.0
0.0,0.0
0.4374092726718972,1.0
0.25234616761052564,1.0
0.42012155432076925,1.0
0.5764286905398213,1.0
0.5565946590135922,0.0
0.4352290262473475,1.0
0.5015713117830525,1.0
0.14887689122529135,1.0
0.43185556181605556,1.0
0.0,0.0
0.6235451334101572,1.0
0.5379165774701855,1.0
0.06608175549851225,1.0
0.765619460837494,1.0
0.2492285724625889,1.0
0.1272221685748125,1.0
0.7370855625601056,1.0
0.4519652610757774,1.0
0.06990321350934003,1.0
0.666226577394847,0.0
0.12544499982799007,1.0
0.2749449485091793,1.0
0.6408879394907423,1.0
0.6524420312839299,1.0
0.6325405483758133,1.0
0.3969543945417118,1.0
0.4873465400156616,0.0
0.07929636414253016,1.0
0.15672240448408514,1.0
0.41471553103961467,1.0
0.4074566885444426,1.0
0.5646052733997751,1.0
0.6334894134327853,1.0
0.16499507848303807,1.0
0.7903781725159398,1.0
0.6776880953525928,1.0
0.758632136514338,1.0
0.007947540651599638,0.0
0.3944112705667031,1.0
0.7087246213662954,0.0
0.7708764460357664,1.0
0.6747572384740805,1.0
0.2803965829537689,1.0
0.10955289364432552,1.0
0.47725539672853357,1.0
0.08921251057851842,1.0
0.753879587134759,1.0
0.5816284972218759,1.0
0.34653680145184973,1.0
0.0,0.0
0.0,0.0
0.2321628306410073,1.0
0.4416730521278427,1.0
0.0,0.0
0.4238226620439045,1.0
0.17643696005163045,1.0
0.3038555945563757,1.0
0.0,0.0
0.25484280309196095,1.0
0.29994671865028133,1.0
0.25983729951597034,1.0
0.6175953435101671,1.0
0.3213337595723931,1.0
0.6353679673307386,1.0
0.09921236251280119,1.0
0.10109002207421636,1.0
0.7097132853995829,1.0
0.9054377383154901,1.0
0.6516148920322569,1.0
0.467501323280449,1.0
0.2350266062769153,1.0
0.17251028844903304,1.0
0.18046932442631203,1.0
0.7447453839432328,1.0
0.23167164080676406,1.0
0.38250476416024837,1.0
0.15059848405895293,0.0
0.0,0.0
0.34720068627104306,1.0
0.10672074891109418,1.0
0.16599322308385345,1.0
0.12917984124508042,1.0
0.11351147325387378,1.0
0.39801486659628527,1.0
0.2807633169554071,1.0
0.3825644546217095,1.0
0.3010951418007646,1.0
0.6115581807318513,1.0
0.3917696785382643,1.0
0.14216506957351527,1.0
0.1665027628231477,1.0
0.13063359629165117,1.0
0.3286858931729153,1.0
0.6208321265083732,1.0
0.1277341582360103,1.0
0.0,0.0
0.9132951410482812,1.0
0.7448003396230001,1.0
0.8308325354522577,1.0
0.4045986130534933,1.0
0.2356959811620154,1.0
0.0,0.0
0.8001908930328576,1.0
0.21329390228213496,1.0
0.3426780374027967,1.0
0.1810142104663841,1.0
0.2656343339342251,1.0
0.876045084889399,1.0
0.8501663877615484,1.0
0.6865075421015852,1.0
0.39764401404484095,1.0
0.0664407575906405,1.0
0.417739804070532,1.0
0.09805756696439083,1.0
0.30716140853086893,1.0
0.12384160547229772,1.0
0.12426725464365518,1.0
0.3761853041537675,1.0
0.7400266422854656,1.0
0.1797612659846286,1.0
0.8158897965145386,1.0
0.5918819475849944,1.0
0.5915665679079369,1.0
0.41506829778538856,1.0
0.3773513029179365,1.0
0.0,0.0
0.7500216403932582,1.0
0.671733260554213,1.0
0.43465163297483667,1.0
0.34919335511033456,1.0
0.13800984596702737,1.0
0.4241022652583144,1.0
0.6287329495801939,1.0
0.35191541541890636,1.0
0.15074389777799002,1.0
0.5226299671340024,1.0
0.8615595209861873,1.0
0.33034614492398884,1.0
0.21817430877421762,1.0
0.4509688001085119,1.0
0.9259745082814916,1.0
0.6919920969340843,1.0
0.7656254700987728,1.0
0.7034442713758744,1.0
0.6425967405108572,1.0
0.10995517002052324,0.0
0.32681965290856985,1.0
0.6302182304899149,1.0
0.4420974668346722,1.0
0.4571437647415286,1.0
0.13450717091390763,1.0
0.32549127604168326,1.0
0.3639617724510118,1.0
0.07220028789613497,1.0
0.29973886543532435,1.0
0.48114482331586883,1.0
0.2335181656522165,1.0
0.06851653970537441,1.0
0.0,0.0
0.3927504586048225,1.0
0.45954878474815164,1.0
0.23236604611078526,1.0
0.261510747232673,1.0
0.269758160726123,1.0
0.4581513038774978,1.0
0.5928431882989136,1.0
0.3975721650081203,0.0
0.8242561397611361,1.0
0.23281644859679052,1.0
0.5565264753561499,1.0
0.08322481741556897,1.0
0.19115617787857975,1.0
0.716088536400159,1.0
0.11446546223897514,1.0
0.6547101197633567,1.0
0.5307479809344775,1.0
0.15953374939036147,1.0
0.3794570813202438,1.0
0.0,0.0
0.8343650627387436,1.0
0.6118611487384089,1.0
0.6676133352304339,1.0
0.15713442652756804,1.0
0.2699027001161509,1.0
0.5053731864246784,1.0
0.7335134173654412,1.0
0.7138586392921065,1.0
0.44139433624733515,1.0
0.39443530861219545,1.0
0.1342155241675287,1.0
0.25008779978897255,1.0
0.12734972257325472,1.0
0.467270783528571,1.0
0.5772808682134278,0.0
0.0,0.0
0.3030229682399259,1.0
0.22261184861602246,1.0
0.1537691911928767,1.0
0.0,0.0
0.6822876421574562,1.0
0.24761291049060485,1.0
0.1310297083482217,1.0
0.7157633290249485,0.0
0.5013708433469803,1.0
0.10991614833670305,1.0
0.0,0.0
0.5873746314864539,1.0
0.13055443550352575,1.0
0.7555179116346298,0.0
0.07364768054854265,1.0
0.16940631942859463,1.0
0.22615439167143148,1.0
0.5879757196753381,1.0
0.6172710734876823,1.0
0.6102543450998068,1.0
0.15820585270416698,1.0
0.31535078018323226,1.0
0.509297052971736,1.0
0.5216858628685115,1.0
0.22973811022113821,1.0
0.5462875104438925,1.0
0.0,0.0
0.3214372975336244,1.0
0.0,0.0
0.12607884034154138,1.0
0.4104854802757423,1.0
0.5565795643334792,1.0
0.3274992296326116,1.0
0.8342247679459533,1.0
0.3369021549440032,1.0
0.24595027984435536,1.0
0.19003395258632416,1.0
0.08909511640320744,1.0
0.09671960449045036,1.0
0.8672544799935666,1.0
0.16731304773254863,1.0
0.8302532824799438,1.0
0.09517598962972151,1.0
0.3309892059071937,1.0
0.3749050243857712,1.0
0.43723410475638547,1.0
0.25037432960985795,1.0
0.11302476810721407,1.0
0.5844725554381389,1.0
0.6783583975866536,1.0
0.22474696505820413,1.0
0.37633440325961187,1.0
0.4127610655762153,1.0
0.3474915857362211,1.0
0.38497154640794173,1.0
0.23341405547566163,1.0
0.365683559357703,1.0
0.5763107961762906,1.0
0.07936766397258532,1.0
0.16990638060111385,1.0
0.09802302496627169,1.0
0.3028926812130477,1.0
0.696377608197587,1.0
0.42122837581659134,1.0
0.12888735718362065,1.0
0.23018013955633476,1.0
0.3942351472916905,1.0
0.43861613881441963,1.0
0.7272658804235377,0.0
0.5789626050493175,1.0
0.37418571671101253,1.0
0.0,0.0
0.40139989737998416,1.0
0.091336792943848,1.0
0.26097269076256113,1.0
0.6378141738358001,1.0
0.41194753944714657,1.0
0.0,0.0
0.7417725852820691,1.0
0.1270170964063606,1.0
0.48509804090769526,1.0
0.8022551958279349,1.0
0.5250041515372192,1.0
0.6432254861071969,1.0
0.20692452449164156,1.0
0.7001070835954502,1.0
0.31013600486849624,1.0
0.20286394549982756,1.0
0.9551699164844032,1.0
0.38310560525615234,1.0
0.17222456493155924,1.0
0.14620036905267408,1.0
0.7129279270660271,1.0
0.6435965637433401,1.0
0.7292695994209923,1.0
0.15250364797022753,1.0
0.2240886073188455,1.0
0.15793534491235528,1.0
0.33165657403715354,1.0
0.4362097522935784,1.0
0.35174928190303056,1.0
0.22108039633205934,1.0
0.7195560792330595,1.0
0.5484135264615939,1.0
0.5904300552393562,1.0
0.0,0.0
0.39177291975793205,1.0
0.567851503953086,1.0
0.7531474786430654,1.0
0.25394867363193896,1.0
0.8160084341577654,1.0
0.6675883438261936,1.0
0.5277297711851672,0.0
0.4495573849944159,1.0
0.2502692320617559,1.0
0.3965725518546903,1.0
0.6759169088568862,1.0
0.8106837314774715,1.0
0.0708352762436153,1.0
0.0714418204856071,1.0
0.08538217522715552,1.0
0.20397416727517115,1.0
0.8477668448159377,0.0
0.3383957629872163,1.0
0.20613380994654928,1.0
0.4543276350347356,1.0
0.24768206151206495,0.0
0.37492625337421837,1.0
0.701494967854909,1.0
0.42269802284329794,1.0
0.6158518234253032,1.0
0.17321860298708547,1.0
0.2691901169718265,1.0
0.5927294154863181,1.0
0.23462044343824529,1.0
0.3045966614190956,1.0
0.22649029307079216,1.0
0.38866210416113356,1.0
0.0,0.0
0.4297230113394441,1.0
0.41353164554468647,1.0
0.5238708600807773,1.0
0.6722187792544148,1.0
0.6662507765009464,1.0
0.6073766432234682,1.0
0.2633900304050516,1.0
0.09504973712102904,1.0
0.1011033520902882,1.0
0.5048818255260632,1.0
0.4517061865863061,1.0
0.284251093402196,1.0
0.4929723299948048,1.0
0.10108069456428392,1.0
0.452024893515405,1.0
0.5719532014177404,1.0
0.23379512487169407,1.0
0.818490799269274,1.0
0.5044563494198302,1.0
0.460979377078615,1.0
0.0,0.0
0.42115820941304394,1.0
0.0,0.0
0.5498679067434398,1.0
0.36585976066207726,1.0
0.46711287210666086,0.0
0.25453762025196314,1.0
0.0,0.0
0.44048181986833423,1.0
0.6223928768171536,0.0
0.0,0.0
0.0,0.0
0.8682624012733364,1.0
0.6845623491274142,1.0
0.3186007391395371,1.0
0.5325727515938521,1.0
0.6141834566205429,0.0
0.38179075948100216,1.0
0.17899656522849883,1.0
0.14270541090341737,1.0
0.2862889282374068,1.0
0.0,0.0
0.2071312412789621,1.0
0.45960737679628094,1.0
0.8623219428847855,0.0
0.5631641851196965,1.0
0.7424292333780906,1.0
0.5371329916076091,0.0
0.2209336241018156,1.0
0.0,0.0
0.28604457528763616,1.0
0.21801175860675226,0.0
0.09131404538396382,1.0
0.39179345848663516,0.0
0.24648536119493247,1.0
0.5191731833497211,1.0
0.6316843241795045,1.0
0.3747526220369197,1.0
0.35351512238703897,1.0
0.7202881607145883,1.0
0.47933080770360803,1.0
0.7228011513504518,1.0
0.25474353373700165,1.0
0.20193638946141812,1.0
0.7552937762927248,1.0
0.1290270367448998,1.0
0.5721008989961911,1.0
0.45947362046390694,1.0
0.6945503285940995,1.0
0.18593876557154543,1.0
0.46248384520846786,1.0
0.764041517058828,1.0
0.07289973109591186,1.0
0.16821774516928967,1.0
0.541387929736572,1.0
0.209871674501243,1.0
0.09760174243807773,1.0
0.0,0.0
0.0,0.0
0.235513567519944,1.0
0.4694300130444784,1.0
0.25182032273562527,1.0
0.12426227276898061,1.0
0.24676786950252572,1.0
0.48360866145569714,1.0
0.48730549056879546,1.0
0.06561895034539633,1.0
0.2849111857943032,1.0
0.11986280125224846,1.0
0.26079860825548806,0.0
0.0,0.0
0.9681175416628096,0.0
0.5696786955234465,1.0
0.254836732807719,1.0
0.0,0.0
0.7069552835662507,1.0
0.4502755362340092,1.0
0.26442957358411023,1.0
0.8204905017553199,1.0
0.26132052165097663,1.0
0.3130597470697625,1.0
0.0,0.0
0.30430307694355063,1.0
0.5147537983395614,1.0
0.3811576192309589,1.0
0.344477678605982,1.0
0.5575610536669338,1.0
0.29586185952187627,1.0
0.5512235928867795,1.0
0.2952235003079422,1.0
0.23078645771325101,1.0
0.336230704277789,1.0
0.8193224222081543,1.0
0.9509130176176166,1.0
0.18338414226935207,1.0
0.5967480206834348,1.0
0.11659351402273321,1.0
0.08456352116845212,1.0
0.3889302980822382,1.0
0.7438228407911667,1.0
0.6958256755058669,1.0
0.09622453919787555,1.0
0.9110958804687241,0.0
0.23496577638668859,1.0
0.22627411172196688,1.0
0.14882422840832588,1.0
0.5803136344403264,1.0
0.5031521206398448,0.0
0.6084506253618729,1.0
0.4892027435031774,1.0
0.09853323795891056,1.0
0.5581946400848694,1.0
0.4993809965696281,1.0
0.7126486919901471,1.0
0.6884911695386062,1.0
0.9540798863071371,1.0
0.2996402753359684,1.0
0.1775431593133061,1.0
0.5666294330890418,1.0
0.19642939818610783,1.0
0.12998028345068224,1.0
0.6832400925635915,1.0
0.0777705589835751,1.0
0.16400555912789416,1.0
0.518052308565661,1.0
0.1080297544885842,1.0
0.0,0.0
0.4956304882571003,1.0
0.6499780170778484,1.0
0.13458840648277093,1.0
0.47151609103353964,1.0
0.3516161968232483,1.0
0.902913777551579,1.0
0.46964134056681406,1.0
0.26616327097270354,1.0
0.7321964017737912,1.0
0.578530724533111,1.0
0.8388272638605634,0.0
0.3508683384048732,1.0
0.1515388709255907,1.0
0.41151424739978193,1.0
0.6531876128455263,1.0
0.19364009657470094,1.0
0.30359623195848995,1.0
0.2950755836470509,1.0
0.1681944283952106,1.0
0.11814979965145911,1.0
0.4293739039706903,1.0
0.5192924382252118,0.0
0.670799428154015,1.0
0.3643061530410834,1.0
0.30115032756711324,1.0
0.6098548927863003,1.0
0.12912400623442188,1.0
0.29881093825725547,1.0
0.713890240183491,1.0
0.16342395727169734,1.0
0.5011553312499939,1.0
0.9708137372385086,0.0
0.33768931315084894,1.0
0.3695271707048091,1.0
0.5058369249290138,1.0
0.247700647505956,1.0
0.11357971493314967,1.0
0.706187877792225,1.0
0.5021136838771292,1.0
0.9506845196340539,1.0
0.8862757716866096,1.0
0.2702156378743168,1.0
0.7825861673922039,1.0
0.47420800099656724,1.0
0.737917427590085,0.0
0.45342031861247367,0.0
0.6948714024138569,1.0
0.2616098925409531,1.0
0.2760203971994457,1.0
0.29930982798896233,1.0
0.22465733833175694,1.0
0.1812968198119984,1.0
0.09679824008094418,1.0
0.4712209789831703,1.0
0.2619487320459202,1.0
0.16000899322414108,1.0
0.061767143914487566,1.0
0.5833429503688805,1.0
0.7065638422672813,1.0
0.370168095884313,1.0
0.24975792065578473,1.0
0.29690259715040535,1.0
0.11622336273517409,0.0
0.0,0.0
0.1859439115079562,1.0
0.13655240753440268,1.0
0.3296623656185198,1.0
0.5557314912044085,1.0
0.7059278599477703,1.0
0.4752771913318208,1.0
0.2619747018183194,1.0
0.1926352304445813,0.0
0.44711393752757767,1.0
0.1698404768015802,1.0
0.5338647017534051,1.0
0.25759597710858984,1.0
0.5151884979165775,1.0
0.49981549907248546,1.0
0.21932373230114122,1.0
0.3103640576845428,1.0
0.14874027581704974,1.0
0.21002972097397254,1.0
0.40317646690131825,1.0
0.5735013940010614,1.0
0.5850673142452831,1.0
0.31106148112428533,1.0
0.7827692913015478,1.0
0.8975566096546568,1.0
0.8228317577676161,1.0
0.9266523643580551,0.0
0.6238596647679926,1.0
0.0,0.0
0.23752664203787255,1.0
0.07530130780682676,1.0
0.14362967070145505,1.0
0.42978866704562035,1.0
0.7222911704451471,1.0
0.6403854063880385,1.0
0.11642048691280493,1.0
0.4936241512745001,1.0
0.5936801552487401,1.0
0.1403526835744766,1.0
0.14811787760922668,1.0
0.3214729559518519,1.0
0.0,0.0
0.215406437226922,1.0
0.9723215026091099,1.0
0.18221947900773117,1.0
0.6828550156595377,1.0
0.17609684406632553,1.0
0.2556296651873806,1.0
0.6439033801980649,1.0
0.2977468788527653,1.0
0.671908833622183,1.0
0.4550437595116601,1.0
0.46598960442215454,1.0
0.7215355471048399,1.0
0.1844940349208466,1.0
0.0,0.0
0.3713391765608005,1.0
0.4418753942689877,1.0
0.06988480858358503,1.0
0.4316566059491618,1.0
0.3190450213224785,1.0
0.24158657578688203,1.0
0.13448766257293876,1.0
0.43721351000660214,1.0
0.12147775395733618,1.0
0.10732338868383806,1.0
0.3213236647737303,1.0
0.8068043506703528,1.0
0.8950595059970472,0.0
0.8963319298088552,1.0
0.43814329288296827,1.0
0.2817823524174323,1.0
0.09900162721331895,1.0
0.26385740427737225,1.0
0.2669231939309533,1.0
0.6128322141493521,1.0
0.9601281482620627,0.0
0.4160061727067834,1.0
0.2237478450903594,1.0
0.15180543523347279,1.0
0.5826591230453428,1.0
0.3228960754703034,1.0
0.1839253229150879,1.0
0.15593852351045845,1.0
0.5156462071521051,1.0
0.2864969475148529,1.0
0.6465638463288097,1.0
0.5868366790554918,1.0
0.21290677260562463,1.0
0.6274813406009869,1.0
0.6653051646681591,0.0
0.1551455311082104,1.0
0.4644316651711722,0.0
0.0,0.0
0.6034525065747713,1.0
0.11588272655411958,1.0
0.6463783075107377,1.0
0.33097676922728336,1.0
0.0,0.0
0.0,0.0
0.33015680567581907,1.0
0.3286990601276272,1.0
0.461822068182435,1.0
0.4540652583026339,1.0
0.14978032118508144,1.0
0.5709709828098601,1.0
0.6765944518156237,1.0
0.4437715808020841,1.0
0.22165153325031062,1.0
0.6419040058354919,1.0
0.48784056591711433,1.0
0.7675984915447698,1.0
0.17322699314429313,1.0
0.14320941756061867,1.0
0.16291928836529257,1.0
0.39601273819737104,1.0
0.12839957163040516,1.0
0.4042440056150691,0.0
0.5551720136735732,0.0
0.20494052191345524,1.0
0.0,0.0
0.26259490920173745,1.0
0.6244435254741925,1.0
0.5705198020309843,1.0
0.2555178921272896,1.0
0.5651504585524028,1.0
0.1967304494714055,1.0
0.3471783448639938,1.0
0.5917740479824816,1.0
0.1812097770578971,1.0
0.16755909231888033,1.0
0.34309866468442207,1.0
0.1292795957826134,1.0
0.18580800936811714,1.0
0.0,0.0
0.32542611552184475,1.0
0.25001842368281313,1.0
0.2851990511177367,1.0
0.1209304450055253,1.0
0.2691805243621368,0.0
0.0,0.0
0.2995736012465753,1.0
0.17467454385617875,1.0
0.44932816774019235,1.0
0.8632881294598276,0.0
0.0,0.0
0.12658247385833077,1.0
0.09624331826441956,0.0
0.7541521957170958,1.0
0.2711776978965408,1.0
0.5865268324605282,1.0
0.4119918741302433,1.0
0.40566582564452425,1.0
0.3544083024898188,1.0
0.7448739653282788,1.0
0.2622819594390551,1.0
0.0,0.0
0.786314954531075,0.0
0.08024137074757087,1.0
0.4261833833809825,1.0
0.0,0.0
0.7344322091058539,1.0
0.20526189484576873,1.0
0.34103230211425295,1.0
0.07271703334693136,1.0
0.5895725155480278,1.0
0.5700578441967132,1.0
0.4472473237206689,1.0
0.7824995558003485,0.0
0.1304794202753703,1.0
0.5452559512692066,1.0
0.10479707603491484,1.0
0.16472444464379477,1.0
0.7434790594265825,1.0
0.0,0.0
0.7573413447907029,1.0
0.0,0.0
0.3039316871899578,0.0
0.37791082246458263,1.0
0.2273627543771095,1.0
0.13626862074571777,1.0
0.11184703792852568,0.0
0.5939480430546533,1.0
0.9866089989797069,0.0
0.3860589946136139,1.0
0.49283357878286216,1.0
0.6582550587203415,1.0
0.4726671031582512,1.0
0.1814864201584192,1.0
0.15083569632169036,1.0
0.0995063481392986,1.0
0.945414213423097,1.0
0.46196142862362954,1.0
0.3222459728373326,1.0
0.2676181934585804,1.0
0.4812266541087147,1.0
0.2977351604431395,1.0
0.28342028476973846,1.0
0.3237436073957194,0.0
0.6939622893155071,1.0
0.42207366289727455,1.0
0.3008787253634755,1.0
0.4549184253485401,1.0
0.06505816232142347,1.0
0.1386842797557879,1.0
0.34818225363386013,1.0
0.32374146759051303,1.0
0.46595507742968145,1.0
0.2292957837741385,1.0
0.28060041965731664,1.0
0.2710773781463187,1.0
0.1297239830050807,1.0
0.4322841470922665,1.0
0.746752584250701,0.0
0.9672011688326303,0.0
0.1843945714928581,1.0
0.6823963930803196,0.0
0.9078046339759607,1.0
0.36012013384624586,1.0
0.20125615348930204,1.0
0.5035852716341305,1.0
0.491379628662886,1.0
0.5371912815420532,1.0
0.1585753227353699,1.0
0.36448535247365044,1.0
0.3094032791445387,1.0
0.5633743712125128,1.0
0.8119641933139796,1.0
0.9126934686395551,1.0
0.6005540158756197,0.0
0.4007437684793347,1.0
0.3882281148513904,1.0
0.38660451889385516,1.0
0.8084221624513082,1.0
0.1744310892444516,1.0
0.08104581545931167,1.0
0.4681319165720743,1.0
0.27942166409277647,1.0
0.7305059716666324,1.0
0.78156986896012,1.0
0.11254201244674134,1.0
0.4117235041428855,1.0
0.14833177309788503,1.0
0.4496159970500737,1.0
0.27819843679356726,1.0
0.6738704927925672,1.0
0.4675803960354479,0.0
0.47033877901220356,1.0
0.3579893110197472,1.0
0.4177452651255211,1.0
0.4367477247320686,1.0
0.6055786076244702,0.0
0.2152671077973971,1.0
0.20104849834888006,1.0
0.26751033887300757,1.0
0.56773379365882,1.0
0.5291122053937771,0.0
0.13061814347677192,1.0
0.17860415756588788,1.0
0.23879178711069793,1.0
0.84821963420013,0.0
0.17325143834299706,1.0
0.8249147285874523,1.0
0.12902401960955512,1.0
0.08140395722770055,1.0
0.7043474722494603,1.0
0.3929827320090724,1.0
0.5422203679822513,1.0
0.22363377116445537,1.0
0.45775131936372526,1.0
0.305669628175413,1.0
0.18732733008698466,1.0
0.4970387401808911,1.0
0.3329082380370654,1.0
0.40832077569957503,1.0
0.4657043220706911,1.0
0.7045129065022038,1.0
0.12728261732161528,1.0
0.5907529287363302,1.0
0.38438777173411554,1.0
0.4521742707258998,1.0
0.1261654059160806,1.0
0.3359349749951557,1.0
0.3263489637887247,1.0
0.1263733451634117,1.0
0.17362747684590962,1.0
0.7476231418406512,1.0
0.3048101857680945,1.0
0.08674174083033259,1.0
0.7026178163816867,0.0
0.6394305540780691,1.0
0.7030921298653761,1.0
0.4072322380839588,1.0
0.15519011788617032,1.0
0.8525344868748763,1.0
0.17684296683157585,1.0
0.28850369365141715,1.0
0.3022413161050088,1.0
0.1550005355465256,1.0
0.2980394339409522,1.0
0.4595287602129394,1.0
0.14530413580099788,1.0
0.0782696337849238,1.0
0.49879376859632885,1.0
0.017509867945797897,0.0
0.35780876708124376,1.0
0.3121985049852274,1.0
0.33580004322046353,1.0
0.07938099999091586,1.0
0.12750896349545426,1.0
0.1139520720507603,1.0
0.0694552009226519,1.0
0.25357807117460496,1.0
0.09743273384031115,1.0
0.09013871910986238,1.0
0.6787079751323342,1.0
0.6856034298850622,1.0
0.07900207040008977,1.0
0.5391223241914709,1.0
0.29200504120500037,1.0
0.2944769253725408,1.0
0.29435454732180233,1.0
0.839860956838197,1.0
0.8068173165494006,1.0
0.10232456663209888,1.0
0.2990858877204632,1.0
0.4677456622249494,1.0
0.10958954143485222,1.0
0.22622725709061609,1.0
0.7510240846120158,1.0
0.12952633963207738,1.0
0.08479219921977421,1.0
0.7051309800826737,1.0
0.5530199148409345,1.0
0.4470797506630948,1.0
0.0,0.0
0.41561294373511437,1.0
0.7340334800645145,0.0
0.15052484935028598,1.0
0.2060621979990449,1.0
0.1466513677630381,1.0
0.2853443027757905,1.0
0.5005067551914717,1.0
0.47015696659637296,1.0
0.5664650402281728,1.0
0.4986289435728377,1.0
0.4260221817209593,1.0
0.7006379613642237,1.0
0.5769710356237341,1.0
0.2561763178922467,1.0
0.0,0.0
0.07536741968465988,1.0
0.3215165633612762,1.0
0.9360356922949751,1.0
0.2104591285596178,1.0
0.6326059759961611,1.0
0.6945744656768595,1.0
0.5309043197646233,1.0
0.4458218093010182,1.0
0.590841035890965,0.0
0.5045340726670102,1.0
0.08871051867946855,1.0
0.14318784544305263,1.0
0.10999133062772382,1.0
0.0,0.0
0.9160588030115147,1.0
0.2791312228000087,1.0
0.24982772492306093,1.0
0.971065658036053,0.0
0.5850307284780958,1.0
0.6493403011059655,1.0
0.21184260315972647,1.0
0.6532808749399592,1.0
0.7067579783204838,1.0
0.8339440102971309,0.0
0.6387670604060638,1.0
0.6521008348920692,1.0
0.378663068534026,1.0
0.562024213149384,1.0
0.8145773086266588,1.0
0.2310530930478607,1.0
0.49123240526286827,1.0
0.27734047894488656,1.0
0.4763743461900969,1.0
0.27876274814336366,1.0
0.9313187503144249,0.0
0.39752521434063093,1.0
0.20515219356528647,1.0
0.46434796967664127,1.0
0.5158691100302351,0.0
0.5824377347371437,1.0
0.49812675860113487,1.0
0.2688150748438489,1.0
0.22720986584530767,1.0
0.3229951317450803,1.0
0.7771698492370982,1.0
0.25986422064636505,1.0
0.21117349137363028,1.0
0.28208765430222593,1.0
0.30581394448149446,1.0
0.7522676525653926,1.0
0.6785716238234731,1.0
0.08034934537831662,1.0
0.6511505953178673,1.0
0.21544455557081665,1.0
0.17806806483472926,1.0
0.32856022588444,1.0
0.528910966667846,1.0
0.054933458405464375,0.0
0.1270505059783491,1.0
0.9444510139721065,1.0
0.4395329027917878,1.0
0.10997002360991415,0.0
0.18567038958192938,1.0
0.4217513906265413,1.0
0.7805724306250714,1.0
0.9800591232680267,1.0
0.43346847375320463,1.0
0.30892047846712645,1.0
0.10587760263599444,1.0
0.44328461655792584,1.0
0.16467811320932269,1.0
0.6589434257521671,1.0
0.3323829283635602,1.0
0.3658066876907715,1.0
0.06462815751104323,1.0
0.38673537213379827,1.0
0.360268461661855,1.0
0.5709084702864602,1.0
0.18794275967252183,1.0
0.7018569530695826,1.0
0.11371749878107362,1.0
0.3598335510054098,1.0
0.5262198440010777,1.0
0.4331621824961114,1.0
0.10240834115636899,0.0
0.4419069701509608,1.0
0.4299039304191128,1.0
0.2863878424587294,1.0
0.12157275270527013,1.0
0.4687576660409736,1.0
0.6788493403279161,1.0
0.4741443810564472,1.0
0.32911682233112627,1.0
0.638004033279719,1.0
0.38490292358524236,1.0
0.42974971438777443,1.0
0.10272964706346022,1.0
0.4100388642145649,1.0
0.17255166001711286,1.0
0.173859667218915,1.0
0.30140661700857363,1.0
0.5513594019916099,1.0
0.41894430832427787,1.0
0.45155719852224685,0.0
0.8455130277068132,1.0
0.5462419693068079,1.0
0.308596611596347,1.0
0.3908732852263572,1.0
0.7841361056324132,1.0
0.2302321141143091,1.0
0.2612940276813225,0.0
0.3768737542168381,1.0
0.24422107114485092,1.0
0.6055973206661696,1.0
0.35834106938606913,1.0
0.5058495146665196,1.0
0.408806207367026,1.0
0.8446911834476403,0.0
0.06867093380371925,1.0
0.1725840071893212,1.0
0.109936789103803,1.0
0.3506411209031546,1.0
0.6493550526569596,1.0
0.2434816018833068,1.0
0.15894428857684684,1.0
0.36364990109413187,1.0
0.46144490525640336,1.0
0.11755633733218174,1.0
0.18376613001095699,1.0
0.3151134248666638,1.0
0.11300462552758139,1.0
0.224716661655064,1.0
0.12358067028264674,1.0
0.3817265783296988,1.0
0.13811025475075223,1.0
0.0,0.0
0.21806027586374688,1.0
0.1981568952415227,1.0
0.3324455699355209,1.0
0.311047222758877,1.0
0.38679752052017413,1.0
0.15046781288752165,1.0
0.5435689354468396,1.0
0.0,0.0
0.9276126527136035,1.0
0.29238409284175226,1.0
0.3450564533983571,1.0
0.1537854593145549,1.0
0.342242968686874,1.0
0.41964941265433264,1.0
0.3785364438852974,1.0
0.1528587776051542,1.0
0.49606363324912817,1.0
0.29489012986097674,1.0
0.2482212033906146,1.0
0.17561685044520559,1.0
0.16111440919106412,1.0
0.168716757947299,1.0
0.20405098918317854,1.0
0.24466999507447618,1.0
0.5390684309114833,1.0
0.0,0.0
0.11314653192681767,1.0
0.5037231245080291,1.0
0.30238498516753376,1.0
0.32834353634438296,1.0
0.1422343676503126,1.0
0.11465331492775377,1.0
0.721138431670699,1.0
0.34881332710617663,1.0
0.4820842688282756,1.0
0.403488119175758,1.0
0.0,0.0
0.32397931509229005,1.0
0.34405968131401865,0.0
0.7217985650782404,0.0
0.3813636117457362,1.0
0.257589395631987,1.0
0.0,0.0
0.4719515979143436,1.0
0.1375068837028306,1.0
0.9359826483345852,1.0
0.12382689093523203,1.0
0.6725080250973363,1.0
0.39267744713067776,1.0
0.9008570496069099,1.0
0.49662040376131467,1.0
0.7816515306893468,1.0
0.7762123989495122,1.0
0.40472417430206553,1.0
0.3054329191020253,1.0
0.9072515438486985,1.0
0.4977201185829023,1.0
0.3138368444907451,1.0
0.4187518879166712,1.0
0.521751944735052,1.0
0.7673584992359035,1.0
0.34031705796859635,1.0
0.0,0.0
0.0,0.0
0.6011453333878083,0.0
0.7658482159178015,1.0
0.7020726812478806,1.0
0.6212262027988866,1.0
0.6628642921702794,1.0
0.12595968250256595,1.0
0.2637246213112747,1.0
0.24140572073130517,1.0
0.11917475934276611,1.0
0.5765117167825133,1.0
0.31787667567517985,1.0
0.5264302421736997,1.0
0.34586211856935556,1.0
0.34313484930065696,1.0
0.7683194058240921,1.0
0.18669937178690388,1.0
0.4899655065301416,1.0
0.0,0.0
0.12011099064566899,1.0
0.5002837302674159,1.0
0.14057069661256438,1.0
0.1591233499574658,1.0
0.20635845848156809,1.0
0.42296344172015576,1.0
0.1745790069057196,1.0
0.23364886383381167,1.0
0.260029966016182,1.0
0.4498660951617435,1.0
0.4154911719124992,1.0
0.41162191991684294,1.0
0.2599982190698378,1.0
0.16098938114313466,1.0
0.5741259270122088,1.0
0.6847298791688012,0.0
0.0716150596753411,1.0
0.3407279916025123,1.0
0.38849002740882366,1.0
0.0,0.0
0.13618939893462967,1.0
0.18057692391589253,1.0
0.3366916117167973,1.0
0.3577183320506325,1.0
0.3740148944307591,1.0
0.14248393256133918,1.0
0.3159684926278077,1.0
0.10253934845428425,1.0
0.21019928277991085,1.0
0.36754374134232304,1.0
0.3977955510680715,1.0
0.1961815389169126,1.0
0.0,0.0
0.3340551666251459,1.0
0.13201603950364937,1.0
0.41880707168226694,1.0
0.11218042838302011,1.0
0.4041100412043952,1.0
0.1528460978337689,1.0
0.16472309613635305,1.0
0.6045556586898093,1.0
0.7624765051464104,1.0
0.6181846282574286,1.0
0.2987412230234825,1.0
0.8457645553564159,1.0
0.5381992248301044,1.0
0.12848445057026492,1.0
0.25835882616792816,1.0
0.07167923582476154,1.0
0.0796852114653892,1.0
0.7659670696423393,1.0
0.23776472962999495,1.0
0.616787690591182,1.0
0.8775242845107365,0.0
0.39028561908817716,1.0
0.5202143281314617,1.0
0.23969161271417283,1.0
0.8260088883186651,1.0
0.09726552491976159,1.0
0.8752946675080882,1.0
0.6584373913319208,1.0
0.4186760433764465,0.0
0.35090656178829427,1.0
0.4747948128132671,1.0
0.3261846759673821,1.0
0.47663169703096075,1.0
0.11533419314154525,0.0
0.38624992345994835,1.0
0.4382305077018178,1.0
0.6990029301035952,0.0
0.8385181775516943,1.0
0.6919591185243417,1.0
0.3377402233082907,1.0
0.6280972563694744,1.0
0.13853803472392867,1.0
0.3854461630056929,1.0
0.5246271946887342,1.0
0.33854022834938746,1.0
0.4593017597929081,1.0
0.47453747197616725,1.0
0.3195460818710618,1.0
0.5231419788034817,1.0
0.3654743786432091,1.0
0.14373973211745605,1.0
0.46483884039080037,1.0
0.6267272208264694,1.0
0.2455655210600094,1.0
0.06498942245468031,1.0
0.3233784089719176,1.0
0.31694563132412146,1.0
0.4544532583066476,1.0
0.3755155231158329,1.0
0.4066770431646658,1.0
0.13202333724978388,1.0
0.0,0.0
0.19727699413561606,1.0
0.08546781545348736,1.0
0.40488428455139225,1.0
0.3214129663778347,1.0
0.0,0.0
0.19889797811026488,1.0
0.28661241996702147,1.0
0.3468084616773206,1.0
0.307290462093595,1.0
0.2132359964922439,1.0
0.19740179009621128,1.0
0.867476446519349,1.0
0.4965349576080129,1.0
0.7849633089081784,1.0
0.09414338906316111,1.0
0.49983213733344645,1.0
0.3624872695970618,1.0
0.8880414411062469,1.0
0.6563322181573601,1.0
0.6533342530260793,1.0
0.3200836531586,1.0
0.2927534938469809,1.0
0.5000418492478302,1.0
0.574788682406401,1.0
0.13422480065826292,1.0
0.4156834672730514,1.0
0.08839433469975333,1.0
0.3591660388212423,1.0
0.45271642973979453,1.0
0.0,0.0
0.825408192277346,0.0
0.30948071428330426,1.0
0.614741096459857,1.0
0.10224781274968997,1.0
0.19032394270931752,1.0
0.0,0.0
0.07455451679011382,1.0
0.623686312535721,0.0
0.4170601753269154,1.0
0.5619969148770712,1.0
0.5471359046938002,1.0
0.7605834107768916,1.0
0.14296409024419487,1.0
0.8499164557123682,1.0
0.15716726888611454,1.0
0.2772435504707986,1.0
0.3146909128758244,0.0
0.5548408950739754,1.0
0.38560928638885894,1.0
0.3280620124072069,1.0
0.10501174381418554,1.0
0.3302458992016235,1.0
0.5575080767317662,1.0
0.6509839676160301,1.0
0.6903872330254002,0.0
0.880696978392272,1.0
0.1348980309941652,1.0
0.44339983491447876,1.0
0.25636939554717486,1.0
0.459563096133512,1.0
0.3820677126982206,1.0
0.9174120822491383,0.0
0.3470006690047458,1.0
0.09470997927048952,1.0
0.16278412850477197,1.0
0.34005228633529594,1.0
0.166929061238815,1.0
0.35534571923880387,1.0
0.19899064698146862,1.0
0.17068463745839102,1.0
0.4225447051500031,1.0
0.31616788265807605,1.0
0.2741931245985936,1.0
0.615636939564721,1.0
0.07781114425577229,1.0
0.37818658523383686,1.0
0.24683627624391447,1.0
0.32069963895343845,1.0
0.6057476082192252,1.0
0.480016330665213,1.0
0.21771080635872186,1.0
0.7075880216649639,1.0
0.3470445825293611,1.0
0.2598670387067985,1.0
0.0,0.0
0.8683498181682268,0.0
0.44905205483918387,1.0
0.33308674420875883,0.0
0.22942090985895902,1.0
0.1946248721447632,1.0
0.6902102604307898,1.0
0.4948064771825571,1.0
0.5307656275748909,1.0
0.5084344613793825,1.0
0.30511197333045237,1.0
0.24463408856289215,1.0
0.29790734923761075,1.0
0.30691600418545883,1.0
0.2554469814436704,1.0
0.6081254419956972,1.0
0.25195819661742913,1.0
0.23647395691351258,1.0
0.11575254456676776,1.0
0.1498038100239083,1.0
0.2609802376024293,0.0
0.2346070924142687,1.0
0.8321603351019387,1.0
0.32226033024000866,1.0
0.3684440231174553,1.0
0.12223008705953076,1.0
0.12492102765778679,1.0
0.3926743299576887,1.0
0.3128096729671279,1.0
0.6494686594070664,1.0
0.14387639554376674,1.0
0.7901657335753787,1.0
0.48832769822451416,1.0
0.0,0.0
0.7223570372307528,1.0
0.5677256565968518,1.0
0.5405067851627496,1.0
0.7039981257907368,1.0
0.5670701609344895,1.0
0.4035009930201725,1.0
0.5381576691927594,0.0
0.3568115528305187,1.0
0.2807309897907273,1.0
0.1846568992065145,1.0
0.41434092207463546,1.0
0.23566045379310196,1.0
0.6476453412942837,1.0
0.06364632404809267,0.0
0.7465557311750852,1.0
0.36496078938008303,1.0
0.30671589588490544,1.0
0.23846752809235383,1.0
0.46703856014314304,1.0
0.5369304393874108,1.0
0.20264170787203062,1.0
0.16686742104367136,1.0
0.7071640911403319,1.0
0.5727548770874931,1.0
0.2054956748169383,1.0
0.2100580366291256,1.0
0.10458651079942705,1.0
0.41186484933093803,1.0
0.17342358011977543,1.0
0.46353400838382086,1.0
0.7580242017490941,1.0
0.41310281617662437,1.0
0.21284040363104584,1.0
0.5050723002014936,1.0
0.936851666345194,1.0
0.2138684754934599,1.0
0.47734933707819316,1.0
0.39692816267068487,1.0
0.3778286395392296,1.0
0.3153357095121536,1.0
0.7790264918898715,1.0
0.36250670891205683,1.0
0.37760582369385,1.0
0.3199638280685382,1.0
0.5683601873701472,1.0
0.5494608745776426,1.0
0.40254593163152697,1.0
0.5422391480491715,1.0
0.4145672002228764,1.0
0.29283235252142115,1.0
0.6547563191481394,1.0
0.4496474318789687,1.0
0.4900672628209324,1.0
0.2077769462570993,1.0
0.2882113416396477,1.0
0.5019473822980114,1.0
0.4910993291864738,1.0
0.5668854564303691,1.0
0.6847211388798393,1.0
0.5667028117013402,1.0
0.3214875364384744,1.0
0.8542185525871195,1.0
0.1274190246515574,1.0
0.0,0.0
0.5936887604868826,1.0
0.22850991505252427,1.0
0.5336216252839727,1.0
0.47101301772755777,1.0
0.6196457010576619,1.0
0.5705950433442153,1.0
0.2926993164600846,1.0
0.6799819535291309,1.0
0.35739507741023413,1.0
0.3312875191621729,0.0
0.9082092572352884,1.0
0.3882458325185305,1.0
0.24669339647840127,1.0
0.39419591852994706,1.0
0.0,0.0
0.33626203006565136,1.0
0.07538570956712443,1.0
0.4107903680046898,1.0
0.21195328080761433,1.0
0.1351111201794124,1.0
0.2450558162586023,1.0
0.5461708255354782,0.0
0.1849680152791815,1.0
0.7156123302042436,0.0
0.12645353633927092,1.0
0.6181434677687778,0.0
0.09865494275630438,1.0
0.18194314302277625,1.0
0.5748615208154213,1.0
0.0,0.0
0.08817514321821784,1.0
0.6247831782852056,1.0
0.17767678959824895,1.0
0.4737717218251509,1.0
0.3495698487845278,1.0
0.157980359851432,1.0
0.18073775343588006,1.0
0.2267247182847658,1.0
0.14216675320706518,1.0
0.5190873200394437,1.0
0.7534906327716211,1.0
0.1725324657943461,1.0
0.35589275008596477,1.0
0.5690786767369773,1.0
0.15252155670926815,1.0
0.8262329826451364,1.0
0.15000928434368932,1.0
0.3814313922514727,1.0
0.7735771303005552,1.0
0.2871027554797845,0.0
0.4419914859541727,1.0
0.6116219307209083,1.0
0.19130020707662299,1.0
0.5313431749053739,1.0
0.5239192793008818,1.0
0.5528084422640154,1.0
0.0,0.0
0.5127360260538678,1.0
0.2472894417696483,1.0
0.0,0.0
0.476817399910769,1.0
0.696587963354022,1.0
0.3185872890782928,1.0
0.15784968968037694,1.0
0.34641832887073587,1.0
0.2700535288728614,1.0
0.0,0.0
0.22183992714274403,1.0
0.0,0.0
0.1649533547824511,1.0
0.2627966611207828,1.0
0.5062843372898378,1.0
0.30503920194665346,1.0
0.12343073786322734,1.0
0.1342923550789239,1.0
0.22198809189699276,1.0
0.6126355521456368,1.0
0.25164745568592695,1.0
0.0,0.0
0.12130760993231027,1.0
0.8129904434908952,1.0
0.3555507463903158,1.0
0.17722476450165692,1.0
0.12094292070011647,1.0
0.1345519497641443,1.0
0.08320076536480592,1.0
0.15495463627467565,1.0
0.10457032971049962,1.0
0.0,0.0
0.0,0.0
0.3752429785575879,1.0
0.3980036443733739,1.0
0.20627103658479573,1.0
0.2581850887907269,1.0
0.0,0.0
0.23773803558505247,1.0
0.27630723613665076,1.0
0.0,0.0
0.198927877361323,1.0
0.20295332713404735,1.0
0.3258740820912167,1.0
0.5576601229466047,1.0
0.4125773224338545,1.0
0.11170933210996337,1.0
0.7227094978613358,1.0
0.12446867343734613,1.0
0.0,0.0
0.2404723655106693,1.0
0.0,0.0
0.32202547686491867,1.0
0.3126232978343517,1.0
0.46918911239380456,1.0
0.3148883581742927,1.0
0.11875114293633571,1.0
0.47898816176628456,1.0
0.4396250924826761,1.0
0.0,0.0
0.10196287152659256,1.0
0.1702284557976883,1.0
0.3043666998847998,1.0
0.19721604019871108,1.0
0.46527000063596935,1.0
0.5945527566077584,1.0
0.3697052397119984,1.0
0.589792360275379,1.0
0.49201136738553597,1.0
0.3067865484714032,1.0
0.42992033559236287,0.0
0.8551106242728026,1.0
0.5422004324805418,1.0
0.31077275747786626,1.0
0.27916922009835377,1.0
0.38776776362168297,1.0
0.5133125169868298,1.0
0.13638398915873662,1.0
0.38177608695974685,1.0
0.3393720053462399,1.0
0.7361794715989833,1.0
0.46354909506092223,1.0
0.7383086498066134,1.0
0.42107430383946065,1.0
0.15098670914766554,1.0
0.815793311207214,1.0
0.1754818146313637,1.0
0.3328009356592876,1.0
0.09541014374167966,1.0
0.3446122432425196,1.0
0.6944226935651661,1.0
0.20630833562038564,1.0
0.1006441522938637,1.0
0.0,0.0
0.4715914283829088,1.0
0.5391667469076946,1.0
0.21388159443010268,1.0
0.3327393724931298,1.0
0.07898263608697675,1.0
0.46299641508800127,1.0
0.19706483229932958,1.0
0.22700222571053263,1.0
0.37868271992882674,1.0
0.43317186013779807,1.0
0.763550637341281,1.0
0.22551062242170694,1.0
0.55568688441892,1.0
0.0,0.0
0.0,0.0
0.47019865528378446,1.0
0.899252675882682,0.0
0.0,0.0
0.29318033446667924,1.0
0.11423535665047213,1.0
0.3914785109722003,1.0
0.18794806266803388,1.0
0.0,0.0
0.17061940291069577,1.0
0.42696217243852663,0.0
0.7115713115729734,1.0
0.5457254289331823,1.0
0.3803915079440481,1.0
0.9616603568306146,1.0
0.3116710354989869,1.0
0.5511422032599445,1.0
0.5555536812947173,1.0
0.217449503030541,1.0
0.3871895750499017,1.0
0.4926414494847995,1.0
0.2864843417713243,1.0
0.18741569333798713,1.0
0.4264776080974495,1.0
0.20983493067457815,1.0
0.4820135812286024,1.0
0.39375528471988464,1.0
0.21546131287657388,1.0
0.8276317660059158,1.0
0.38999447553114797,1.0
0.1346742187738501,1.0
0.0880844540919905,1.0
0.22992918112092653,1.0
0.14718712536808898,1.0
0.18855566530830004,1.0
0.10598449986131309,1.0
0.6992432305284049,1.0
0.21490009969261425,1.0
0.6999643248754865,1.0
0.2284741285861127,1.0
0.4006782378202134,1.0
0.4325902342725665,1.0
0.7412782582673074,1.0
0.30494531461694496,1.0
0.39035981100652206,1.0
0.31556388637487887,1.0
0.14242487133665938,1.0
0.12690847553243456,0.0
0.08928700561092429,1.0
0.4101310819159938,1.0
0.07817935981491875,1.0
0.8442213556519103,0.0
0.3712034774973789,1.0
0.6506111833376784,1.0
0.3840536440021842,1.0
0.3959827589161975,1.0
0.0,0.0
0.8152751492233774,1.0
0.3978803379732989,1.0
0.3323674965565866,1.0
0.6915831770579439,1.0
0.6208260792327889,1.0
0.4197876006543386,1.0
0.7059107795204227,1.0
0.1895722758578331,1.0
0.6372009160675152,1.0
0.9902217684612498,0.0
0.16186596900226968,1.0
0.5058423069542646,1.0
0.21100847727899152,1.0
0.24286283304121037,1.0
0.0,0.0
0.0,0.0
0.188381163643498,1.0
0.33041002596235947,1.0
0.1059558860939811,1.0
0.27629641006281025,1.0
0.1455822804665572,1.0
0.07452591002541675,1.0
0.046786459697997884,0.0
0.5345747999626513,1.0
0.55706911355036,1.0
0.40017951515137185,1.0
0.16528666920833635,1.0
0.6862884086418832,1.0
0.2497957298833593,1.0
0.593290494619835,1.0
0.45097863180817077,1.0
0.6138187633868437,1.0
0.11415128301364685,1.0
0.6755885372909938,1.0
0.21822783391567446,1.0
0.30156900411467946,1.0
0.15648509018295087,1.0
0.35432109167247505,1.0
0.6317042496774494,1.0
0.40613197905758724,1.0
0.6792038577324608,1.0
0.0,0.0
0.7697383837840794,1.0
0.0,0.0
0.4043594550585792,1.0
0.5773817021571404,1.0
0.18198705654739156,1.0
0.0,0.0
0.49533069744611824,1.0
0.45120311328032425,1.0
0.18531298108947114,1.0
0.17523817394961894,1.0
0.11791422600533163,1.0
0.0743363667004533,1.0
0.48819802242764165,1.0
0.43258942796915534,1.0
0.6038468509661716,1.0
0.8032330187817345,1.0
0.7313095610565155,1.0
0.13783404481322936,1.0
0.42359755633685214,1.0
0.3990796092578841,1.0
0.1653035025427032,1.0
0.549623088618624,1.0
0.32097069095003405,1.0
0.5481950792601307,1.0
0.41167521097021265,1.0
0.4320656318652052,1.0
0.2440490123993171,1.0
0.8589739410350372,1.0
0.4654170899855443,0.0
0.696115458550937,1.0
0.8355725301075068,1.0
0.2783566243193749,1.0
0.9651991164623257,0.0
0.10900182027596816,1.0
0.28936805591007086,1.0
0.08365514034565713,1.0
0.8067609743478861,1.0
0.6473800474644809,1.0
0.32656514413717375,1.0
0.33067223263046674,1.0
0.11544870323157719,1.0
0.40474603152691735,1.0
0.4121560959267412,1.0
0.1999798762274443,1.0
0.4069208349032536,1.0
0.37767031496184966,1.0
0.30766503404464585,1.0
0.6351610124538252,1.0
0.4875365285081408,1.0
0.5007137420804311,1.0
0.16373706709461056,1.0
0.468265510843465,1.0
0.30598063020516575,1.0
0.2214171250427368,1.0
0.5203476082846499,1.0
0.17881951460452594,1.0
0.3152433687644227,1.0
0.19706401899328307,1.0
0.15076031695651038,1.0
0.7512965011220758,1.0
0.6574941653969444,1.0
0.4583069384426288,1.0
0.2312212513256524,1.0
0.2932706404487302,1.0
0.552462132948166,1.0
0.3517686241815108,1.0
0.5354056786214594,1.0
0.26687945247108535,1.0
0.31959675493928685,1.0
0.42661200166961644,1.0
0.33824511930014767,1.0
0.7532638704411831,1.0
0.7838423670988965,0.0
0.0,0.0
0.8008584532350942,0.0
0.42035792926842586,1.0
0.35014643675400414,1.0
0.3756882100977714,1.0
0.20216025870318965,1.0
0.22650771562688288,1.0
0.9851528380277972,1.0
0.09457595583760581,1.0
0.07658845615946452,1.0
0.0,0.0
0.0,0.0
0.1214745897666547,1.0
0.060914894213777604,0.0
0.21129549528357972,1.0
0.34771143946696004,1.0
0.3242620314781832,1.0
0.25467808810987735,1.0
0.43237092574698766,1.0
0.0836284102871625,1.0
0.24432873365814656,1.0
0.06982457991959912,1.0
0.4102188899580721,1.0
0.4716000836398737,1.0
0.19075836718281236,1.0
0.9282309393742558,1.0
0.3096607670369753,0.0
0.2686578036628604,1.0
0.15373302258266452,1.0
0.5552540105289081,1.0
0.1640005352374092,1.0
0.4172828781297575,1.0
0.6318934358680237,1.0
0.47401333074234486,1.0
0.3831844479245694,1.0
0.2786248442502668,1.0
0.4970413061464618,1.0
0.16675019393122614,1.0
0.3223926420288028,1.0
0.5102274110645562,1.0
0.0,0.0
0.07154250537322948,1.0
0.24565163946627955,1.0
0.23124054758681645,1.0
0.2925186924914658,1.0
0.49645800365031567,1.0
0.0,0.0
0.3915156859611115,1.0
0.3001961845240402,1.0
0.30902633930245305,1.0
0.1288510745304947,1.0
0.3978352360014723,1.0
0.0,0.0
0.7982552146390134,1.0
0.5948834710552746,1.0
0.13416032039440395,1.0
0.5623101277387579,1.0
0.2651470015515369,1.0
0.2100597822860144,1.0
0.0,0.0
0.3774412037475292,1.0
0.32165602183936226,1.0
0.635777572464741,1.0
0.10614623272122659,1.0
0.1743840455419532,1.0
0.19920864001202787,1.0
0.16268380375266833,1.0
0.8620673630866622,0.0
0.0,0.0
0.4207844577706745,1.0
0.5922311559917688,1.0
0.2105799500246146,1.0
0.6810159916366367,1.0
0.7536114672415115,1.0
0.5373301067818517,1.0
0.11818779194792217,1.0
0.3814858127298444,1.0
0.7866101035953728,0.0
0.29279063182196374,1.0
0.6463531440417496,1.0
0.07653849335851248,1.0
0.3270283714491482,1.0
0.5568471600294718,1.0
0.18563358573267763,1.0
0.0,0.0
0.4434297241617724,1.0
0.23177394730459655,1.0
0.5741775774482161,1.0
0.6173027023896065,1.0
0.6275582905571784,1.0
0.2034653418046557,1.0
0.0,0.0
0.3153410255125597,1.0
0.4965290723934124,1.0
0.1739705049270337,1.0
0.32419127485253574,1.0
0.35416299718167643,1.0
0.7773528881144447,1.0
0.9782883249183785,0.0
0.5167141330115381,1.0
0.21742939646446002,1.0
0.20674804208148734,1.0
0.6140473133899813,1.0
0.6523070394866517,0.0
0.5647389086865999,1.0
0.4882025421284002,1.0
0.5362722817233401,1.0
0.8539578024671104,1.0
0.14975008180603355,1.0
0.4673846863901039,1.0
0.0,0.0
0.5624406408507112,1.0
0.6803277726605241,1.0
0.28932884715585594,1.0
0.0,0.0
0.7307270208472181,1.0
0.675369919025159,1.0
0.27568828722679495,1.0
0.6761666428315309,0.0
0.3645298602218716,1.0
0.10634486046464797,1.0
0.0,0.0
0.3815750222993164,0.0
0.5630135544375214,1.0
0.31147210864301034,1.0
0.14857170938567021,1.0
0.16892067167983216,1.0
0.16732392682634067,1.0
0.7685299460501689,1.0
0.40233274741051783,1.0
0.0,0.0
0.0,0.0
0.17783718995674347,1.0
0.0,0.0
0.7187792439107046,1.0
0.0,0.0
0.2748739167800105,1.0
0.11069198628374632,1.0
0.7642886100396691,1.0
0.23077608080843204,1.0
0.7360311627905265,1.0
0.16095127380338115,1.0
0.9026157003854394,1.0
0.6084825383707062,1.0
0.6349470849531205,1.0
0.0,0.0
0.16735606291912042,1.0
0.8029030556169254,1.0
0.32939819120995395,1.0
0.6959815701688727,1.0
0.27926299238477137,1.0
0.40922708574313793,1.0
0.4172863094209487,1.0
0.2730080146429019,1.0
0.14014276258141667,1.0
0.3534080460943372,1.0
0.6007736875378469,1.0
0.10393733751617029,1.0
0.5571387087389597,1.0
0.17196327160714242,1.0
0.15432935598232644,1.0
0.2884507197173791,1.0
0.4020915106333596,1.0
0.17850857059660674,1.0
0.75463413306964,1.0
0.13378682284765064,1.0
0.4838187505119991,1.0
0.19508207619018858,1.0
0.24970831899072765,1.0
0.4286677642510197,1.0
0.18740603870495853,1.0
0.3139946058561893,1.0
0.5480230115112086,1.0
0.13199692831212673,1.0
0.41071229862726133,1.0
0.5542576455977808,1.0
0.17503051380731538,1.0
0.22423418009773677,1.0
0.6746608472021411,1.0
0.8486973069479071,1.0
0.15169609108738014,1.0
0.5788402520079905,1.0
0.8195343739653884,1.0
0.4081887790293601,1.0
0.43132686086641714,1.0
0.7296944272832926,1.0
0.21878440335219684,0.0
0.20188841040694783,1.0
0.7491329229697801,1.0
0.549463413533049,1.0
0.16209471908069517,1.0
0.4805755831113494,1.0
0.09561126742432036,1.0
0.3882553721082691,1.0
0.2306275119021013,1.0
0.9685439311127335,0.0
0.8366517001981331,1.0
0.28466682284076805,1.0
0.9106057590365197,1.0
0.0,0.0
0.6865860126299665,1.0
0.4278027307397747,1.0
0.4493385356416235,1.0
0.7135837558537443,1.0
0.7342653012986133,1.0
0.4204318530858844,1.0
0.2393425133484306,1.0
0.0,0.0
0.643497689537075,1.0
0.49540182821255474,0.0
0.11757419605240038,1.0
0.25040516221213505,1.0
0.6792866738961005,1.0
0.11523978861721718,1.0
0.22765413102184917,1.0
0.18100950169447838,1.0
0.4410685006357209,0.0
0.12027457920387974,1.0
0.3493553320620997,1.0
0.10354450469357168,1.0
0.17129408179168415,0.0
0.45321110188442804,1.0
0.45242101457536377,1.0
0.3935417893818025,1.0
0.43481991029742506,1.0
0.08646760767430006,1.0
0.1565545793316483,1.0
0.18970589513863478,1.0
0.17331542742202366,1.0
0.38590913322092213,1.0
0.7965397531125564,1.0
0.6174263239082602,1.0
0.2907555420197063,1.0
0.49892832522985575,1.0
0.7178577041362089,0.0
0.7107785262486486,1.0
0.0,0.0
0.1781087141310187,1.0
0.47300965906169523,0.0
0.7594283941452886,1.0
0.37835140625582264,1.0
0.9732403193589341,1.0
0.6793833492749486,1.0
0.6071372911555244,1.0
0.4674424031088473,1.0
0.34158834835389706,1.0
0.0,0.0
0.19699379056639632,1.0
0.3557124762491002,1.0
0.8542868712953817,1.0
0.34979697725274317,1.0
0.5438193386733232,1.0
0.22143024598013206,1.0
0.15245143232153113,1.0
0.10289744320498073,1.0
0.3325976971808515,0.0
0.08998093573613675,1.0
0.12953032012993448,1.0
0.18272703299979076,1.0
0.076712605876879,1.0
0.6402691766509045,1.0
0.3974814678788814,1.0
0.51647838529991,1.0
0.3012187293066195,1.0
0.21696969247831,1.0
0.2897056589497571,1.0
0.16878314292790053,1.0
0.23015725394450204,0.0
0.573068638155469,1.0
0.08236622032634244,1.0
0.0961381606937306,1.0
0.2517987406142943,1.0
0.14205552435175806,1.0
0.48454938244806556,1.0
0.2431387278601549,1.0
0.22549756250727393,1.0
0.2949485058277945,1.0
0.6295740050685334,1.0
0.277538519467337,1.0
0.6591742496109543,1.0
0.06491291966675794,0.0
0.41910454161990707,1.0
0.3128785588888312,0.0
0.8805912486062595,1.0
0.2120258891300537,0.0
0.2717116718303978,1.0
0.48027439877598477,0.0
0.16076742362074103,1.0
0.3106414730756768,1.0
0.576077806502509,1.0
0.7738139514161038,1.0
0.33626283036680427,1.0
0.22971278769229597,1.0
0.5002706163326556,1.0
0.6856943530993771,1.0
0.3929175564835874,1.0
0.4405422416049736,1.0
0.15453733324396213,1.0
0.17385438523130814,1.0
0.5853612178409122,1.0
0.484124819685523,1.0
0.7896766285256374,1.0
0.44034606578420865,1.0
0.0,0.0
0.3974293892817573,1.0
0.6588270029423802,1.0
0.521580497219523,1.0
0.9304379858836498,1.0
0.13569664551200988,1.0
0.25390622765956206,1.0
0.37108208281668187,1.0
0.6425632038910609,1.0
0.43212705697941445,1.0
0.10280110595336911,1.0
0.9913306947491032,0.0
0.22827747158427947,1.0
0.3186840734981735,1.0
0.0,0.0
0.668478926951733,1.0
0.802852365542301,0.0
0.39474650271422496,1.0
0.8507959706729684,1.0
0.3326355474238598,1.0
0.4206793412154197,1.0
0.7673175518274351,1.0
0.0,0.0
0.8303465125623308,0.0
0.1848758686044798,1.0
0.0,0.0
0.13912752854986588,1.0
0.0,0.0
0.2792499394729737,1.0
0.2292647751056074,1.0
0.2195333731887974,1.0
0.17445969400839578,1.0
0.40898830288938903,0.0
0.2891129229037759,1.0
0.6222693463327555,1.0
0.7034410601675001,1.0
0.1326140095191679,1.0
0.06478227050360852,1.0
0.4489461129733656,1.0
0.200835021017574,1.0
0.13245397929995661,0.0
0.3499343939625139,1.0
0.12320827314997818,1.0
0.0,0.0
0.1429868858221477,1.0
0.07761207734709341,1.0
0.29747040281510895,1.0
0.4016349338239631,1.0
0.4691544443482538,1.0
0.16642439133203402,1.0
0.5909218122870414,1.0
0.7281088496320081,1.0
0.903602367667351,1.0
0.5501895727860497,1.0
0.5734491393376837,1.0
0.23422555284130864,0.0
0.0,0.0
0.4183317828315478,1.0
0.6884807346119537,1.0
0.280724709427433,1.0
0.18616085614400646,1.0
0.3008632725485967,1.0
0.12519776479369416,1.0
0.7175193508141922,1.0
0.06679860424798001,1.0
0.17897315541941117,1.0
0.10342228270155829,1.0
0.18671350810638687,1.0
0.7627005944709988,1.0
0.33754136147678215,1.0
0.22007888446414503,1.0
0.5345330012338314,1.0
0.38388288974752927,1.0
0.09560283825243188,1.0
0.587515766595454,1.0
0.8131919773278766,1.0
0.12708150864462153,1.0
0.4143386922355492,1.0
0.12912475951788194,1.0
0.2826324152952431,1.0
0.0,0.0
0.3693985503050814,1.0
0.4518300061794953,1.0
0.42757208194686447,1.0
0.8005095489427574,1.0
0.541057959569128,1.0
0.3552691414226481,1.0
0.638054761368648,1.0
0.15134039523938814,1.0
0.470721841158106,1.0
0.3060677479874996,1.0
0.1811305382404096,1.0
0.3236039848558976,1.0
0.6722121017416733,0.0
0.10489317519693353,1.0
0.0,0.0
0.8508562043388364,1.0
0.47436347950297364,1.0
0.7023645890925105,1.0
0.22923611932246502,1.0
0.17217570554582107,1.0
0.3012615184081153,1.0
0.5704692500083088,1.0
0.4071533644038716,1.0
0.0,0.0
0.13964895976391034,0.0
0.11675172755832852,1.0
0.35902941540998956,0.0
0.19970828202681856,1.0
0.6365346203410995,1.0
0.2150537455093815,1.0
0.3474494418775289,1.0
0.30466918170840795,1.0
0.5845888351940944,1.0
0.25774108871394175,1.0
0.4213750920257544,1.0
0.03781439051733715,0.0
0.1542899721622346,1.0
0.04537314086753552,0.0
0.4011946641509252,1.0
0.5979071248531751,1.0
0.47876184660411525,1.0
0.40182890081354694,1.0
0.0,0.0
0.4859823826846217,1.0
0.06643358989344339,1.0
0.32736589745984856,1.0
0.8018236354321897,1.0
0.2479418372654214,1.0
0.5095643245457624,1.0
0.9587133308676923,1.0
0.07438497399132782,1.0
0.0,0.0
0.152083358815839,1.0
0.0,0.0
0.5203152971259932,1.0
0.3810613780154859,1.0
0.3842524328062127,1.0
0.37214850811145395,1.0
0.7193428860086621,1.0
0.4381557625753012,1.0
0.5457522260168979,1.0
0.22214327929385513,1.0
0.2089216470068469,1.0
0.3119421795302153,1.0
0.37846952870518225,1.0
0.7447501727452535,1.0
0.6888347538290307,1.0
0.1699350733981846,1.0
0.490156603439718,1.0
0.08786675817323397,1.0
0.15147185770858407,1.0
0.2815460024791867,1.0
0.23417473671925304,1.0
0.13598968778352338,1.0
0.0,0.0
0.3451572023100722,1.0
0.6725027231022005,1.0
0.1823970758372404,1.0
0.2623366310119133,1.0
0.26267548152102105,1.0
0.4588522846558636,1.0
0.6604252983793546,1.0
0.19336964580434657,1.0
0.7059958985506287,1.0
0.3363826904700411,1.0
0.7910891870700056,1.0
0.07354264802490906,1.0
0.0,0.0
0.6286483367404672,1.0
0.25528388607104446,1.0
0.3219556856025365,1.0
0.25822496079452195,1.0
0.09949450168148832,1.0
0.8994842610279403,1.0
0.6935404925938222,1.0
0.45781652790163285,1.0
0.0,0.0
0.29256821712753656,1.0
0.1044163627728949,1.0
0.891575401932172,1.0
0.2850803184387485,1.0
0.47953473043952943,1.0
0.6503416699200493,1.0
0.570937941376402,1.0
0.14741166386169935,1.0
0.4873164596964674,1.0
0.18239225802430248,1.0
0.6037547152956111,1.0
0.38258221230390754,1.0
0.8101155086557914,1.0
0.6988428488651852,1.0
0.6751332329604298,1.0
0.5462066310090421,1.0
0.5412303224290995,1.0
0.4448414854061169,1.0
0.44793856183287906,1.0
0.2755870081155667,1.0
0.080645601859334,1.0
0.4512253306406948,1.0
0.2381692448486672,1.0
0.19430717659624586,1.0
0.32993592555885165,1.0
0.30020206073525246,1.0
0.32863087046792616,1.0
0.6465565425804165,1.0
0.24217599858609162,1.0
0.0,0.0
0.7500077921821902,1.0
0.3519298788614855,1.0
0.0,0.0
0.11920351516355243,1.0
0.870832274313992,1.0
0.31130160448246524,1.0
0.40339529024432386,0.0
0.5507216550080578,1.0
0.0010435326803044376,0.0
0.25500022032790914,1.0
0.5999251912495418,1.0
0.7255920075468478,0.0
0.1760538738966937,1.0
0.6533994085440353,1.0
0.23237605287632146,1.0
0.10860353140026247,1.0
0.44286551284961995,1.0
0.7497668215051658,1.0
0.4070625302230604,1.0
0.0,0.0
0.7055598704736994,0.0
0.2881352239966546,0.0
0.6939099066039449,1.0
0.34386452787797595,1.0
0.23319007419172832,1.0
0.24908976222843693,1.0
0.22832861783056124,1.0
0.4587408647286564,1.0
0.5325610581936373,1.0
0.16545692527552447,1.0
0.1684093752795084,1.0
0.9055110499025676,1.0
0.789074189828558,1.0
0.1034444490427302,1.0
0.34556270690104407,1.0
0.5047769150483554,1.0
0.1882509676508759,1.0
0.6956917200985813,1.0
0.22050294603809117,1.0
0.12445628077399906,1.0
0.5322622957696357,1.0
0.5822269594226039,1.0
0.0,0.0
0.35826059410330036,1.0
0.26381181312146573,1.0
0.16769577475234376,0.0
0.4194409001913013,1.0
0.6549843489555274,1.0
0.4913552174769813,1.0
0.0,0.0
0.2930150282621198,1.0
0.2208816785547585,1.0
0.352214438941159,1.0
0.31744493521167527,1.0
0.5964620640782505,1.0
0.2151939902833493,1.0
0.3145471657839374,0.0
0.48513651938710867,1.0
0.21694931881171975,1.0
0.6954741142137046,1.0
0.07362346643679674,1.0
0.38625101787177396,1.0
0.38142639337039874,1.0
0.8739447405319174,1.0
0.2690708410884306,1.0
0.6530355406209001,1.0
0.5310881689468867,1.0
0.18526853136308352,1.0
0.09906263917205793,1.0
0.07820948815218198,1.0
0.37496174172845054,1.0
0.6179543315970255,1.0
0.3992135226493594,1.0
0.2937935022010847,1.0
0.40387240178091766,1.0
0.2665153094444288,1.0
0.3186281474532584,1.0
0.1188995217711426,1.0
0.30924129118863286,1.0
0.1291488905983833,1.0
0.4525274736358016,1.0
0.3052726437905857,1.0
0.10143963563344904,1.0
0.588030944456368,1.0
0.16707454398382682,1.0
0.3815534341757272,1.0
0.11198443162963789,1.0
0.4341709400905853,1.0
0.8353109836878505,1.0
0.0,0.0
0.11546020255876277,1.0
0.2562396267152933,1.0
0.8299133685706797,1.0
0.6731693249438071,1.0
0.1584059620050966,1.0
0.18471898556955058,1.0
0.9253482056044207,1.0
0.37027250317267146,1.0
0.0996089947651213,1.0
0.8704377968725252,1.0
0.16696913531865132,1.0
0.4207996734963366,1.0
0.23828765640681837,1.0
0.6529207864390161,1.0
0.3802921895706435,1.0
0.4536531992452226,1.0
0.5008298777821794,1.0
0.17341927049806927,1.0
0.5390391668994652,1.0
0.20484040824078065,1.0
0.5073889219439387,1.0
0.5519972460116769,1.0
0.2968522542064056,1.0
0.17349242802717413,1.0
0.7367982744538786,1.0
0.7627303706757549,1.0
0.3732400718658031,1.0
0.31691048109712616,1.0
0.25058212280222847,1.0
0.2726599686735516,1.0
0.0,0.0
0.5791591890236703,0.0
0.8706654055214322,1.0
0.5585755694282,1.0
0.15358190271641048,1.0
0.8378257249824852,1.0
0.15762358359688378,1.0
0.1348369560117102,1.0
0.2220424193403554,1.0
0.28616529171310656,1.0
0.2587410680051492,1.0
0.05787699505536237,1.0
0.1379137378016213,1.0
0.1258097951000865,1.0
0.45743887979302755,1.0
0.2090514208406109,1.0
0.11524816977103658,1.0
0.3577901490753068,1.0
0.46162530814182867,0.0
0.7053087689844602,1.0
0.12564716790363484,1.0
0.4033068679711107,1.0
0.12962952045891907,1.0
0.28602786700032423,1.0
0.21336953374217726,1.0
0.26109374031338595,1.0
0.8361683943306182,1.0
0.3938165987923088,1.0
0.5515467905057205,1.0
0.5564701671674346,1.0
0.10974725478222735,1.0
0.5872079977823574,1.0
0.9546582869587246,0.0
0.4791414714565674,1.0
0.5894377578388368,1.0
0.5504209018349395,1.0
0.6451501713643344,1.0
0.1261446651113367,1.0
0.40985096050658765,1.0
0.8522848179247005,0.0
0.3923469167524267,1.0
0.10473679235022448,1.0
0.10471435190590794,1.0
0.32222808410582093,1.0
0.7649375872491446,0.0
0.9821869149539104,0.0
0.4194567421526152,1.0
0.11464831704705647,1.0
0.732611296898412,0.0
0.23708703461403813,1.0
0.5004588081490478,1.0
0.0864348693549033,1.0
0.09730407842740796,1.0
0.41517965869038553,1.0
0.09559698304912434,1.0
0.4660885726638049,1.0
0.14756997943569194,1.0
0.21999573617552715,1.0
0.0,0.0
0.613572853851331,1.0
0.5835413880407785,1.0
0.0,0.0
0.3274250007003383,1.0
0.0,0.0
0.16567268246473876,1.0
0.15506163953989738,1.0
0.8330732936473262,1.0
0.23136602180263832,1.0
0.6876990214540739,1.0
0.46565794161777285,1.0
0.11549176543584183,1.0
0.11590985476243709,1.0
0.6028530199885687,1.0
0.35161514442723263,1.0
0.07280074484748544,1.0
0.4570025436001539,1.0
0.1706060828983884,1.0
0.6601056741050599,1.0
0.5648950144290348,1.0
0.1420366392453114,1.0
0.5733838827817066,1.0
0.19885937058229075,1.0
0.17983163746534636,1.0
0.20998166389014017,1.0
0.36198220554196325,1.0
0.28609560248912125,1.0
0.05962197969133598,1.0
0.3374625238102471,1.0
0.0,0.0
0.3271952372405784,1.0
0.21943601255208733,1.0
0.06699137578771763,1.0
0.40776958828830345,1.0
0.2716525045658158,1.0
0.3833982123639146,1.0
0.0,0.0
0.38570448221095166,1.0
0.10342895021053522,1.0
0.30363128414859375,1.0
0.7703795700618348,1.0
0.3182466879104138,1.0
0.0738481009665457,1.0
0.0,0.0
0.5122117107545452,1.0
0.18483959495474211,1.0
0.30821295822796824,1.0
0.24606498400741694,1.0
0.39779186668164046,1.0
0.9001160927855989,1.0
0.7707098063294122,1.0
0.4700108656187214,1.0
0.12992341305040744,1.0
0.06693198443881254,1.0
0.2828277578024334,1.0
0.1186192403015065,1.0
0.10425128465416389,1.0
0.2047089727817486,1.0
0.4026996674821741,1.0
0.0,0.0
0.10151065335734755,1.0
0.8355746208942678,1.0
0.5464473055746404,1.0
0.29119737928262657,1.0
0.7967409358174073,1.0
0.6319561374625708,1.0
0.0622604565475382,0.0
0.1978039494283661,1.0
0.28283865090149574,1.0
0.1590117959798154,1.0
0.5998164003116209,1.0
0.0,0.0
0.2545936953529675,1.0
0.26200823543698704,1.0
0.3049487269009843,1.0
0.0,0.0
0.7758794176489818,0.0
0.10069585274869342,1.0
0.13160378837396136,1.0
0.801114676651709,1.0
0.3325101262279895,1.0
0.8892707997126612,1.0
0.24379051912855765,1.0
0.4095954523591274,1.0
0.7162924061161293,1.0
0.43100672339900825,1.0
0.24698353365673142,1.0
0.3510864804915226,1.0
0.48800225576084033,1.0
0.7572794825119895,1.0
0.149418422002781,1.0
0.8563211327859461,1.0
0.4275992691773922,1.0
0.24568914357903981,1.0
0.43420972668594215,1.0
0.14857783769174526,1.0
0.3102698812460427,1.0
0.6311806016292127,1.0
0.4440916212329782,1.0
0.519309762744411,1.0
0.24947210110217233,1.0
0.30161615985933876,1.0
0.6186591918352282,0.0
0.0,0.0
0.3056966263347931,1.0
0.22532330593469974,1.0
0.14167563339917244,1.0
0.540929480222478,1.0
0.2271642496799906,1.0
0.05638235362328592,1.0
0.7694226159609632,1.0
0.2947743182811946,1.0
0.6754371153110541,1.0
0.0,0.0
0.6777952926908442,1.0
0.4244334578857689,1.0
0.7847599994030152,1.0
0.13636583632784438,1.0
0.36691854808272506,1.0
0.62563042110183,1.0
0.3917059025394196,1.0
0.22789506768607515,1.0
0.288358126874785,1.0
0.4973209213653891,1.0
0.26849583371373065,1.0
0.1422052366883606,1.0
0.16296937421254665,1.0
0.7324788700663265,1.0
0.32523936524790376,1.0
0.46536763937732983,1.0
0.749586799763164,1.0
0.5074332956417167,1.0
0.47334004238460947,1.0
0.46354242255006284,1.0
0.10645519098191114,1.0
0.2831908144202755,1.0
0.5711370442986325,1.0
0.4046182194313537,1.0
0.0,0.0
0.48084694822577,1.0
0.1819144542272113,1.0
0.4017228809183666,1.0
0.3605929677731803,1.0
0.8933283875789173,1.0
0.5809202597128098,1.0
0.2629725723159897,1.0
0.452815433994997,1.0
0.2467094795304381,1.0
0.4637578126011239,1.0
0.4709686530331676,1.0
0.26398982910870394,1.0
0.5368793061460231,1.0
0.3868570249116172,1.0
0.5284921390634372,1.0
0.19932063315493576,1.0
0.604227724288422,1.0
0.016947542343236144,0.0
0.5993702594292531,1.0
0.2401512506754777,1.0
0.18677068362147597,0.0
0.43229483911566424,1.0
0.19919426660332862,1.0
0.35789955524473926,1.0
0.6943822313392705,1.0
0.17068284778493892,1.0
0.35325061585349493,1.0
0.33809043009075257,1.0
0.1289942904224919,1.0
0.7426791794325411,1.0
0.14590286310148226,1.0
0.6095741271344663,1.0
0.5054886378689414,1.0
0.6656527374594532,1.0
0.43892704980991626,0.0
0.7689907764601913,1.0
0.1413426731065477,1.0
0.14427365303136197,1.0
0.6259730110180732,1.0
0.4008418223769188,1.0
0.5181426695684159,1.0
0.23590649337755165,1.0
0.7825419957704662,1.0
0.28413008086529956,1.0
0.44209038016796676,1.0
0.27940971159506356,1.0
0.2873554295607885,1.0
0.656656900334939,1.0
0.5882517245356911,1.0
0.7943268684062543,1.0
0.3141056476411017,1.0
0.30883881373677013,1.0
0.15441176999463702,1.0
0.3410845607791364,1.0
0.10247613866850491,1.0
0.5569544073865451,1.0
0.13906164875936655,1.0
0.2645146876124338,1.0
0.6270671897564384,1.0
0.11902860334440968,1.0
0.6031131988936305,1.0
0.5619775956072495,1.0
0.4805465761960761,1.0
0.4443714415290758,1.0
0.45781244236424934,1.0
0.4263119137468312,1.0
0.0,0.0
0.2468388882268009,1.0
0.2697395137092693,1.0
0.1464968546198966,1.0
0.2345114074080965,1.0
0.3219346696942713,1.0
0.5382149117330703,1.0
0.3190615825544536,1.0
0.0,0.0
0.21419053068250538,1.0
0.3890728847374536,1.0
0.8532060925994385,1.0
0.6637814212850484,1.0
0.4395651979444213,1.0
0.43860982743945565,1.0
0.6732657532296744,1.0
0.42255754598199546,1.0
0.4461913663649719,1.0
0.7691163427106456,1.0
0.04411650199558448,0.0
0.6202090140317713,1.0
0.0902868348456658,1.0
0.22541236644808205,1.0
0.613729605836947,1.0
0.5045098735609108,1.0
0.6046982583499187,1.0
0.4516945632124423,1.0
0.5589102073521164,1.0
0.176147283046463,0.0
0.14412839637142616,1.0
0.9996781228779605,0.0
0.2509637113936338,1.0
0.13979928833240018,1.0
0.16043205042014108,1.0
0.0,0.0
0.0,0.0
0.351312848673643,1.0
0.7349399181562619,0.0
0.18198689148527913,1.0
0.740138733465264,1.0
0.2800782211545423,1.0
0.6109420928986156,1.0
0.7303528030294273,1.0
0.6750792356412925,1.0
0.3701344272148268,1.0
0.23544520379474276,1.0
0.09799409708073759,1.0
0.13398132503863058,1.0
0.35929642988726984,1.0
0.7318566089100758,1.0
0.8522573475876398,1.0
0.3191084792016148,1.0
0.2183950658448821,1.0
0.2273460360860331,1.0
0.11009862800361914,1.0
0.10777091908908254,1.0
0.7964772956098605,1.0
0.31811002348372686,1.0
0.20645720664040157,1.0
0.8885798307017132,0.0
0.5601644263134573,1.0
0.0,0.0
